wavelength,absorption_coeff,scattering_coeff
3.000000000000000000e+02,1.432523984300950459e-01,3.655724741084912743e+00
3.022022022022022156e+02,1.464278955211509303e-01,3.650879838186293025e+00
3.044044044044044313e+02,1.496447522562579513e-01,3.646005991996712936e+00
3.066066066066065900e+02,1.529026156117495872e-01,3.641103335637938088e+00
3.088088088088088057e+02,1.562011007221749681e-01,3.636172002891131960e+00
3.110110110110110213e+02,1.595397904889591656e-01,3.631212128190782096e+00
3.132132132132132369e+02,1.629182352121800459e-01,3.626223846618603641e+00
3.154154154154153957e+02,1.663359522463923879e-01,3.621207293897418023e+00
3.176176176176176114e+02,1.697924256814183630e-01,3.616162606385011191e+00
3.198198198198198270e+02,1.732871060490079884e-01,3.611089921067969222e+00
3.220220220220220426e+02,1.768194100562580640e-01,3.605989375555489485e+00
3.242242242242242014e+02,1.803887203466576772e-01,3.600861108073174055e+00
3.264264264264264170e+02,1.839943852896114840e-01,3.595705257456797366e+00
3.286286286286286327e+02,1.876357187992661324e-01,3.590521963146060092e+00
3.308308308308308483e+02,1.913120001834471562e-01,3.585311365178313725e+00
3.330330330330330071e+02,1.950224740234833276e-01,3.580073604182273606e+00
3.352352352352352227e+02,1.987663500856726162e-01,3.574808821371706635e+00
3.374374374374374383e+02,2.025428032651115928e-01,3.569517158539102120e+00
3.396396396396396540e+02,2.063509735625845554e-01,3.564198758049324844e+00
3.418418418418418696e+02,2.101899660951718762e-01,3.558853762833245948e+00
3.440440440440440284e+02,2.140588511412067907e-01,3.553482316381362693e+00
3.462462462462462440e+02,2.179566642201737903e-01,3.548084562737390701e+00
3.484484484484484597e+02,2.218824062081032333e-01,3.542660646491849530e+00
3.506506506506506753e+02,2.258350434889821456e-01,3.537210712775625154e+00
3.528528528528528341e+02,2.298135081426573856e-01,3.531734907253516020e+00
3.550550550550550497e+02,2.338166981696692681e-01,3.526233376117766216e+00
3.572572572572572653e+02,2.378434777534073064e-01,3.520706266081581326e+00
3.594594594594594810e+02,2.418926775599406775e-01,3.515153724372629185e+00
3.616616616616616966e+02,2.459630950758252554e-01,3.509575898726525089e+00
3.638638638638638554e+02,2.500534949841455856e-01,3.503972937380305019e+00
3.660660660660660710e+02,2.541626095790024409e-01,3.498344989065881538e+00
3.682682682682682866e+02,2.582891392186033586e-01,3.492692203003490370e+00
3.704704704704704454e+02,2.624317528170706515e-01,3.487014728895118765e+00
3.726726726726726611e+02,2.665890883750227647e-01,3.481312716917925432e+00
3.748748748748748767e+02,2.707597535489368878e-01,3.475586317717645812e+00
3.770770770770770923e+02,2.749423262592481931e-01,3.469835682401986254e+00
3.792792792792793080e+02,2.791353553370840013e-01,3.464060962534005750e+00
3.814814814814814667e+02,1.208661269481344558e+00,1.104250696456849662e-12
3.836836836836836824e+02,1.254054696374016009e+00,1.223851154018062276e-12
3.858858858858858980e+02,1.300522087820406458e+00,1.356142335266937333e-12
3.880880880880880568e+02,1.348057343785529216e+00,1.502441939009521936e-12
3.902902902902902724e+02,1.396652558156205703e+00,1.664201366692453758e-12
3.924924924924924881e+02,1.446297968347911800e+00,1.843018959410453112e-12
3.946946946946947037e+02,1.496981907663593514e+00,2.040654511323980979e-12
3.968968968968969193e+02,1.548690760644639397e+00,2.259045179115275846e-12
3.990990990990991349e+02,1.601408921652497597e+00,2.500322917978591335e-12
4.013013013013012937e+02,1.655118756916683420e+00,2.766833586467537925e-12
4.035035035035035094e+02,1.709800570281151177e+00,3.061157875379563052e-12
4.057057057057057250e+02,1.765432572876190598e+00,3.386134229842256587e-12
4.079079079079078838e+02,1.821990856937159453e+00,3.744883948964297122e-12
4.101101101101100994e+02,1.879449373984420024e+00,4.140838663932566546e-12
4.123123123123123150e+02,1.937779917570797039e+00,4.577770413384061828e-12
4.145145145145145307e+02,1.996952110793873691e+00,5.059824554376690516e-12
4.167167167167167463e+02,2.056933398760199871e+00,5.591555768453509304e-12
4.189189189189189051e+02,2.117689046177332557e+00,6.177967445281625593e-12
4.211211211211211207e+02,2.179182140237372778e+00,6.824554751296399170e-12
4.233233233233233364e+02,2.241373598942355105e+00,7.537351717856869879e-12
4.255255255255255520e+02,2.304222185007659629e+00,8.322982712793000555e-12
4.277277277277277108e+02,2.367684525464324174e+00,9.188718691085703654e-12
4.299299299299299264e+02,2.431715137065065591e+00,1.014253865497134593e-11
4.321321321321321420e+02,2.496266457581761689e+00,1.119319679121480166e-11
4.343343343343343577e+02,2.561288883064375632e+00,1.235029579389804936e-11
4.365365365365365733e+02,2.626730811112658159e+00,1.362436692505004148e-11
4.387387387387387321e+02,2.692538690192706419e+00,1.502695741311202453e-11
4.409409409409409477e+02,2.758657075010508830e+00,1.657072584082924367e-11
4.431431431431431633e+02,2.825028687934094229e+00,1.826954623005717959e-11
4.453453453453453221e+02,2.891594486434938105e+00,2.013862159145773185e-11
4.475475475475475378e+02,2.958293736497861648e+00,2.219460777253351019e-11
4.497497497497497534e+02,3.025064091926913612e+00,2.445574850828704133e-11
4.519519519519519690e+02,3.091841679452800751e+00,2.694202265541326608e-11
4.541541541541541847e+02,3.158561189525283641e+00,2.967530467379971494e-11
4.563563563563564003e+02,3.225155972651798653e+00,3.267953950869896699e-11
4.585585585585585591e+02,3.291558141121450731e+00,3.598093312377120667e-11
4.607607607607607747e+02,3.357698675931548138e+00,3.960816003984119008e-11
4.629629629629629335e+02,3.423507538712068587e+00,4.359258934726291607e-11
4.651651651651651491e+02,3.488913788422139284e+00,4.796853078188832012e-11
4.673673673673673647e+02,3.553845702571558185e+00,5.277350258648981570e-11
4.695695695695695804e+02,3.618230902700063645e+00,5.804852302179957243e-11
4.717717717717717960e+02,3.681996483827273181e+00,6.383842754498748061e-11
4.739739739739740116e+02,3.745069147567183787e+00,7.019221383907696576e-11
4.761761761761761704e+02,3.807375338582990043e+00,7.716341705567713593e-11
4.783783783783783861e+02,3.868841384040744291e+00,8.481051782613758655e-11
4.805805805805806017e+02,3.929393635704157006e+00,9.319738580419810496e-11
4.827827827827827605e+02,3.988958614297814620e+00,1.023937617272264090e-10
4.849849849849849761e+02,4.047463155752190289e+00,1.124757812246452937e-10
4.871871871871871917e+02,4.104834558931230504e+00,1.235265438622621051e-10
4.893893893893894074e+02,4.161000734432139581e+00,1.356367311914359500e-10
4.915915915915916230e+02,4.215890354037133747e+00,1.489052778736877957e-10
4.937937937937938386e+02,4.269433000388705324e+00,1.634401002761639534e-10
4.959959959959959974e+02,4.321559316453167376e+00,1.793588872828960526e-10
4.981981981981982130e+02,4.372201154332167938e+00,1.967899584428773998e-10
5.004004004004003718e+02,4.421291722978325289e+00,2.158731949805428922e-10
5.026026026026025875e+02,4.468765734369442910e+00,2.367610496292446637e-10
5.048048048048048031e+02,4.514559547695601083e+00,2.596196417160922438e-10
5.070070070070070187e+02,4.558611311115148723e+00,2.846299444291318897e-10
5.092092092092092344e+02,4.600861100639031420e+00,3.119890717382128012e-10
5.114114114114114500e+02,4.641251055708035977e+00,3.419116730209590392e-10
5.136136136136136656e+02,4.679725511034479091e+00,3.746314440687875736e-10
5.158158158158157676e+02,4.716231124288522203e+00,4.104027638167689659e-10
5.180180180180179832e+02,4.750716999219675607e+00,4.495024668598310475e-10
5.202202202202201988e+02,4.783134803816068370e+00,4.922317625882058964e-10
5.224224224224224145e+02,4.813438883117855838e+00,5.389183126024331004e-10
5.246246246246246301e+02,4.841586366316354528e+00,5.899184789549851132e-10
5.268268268268268457e+02,4.867537267787408695e+00,6.456197567168114322e-10
5.290290290290290613e+02,4.891254581725775097e+00,7.064434053867032786e-10
5.312312312312312770e+02,4.912704370067119797e+00,7.728472947540978360e-10
5.334334334334334926e+02,4.931855843405257289e+00,8.453289819967635627e-10
5.356356356356357082e+02,4.948681434634590204e+00,9.244290380487731094e-10
5.378378378378378102e+02,4.963156865071241874e+00,1.010734642617223936e-09
5.400400400400400258e+02,4.975261202830872698e+00,1.104883468663712430e-09
5.422422422422422414e+02,4.984976913266708110e+00,1.207567878705306071e-09
5.444444444444444571e+02,4.992289901297648491e+00,1.319539456936197508e-09
5.466466466466466727e+02,4.997189545483456286e+00,1.441613902932235279e-09
5.488488488488488883e+02,4.999668723731682363e+00,1.574676314583930436e-09
5.510510510510511040e+02,4.999723830549259063e+00,1.719686889917003473e-09
5.532532532532532059e+02,4.997354785780260933e+00,1.877687079611606210e-09
5.554554554554554215e+02,4.992565034800192869e+00,2.049806224330800558e-09
5.576576576576576372e+02,4.985361540166146632e+00,2.237268713425321324e-09
5.598598598598598528e+02,4.975754764751142645e+00,2.441401704204999517e-09
5.620620620620620684e+02,4.963758646419867304e+00,2.663643443767694921e-09
5.642642642642642841e+02,4.949390564331569209e+00,2.905552238366159690e-09
5.664664664664664997e+02,4.932671296984189269e+00,3.168816118482734352e-09
5.686686686686687153e+02,4.913624972141474423e+00,3.455263251184682407e-09
5.708708708708709310e+02,4.892279008811994068e+00,3.766873154961330064e-09
5.730730730730731466e+02,4.868664051475354526e+00,4.105788776113261614e-09
5.752752752752753622e+02,4.842813896776464233e+00,4.474329489887162844e-09
5.774774774774774642e+02,4.814765412933287081e+00,4.875005093943703458e-09
5.796796796796796798e+02,4.784558452127064321e+00,5.310530866426553502e-09
5.818818818818818954e+02,4.752235756166392378e+00,5.783843765884398635e-09
5.840840840840841111e+02,4.717842855737634622e+00,6.298119855605538019e-09
5.862862862862863267e+02,4.681427963574013695e+00,6.856793040571729201e-09
5.884884884884884286e+02,4.643041861894076305e+00,7.463575211247782051e-09
5.906906906906906443e+02,4.602737784477187510e+00,8.122477894816901181e-09
5.928928928928928599e+02,4.560571293759079659e+00,8.837835521268176710e-09
5.950950950950950755e+02,4.516600153344219493e+00,9.614330418971521717e-09
5.972972972972972912e+02,4.470884196343968497e+00,1.045701966205480523e-08
5.994994994994995068e+02,4.423485189959896147e+00,1.137136390005957842e-08
6.017017017017017224e+02,4.374466696740379135e+00,1.236325830901979830e-08
6.039039039039039380e+02,4.323893932945613194e+00,1.343906581231231035e-08
6.061061061061061537e+02,4.271833624461407908e+00,1.460565272940015496e-08
6.083083083083083693e+02,4.218353860705643221e+00,1.587042702095664361e-08
6.105105105105105849e+02,4.163523946973014311e+00,1.724137930986301920e-08
6.127127127127128006e+02,4.107414255663689673e+00,1.872712686923660902e-08
6.149149149149149025e+02,4.050096076839820647e+00,2.033696078102097891e-08
6.171171171171171181e+02,3.991641468550399363e+00,2.208089648178140930e-08
6.193193193193193338e+02,3.932123107360014025e+00,2.396972792624322461e-08
6.215215215215215494e+02,3.871614139510235031e+00,2.601508561383378098e-08
6.237237237237237650e+02,3.810188033134306096e+00,2.822949873907403949e-08
6.259259259259258670e+02,3.747918431936000161e+00,3.062646174316983058e-08
6.281281281281280826e+02,3.684879010732369675e+00,3.322050556162200063e-08
6.303303303303302982e+02,3.621143333247651697e+00,3.602727388114682857e-08
6.325325325325325139e+02,3.556784712531668280e+00,3.906360473875468521e-08
6.347347347347347295e+02,3.491876074361168758e+00,4.234761781649331009e-08
6.369369369369369451e+02,3.426489823966324622e+00,4.589880780721416095e-08
6.391391391391391608e+02,3.360697716407440971e+00,4.973814424980142264e-08
6.413413413413413764e+02,3.294570730908830569e+00,5.388817825669483321e-08
6.435435435435435920e+02,3.228178949437796597e+00,5.837315658228759770e-08
6.457457457457458077e+02,3.161591439796970882e+00,6.321914350796732053e-08
6.479479479479480233e+02,3.094876143477860442e+00,6.845415104826829547e-08
6.501501501501502389e+02,3.028099768502543476e+00,7.410827801286623877e-08
6.523523523523523409e+02,2.961327687459064606e+00,8.021385849108218141e-08
6.545545545545545565e+02,2.894623840914353430e+00,8.680562035922279628e-08
6.567567567567567721e+02,2.828050646366569332e+00,9.392085444655852018e-08
6.589589589589589878e+02,2.761668912876560356e+00,1.015995950331412458e-07
6.611611611611612034e+02,2.695537761496050955e+00,1.098848123920187600e-07
6.633633633633633053e+02,2.629714551588016480e+00,1.188226181298809702e-07
6.655655655655655210e+02,2.564254813112705644e+00,1.284624841238150522e-07
6.677677677677677366e+02,2.499212184931104197e+00,1.388574758977524726e-07
6.699699699699699522e+02,2.434638359156107157e+00,1.500645013305230066e-07
6.721721721721721678e+02,2.370583031560753007e+00,1.621445756382054913e-07
6.743743743743743835e+02,2.307093858032303935e+00,1.751631036268669767e-07
6.765765765765765991e+02,2.244216417040987732e+00,1.891901802678891844e-07
6.787787787787788147e+02,2.181994178072911961e+00,2.043009107070151340e-07
6.809809809809810304e+02,2.120468475958031007e+00,2.205757508801499989e-07
6.831831831831832460e+02,2.059678491006166734e+00,2.381008699738951334e-07
6.853853853853854616e+02,1.999661234847073255e+00,2.569685360369772637e-07
6.875875875875876773e+02,1.940451541854329109e+00,2.772775261202541981e-07
6.897897897897898929e+02,1.882082066017610078e+00,2.991335623979275650e-07
6.919919919919919948e+02,1.824583283113581089e+00,3.226497758012253245e-07
6.941941941941942105e+02,1.767983498012315469e+00,3.479471987781621697e-07
6.963963963963964261e+02,1.712308856943919988e+00,3.751552888792106560e-07
6.985985985985986417e+02,1.657583364538674164e+00,4.044124849591222107e-07
7.008008008008007437e+02,1.603828905443904995e+00,4.358667978795641734e-07
7.030030030030029593e+02,1.551065270311601463e+00,4.696764376962647885e-07
7.052052052052051749e+02,1.499310185942788642e+00,5.060104794176706823e-07
7.074074074074073906e+02,1.448579349367604463e+00,5.450495695304170064e-07
7.096096096096096062e+02,1.398886465634185727e+00,5.869866755998184402e-07
7.118118118118118218e+02,1.350243289074578801e+00,6.320278813717099981e-07
7.140140140140140375e+02,1.302659667812072541e+00,6.803932299252723021e-07
7.162162162162162531e+02,1.256143591271585258e+00,7.323176175551276262e-07
7.184184184184184687e+02,1.210701240452945138e+00,7.880517411953723661e-07
7.206206206206206843e+02,1.166337040726101559e+00,8.478631023381372990e-07
7.228228228228229000e+02,1.123053716907450816e+00,9.120370705454416968e-07
7.250250250250251156e+02,1.080852350377506488e+00,9.808780098051915941e-07
7.272272272272273312e+02,1.039732438002082038e+00,1.054710471140686681e-06
7.294294294294294332e+02,9.996919526219101293e-01,1.133880455048169277e-06
7.316316316316316488e+02,9.607274048791708543e-01,1.218756747508661279e-06
7.338338338338338644e+02,9.228339061537347288e-01,1.309732333499054245e-06
7.360360360360360801e+02,8.860052323868765622e-01,1.407225892113483525e-06
7.382382382382381820e+02,8.502338885759191944e-01,1.511683377598960729e-06
7.404404404404403977e+02,8.155111737294913343e-01,1.623579690810272588e-06
7.426426426426426133e+02,7.818272460799337020e-01,1.743420445797384379e-06
7.448448448448448289e+02,7.491711883566307684e-01,1.871743836455258182e-06
7.470470470470470445e+02,7.175310729318808978e-01,2.009122608390366798e-06
7.492492492492492602e+02,6.868940266590346511e-01,2.156166141391187867e-06
7.514514514514514758e+02,2.220614960139642990e-01,2.274169832989189732e+00
7.536536536536536914e+02,2.181345088291385126e-01,2.266644471440327990e+00
7.558558558558559071e+02,2.142354043177218670e-01,2.259122099544339957e+00
7.580580580580581227e+02,2.103651831750630030e-01,2.251602853061362541e+00
7.602602602602603383e+02,2.065248114591538842e-01,2.244086867209533320e+00
7.624624624624625540e+02,2.027152204736085428e-01,2.236574276661559502e+00
7.646646646646647696e+02,1.989373066861633010e-01,2.229065215541321088e+00
7.668668668668668715e+02,1.951919316821445483e-01,2.221559817420515337e+00
7.690690690690690872e+02,1.914799221523114936e-01,2.214058215315332312e+00
7.712712712712713028e+02,1.878020699144499761e-01,2.206560541683178833e+00
7.734734734734735184e+02,1.841591319680539740e-01,2.199066928419432632e+00
7.756756756756756204e+02,1.805518305814045876e-01,2.191577506854236912e+00
7.778778778778778360e+02,1.769808534103226860e-01,2.184092407749332221e+00
7.800800800800800516e+02,1.734468536478464551e-01,2.176611761294930947e+00
7.822822822822822673e+02,1.699504502040519727e-01,2.169135697106623795e+00
7.844844844844844829e+02,1.664922279152165618e-01,2.161664344222329781e+00
7.866866866866866985e+02,1.630727377814968071e-01,2.154197831099281757e+00
7.888888888888889142e+02,1.596924972322726899e-01,2.146736285611050121e+00
7.910910910910911298e+02,1.563519904182901210e-01,2.139279835044610056e+00
7.932932932932933454e+02,1.530516685297136914e-01,2.131828606097438072e+00
7.954954954954955610e+02,1.497919501391877795e-01,2.124382724874658290e+00
7.976976976976977767e+02,1.465732215689867501e-01,2.116942316886216258e+00
7.998998998998999923e+02,1.433958372813243509e-01,2.109507507044101171e+00
8.021021021021022079e+02,1.402601202908780043e-01,2.102078419659600517e+00
8.043043043043043099e+02,1.371663625985778678e-01,2.094655178440594234e+00
8.065065065065065255e+02,1.341148256456981547e-01,2.087237906488890182e+00
8.087087087087087411e+02,1.311057407872872060e-01,2.079826726297596906e+00
8.109109109109109568e+02,1.281393097839614026e-01,2.072421759748534598e+00
8.131131131131131724e+02,1.252157053110911633e-01,2.065023128109685135e+00
8.153153153153153880e+02,1.223350714844021747e-01,2.057630952032681204e+00
8.175175175175174900e+02,1.194975244010155063e-01,2.050245351550334494e+00
8.197197197197197056e+02,1.167031526949518505e-01,2.042866446074200759e+00
8.219219219219219212e+02,1.139520181061296905e-01,2.035494354392188399e+00
8.241241241241241369e+02,1.112441560618876862e-01,2.028129194666199009e+00
8.263263263263263525e+02,1.085795762700716149e-01,2.020771084429812348e+00
8.285285285285285681e+02,1.059582633227302839e-01,2.013420140586009044e+00
8.307307307307307838e+02,1.033801773094744220e-01,2.006076479404928392e+00
8.329329329329329994e+02,1.008452544395622708e-01,1.998740216521668778e+00
8.351351351351352150e+02,9.835340767178536725e-02,1.991411466934127628e+00
8.373373373373373170e+02,9.590452735124167793e-02,1.984090345000875555e+00
8.395395395395395326e+02,9.349848185209384821e-02,1.976776964439072914e+00
8.417417417417417482e+02,9.113511822542864904e-02,1.969471438322425216e+00
8.439439439439439639e+02,8.881426285134252918e-02,1.962173879079173622e+00
8.461461461461461795e+02,8.653572209440141272e-02,1.954884398490129183e+00
8.483483483483483951e+02,8.429928296163388679e-02,1.947603107686740831e+00
8.505505505505506108e+02,8.210471376223905937e-02,1.940330117149205114e+00
8.527527527527528264e+02,7.995176476820629874e-02,1.933065536704613896e+00
8.549549549549549283e+02,7.784016887506500781e-02,1.925809475525140257e+00
8.571571571571571440e+02,7.576964226200155750e-02,1.918562042126260581e+00
8.593593593593593596e+02,7.373988505060330434e-02,1.911323344365020827e+00
8.615615615615615752e+02,7.175058196150774226e-02,1.904093489438335451e+00
8.637637637637637908e+02,6.980140296825994295e-02,1.896872583881328067e+00
8.659659659659660065e+02,6.789200394770179836e-02,1.889660733565708517e+00
8.681681681681682221e+02,6.602202732624011527e-02,1.882458043698188810e+00
8.703703703703704377e+02,6.419110272136414885e-02,1.875264618818939022e+00
8.725725725725726534e+02,6.239884757780531088e-02,1.868080562800077393e+00
8.747747747747747553e+02,6.064486779775765668e-02,1.860905978844204167e+00
8.769769769769769709e+02,5.892875836459959132e-02,1.853740969482965406e+00
8.791791791791791866e+02,5.725010395958389509e-02,1.846585636575664324e+00
8.813813813813814022e+02,5.560847957098491445e-02,1.839440081307903485e+00
8.835835835835836178e+02,5.400345109521817455e-02,1.832304404190267189e+00
8.857857857857858335e+02,5.243457592947172591e-02,1.825178705057041384e+00
8.879879879879880491e+02,5.090140355541248468e-02,1.818063083064971996e+00
8.901901901901902647e+02,4.940347611355613150e-02,1.810957636692059891e+00
8.923923923923923667e+02,4.794032896791278198e-02,1.803862463736394917e+00
8.945945945945945823e+02,4.651149126054546917e-02,1.796777661315023256e+00
8.967967967967967979e+02,4.511648645570290328e-02,1.789703325862858962e+00
8.989989989989990136e+02,4.375483287321061537e-02,1.782639553131627030e+00
9.012012012012012292e+02,4.242604421082972477e-02,1.775586438188845095e+00
9.034034034034034448e+02,4.112963005531571764e-02,1.768544075416844441e+00
9.056056056056056605e+02,3.986509638193198174e-02,1.761512558511825643e+00
9.078078078078078761e+02,3.863194604219662848e-02,1.754491980482951741e+00
9.100100100100100917e+02,3.742967923966322719e-02,1.747482433651478706e+00
9.122122122122121937e+02,3.625779399355820443e-02,1.740484009649923225e+00
9.144144144144144093e+02,3.511578659011910936e-02,1.733496799421264001e+00
9.166166166166166249e+02,3.400315202150009514e-02,1.726520893218185249e+00
9.188188188188188406e+02,3.291938441213033972e-02,1.719556380602350609e+00
9.210210210210210562e+02,3.186397743243291059e-02,1.712603350443717698e+00
9.232232232232232718e+02,3.083642469983022619e-02,1.705661890919887513e+00
9.254254254254254874e+02,2.983622016698277493e-02,1.698732089515488264e+00
9.276276276276277031e+02,2.886285849722505445e-02,1.691814033021598274e+00
9.298298298298298050e+02,2.791583542718247685e-02,1.684907807535203084e+00
9.320320320320320207e+02,2.699464811656924687e-02,1.678013498458688080e+00
9.342342342342342363e+02,2.609879548518584044e-02,1.671131190499367536e+00
9.364364364364364519e+02,2.522777853714932433e-02,1.664260967669049629e+00
9.386386386386386675e+02,2.438110067240757337e-02,1.657402913283635204e+00
9.408408408408408832e+02,2.355826798560243726e-02,1.650557109962754065e+00
9.430430430430430988e+02,2.275878955236233792e-02,1.643723639629434574e+00
9.452452452452453144e+02,2.198217770311837460e-02,1.636902583509809217e+00
9.474474474474475301e+02,2.122794828455187507e-02,1.630094022132855036e+00
9.496496496496496320e+02,2.049562090879421261e-02,1.623298035330169364e+00
9.518518518518518476e+02,1.978471919051114428e-02,1.616514702235778200e+00
9.540540540540540633e+02,1.909477097201725537e-02,1.609744101285982776e+00
9.562562562562562789e+02,1.842530853657481718e-02,1.602986310219236321e+00
9.584584584584584945e+02,1.777586881004378921e-02,1.596241406076059022e+00
9.606606606606607102e+02,1.714599355105833611e-02,1.589509465198983840e+00
9.628628628628629258e+02,1.653522952991462805e-02,1.582790563232538528e+00
9.650650650650651414e+02,1.594312869636336366e-02,1.576084775123260950e+00
9.672672672672672434e+02,1.536924833650849323e-02,1.569392175119747490e+00
9.694694694694694590e+02,1.481315121902036271e-02,1.562712836772734537e+00
9.716716716716716746e+02,1.427440573087967145e-02,1.556046832935216395e+00
9.738738738738738903e+02,1.375258600287294561e-02,1.549394235762593608e+00
9.760760760760761059e+02,1.324727202506760862e-02,1.542755116712853702e+00
9.782782782782783215e+02,1.275804975249895772e-02,1.536129546546788793e+00
9.804804804804805372e+02,1.228451120130594036e-02,1.529517595328241830e+00
9.826826826826827528e+02,1.182625453555711040e-02,1.522919332424387706e+00
9.848848848848849684e+02,1.138288414501113441e-02,1.516334826506047451e+00
9.870870870870870704e+02,1.095401071405968305e-02,1.509764145548031955e+00
9.892892892892892860e+02,1.053925128210267056e-02,1.503207356829520780e+00
9.914914914914915016e+02,1.013822929560845125e-02,1.496664526934472716e+00
9.936936936936937173e+02,9.750574652112310031e-03,1.490135721752065434e+00
9.958958958958959329e+02,9.375923736408667969e-03,1.483621006477170656e+00
9.980980980980981485e+02,9.013919449192423286e-03,1.477120445610858201e+00
1.000300300300300364e+03,8.664211228405566817e-03,1.470634102960931111e+00
1.002502502502502580e+03,8.326455063544955723e-03,1.464162041642495637e+00
1.004704704704704682e+03,8.000313503186621059e-03,1.457704324078558544e+00
1.006906906906906897e+03,7.685455655981136489e-03,1.451261012000653494e+00
1.009109109109109113e+03,7.381557185373648251e-03,1.444832166449506961e+00
1.011311311311311329e+03,7.088300298299961624e-03,1.438417847775723235e+00
1.013513513513513544e+03,6.805373728109017500e-03,1.432018115640509182e+00
1.015715715715715760e+03,6.532472711959282433e-03,1.425633029016422304e+00
1.017917917917917976e+03,6.269298962934427046e-03,1.419262646188153676e+00
1.020120120120120191e+03,6.015560637120847057e-03,1.412907024753338181e+00
1.022322322322322407e+03,5.770972295886574871e-03,1.406566221623394952e+00
1.024524524524524622e+03,5.535254863597895321e-03,1.400240293024396898e+00
1.026726726726726611e+03,5.308135581006493200e-03,1.393929294497971094e+00
1.028928928928929054e+03,5.089347954536178539e-03,1.387633280902223376e+00
1.031131131131131042e+03,4.878631701694871939e-03,1.381352306412702902e+00
1.033333333333333485e+03,4.675732692832217964e-03,1.375086424523378037e+00
1.035535535535535473e+03,4.480402889460895210e-03,1.368835688047660426e+00
1.037737737737737916e+03,4.292400279352954866e-03,1.362600149119439052e+00
1.039939939939939904e+03,4.111488808620528991e-03,1.356379859194159820e+00
1.042142142142142347e+03,3.937438310982894520e-03,1.350174869049914239e+00
1.044344344344344336e+03,3.770024434419875798e-03,1.343985228788576958e+00
1.046546546546546551e+03,3.609028565404007703e-03,1.337810987836949739e+00
1.048748748748748767e+03,3.454237750901298799e-03,1.331652194947950729e+00
1.050950950950950983e+03,3.305444618323561019e-03,1.325508898201818386e+00
1.053153153153153198e+03,3.162447293611261694e-03,1.319381145007349154e+00
1.055355355355355414e+03,3.025049317620241013e-03,1.313268982103158899e+00
1.057557557557557629e+03,2.893059560980587846e-03,1.307172455558974322e+00
1.059759759759759845e+03,2.766292137590607800e-03,1.301091610776944796e+00
1.061961961961962061e+03,2.644566316903703036e-03,1.295026492492986847e+00
1.064164164164164049e+03,2.527706435160654696e-03,1.288977144778151507e+00
1.066366366366366492e+03,2.415541805714413806e-03,1.282943611040014087e+00
1.068568568568568480e+03,2.307906628589686138e-03,1.276925934024100595e+00
1.070770770770770923e+03,2.204639899413475979e-03,1.270924155815323919e+00
1.072972972972972912e+03,2.105585317848797725e-03,1.264938317839461535e+00
1.075175175175175355e+03,2.010591195657142338e-03,1.258968460864640981e+00
1.077377377377377343e+03,1.919510364511546521e-03,1.253014625002869753e+00
1.079579579579579786e+03,1.832200083675716504e-03,1.247076849711568070e+00
1.081781781781781774e+03,1.748521947660786058e-03,1.241155173795149391e+00
1.083983983983983990e+03,1.668341793965217625e-03,1.235249635406601598e+00
1.086186186186186205e+03,1.591529610999425481e-03,1.229360272049110359e+00
1.088388388388388421e+03,1.517959446291013408e-03,1.223487120577697818e+00
1.090590590590590637e+03,1.447509315062319151e-03,1.217630217200885490e+00
1.092792792792792852e+03,1.380061109266956946e-03,1.211789597482383130e+00
1.094994994994995068e+03,1.315500507167558213e-03,1.205965296342796922e+00
1.097197197197197283e+03,1.253716883532340594e-03,1.200157348061364093e+00
1.099399399399399499e+03,1.194603220523739922e-03,1.194365786277708397e+00
1.101601601601601487e+03,1.138056019347982338e-03,1.188590643993619356e+00
1.103803803803803930e+03,1.083975212730190494e-03,1.182831953574849493e+00
1.106006006006005919e+03,1.032264078275682779e-03,1.177089746752943533e+00
1.108208208208208362e+03,9.828291527736697508e-04,1.171364054627075602e+00
1.110410410410410350e+03,9.355801474962464285e-04,1.165654907665922613e+00
1.112612612612612793e+03,8.904298645410407354e-04,1.159962335709543879e+00
1.114814814814814781e+03,8.472941142628882772e-04,1.154286367971300908e+00
1.117017017017017224e+03,8.060916338356126755e-04,1.148627033039773870e+00
1.119219219219219212e+03,7.667440069821411866e-04,1.142984358880726248e+00
1.121421421421421428e+03,7.291755849072253937e-04,1.137358372839063270e+00
1.123623623623623644e+03,6.933134084642688993e-04,1.131749101640834310e+00
1.125825825825825859e+03,6.590871315842037519e-04,1.126156571395237060e+00
1.128028028028028075e+03,6.264289459915890453e-04,1.120580807596654349e+00
1.130230230230230291e+03,5.952735072300152641e-04,1.115021835126701610e+00
1.132432432432432506e+03,5.655578620161525296e-04,1.109479678256300783e+00
1.134634634634634722e+03,5.372213769390144509e-04,1.103954360647768640e+00
1.136836836836836937e+03,5.102056685184528468e-04,1.098445905356927987e+00
1.139039039039038926e+03,4.844545346343641173e-04,1.092954334835233521e+00
1.141241241241241369e+03,4.599138873357094663e-04,1.087479670931918552e+00
1.143443443443443357e+03,4.365316870362200550e-04,1.082021934896164828e+00
1.145645645645645800e+03,4.142578781013329264e-04,1.076581147379277681e+00
1.147847847847847788e+03,3.930443258290680446e-04,1.071157328436897149e+00
1.150050050050050231e+03,3.728447548252894548e-04,1.065750497531206431e+00
1.152252252252252219e+03,3.536146887722206610e-04,1.060360673533179643e+00
1.154454454454454662e+03,3.353113915870187538e-04,1.054987874724824692e+00
1.156656656656656651e+03,3.178938099658012713e-04,1.049632118801464564e+00
1.158858858858858866e+03,3.013225173066762003e-04,1.044293422874016608e+00
1.161061061061061082e+03,2.855596590040617778e-04,1.038971803471302691e+00
1.163263263263263298e+03,2.705688991049864825e-04,1.033667276542369118e+00
1.165465465465465513e+03,2.563153683168638937e-04,1.028379857458821878e+00
1.167667667667667729e+03,2.427656133549387627e-04,1.023109561017182534e+00
1.169869869869869945e+03,2.298875476164739936e-04,1.017856401441255221e+00
1.172072072072072160e+03,2.176504031676581175e-04,1.012620392384512513e+00
1.174274274274274376e+03,2.060246840282380413e-04,1.007401546932495506e+00
1.176476476476476364e+03,1.949821207379390806e-04,1.002199877605228551e+00
1.178678678678678807e+03,1.844956261879002939e-04,9.970153963596469771e-01
1.180880880880880795e+03,1.745392526995907215e-04,9.918481145920492459e-01
1.183083083083083238e+03,1.650881503329069868e-04,9.866980431405451002e-01
1.185285285285285227e+03,1.561185264046049221e-04,9.815651922875409108e-01
1.187487487487487670e+03,1.476076061975188701e-04,9.764495717622159177e-01
1.189689689689689658e+03,1.395335948406322974e-04,9.713511907430344428e-01
1.191891891891892101e+03,1.318756403394683735e-04,9.662700578602512191e-01
1.194094094094094089e+03,1.246137977359958399e-04,9.612061811984478066e-01
1.196296296296296305e+03,1.177289943767709284e-04,9.561595682990671197e-01
1.198498498498498520e+03,1.112029962678437591e-04,9.511302261629739352e-01
1.200700700700700736e+03,1.050183754946218493e-04,9.461181612530192853e-01
1.202902902902902952e+03,9.915847868472947026e-05,9.411233794966195054e-01
1.205105105105105167e+03,9.360739649172289032e-05,9.361458862883507148e-01
1.207307307307307383e+03,8.834993407740379407e-05,9.311856864925512900e-01
1.209509509509509599e+03,8.337158257039918704e-05,9.262427844459391046e-01
1.211711711711711814e+03,7.865849147863246827e-05,9.213171839602382063e-01
1.213913913913913802e+03,7.419744203331059761e-05,9.164088883248193707e-01
1.216116116116116245e+03,6.997582144207610988e-05,9.115179003093486498e-01
1.218318318318318234e+03,6.598159802904760560e-05,9.066442221664524626e-01
1.220520520520520677e+03,6.220329723953989395e-05,9.017878556343846830e-01
1.222722722722722665e+03,5.862997848741054651e-05,8.969488019397160450e-01
1.224924924924925108e+03,5.525121282308685487e-05,8.921270618000199937e-01
1.227127127127127096e+03,5.205706140053765563e-05,8.873226354265844051e-01
1.229329329329329539e+03,4.903805472161062540e-05,8.825355225271166448e-01
1.231531531531531527e+03,4.618517263640984602e-05,8.777657223084753824e-01
1.233733733733733743e+03,4.348982507858506052e-05,8.730132334793953008e-01
1.235935935935935959e+03,4.094383351469427424e-05,8.682780542532347878e-01
1.238138138138138174e+03,3.853941308704276033e-05,8.635601823507252917e-01
1.240340340340340390e+03,3.626915542970274677e-05,8.588596150027311138e-01
1.242542542542542606e+03,3.412601213771491716e-05,8.541763489530190823e-01
1.244744744744744821e+03,3.210327886978087212e-05,8.495103804610349973e-01
1.246946946946947037e+03,3.019458006508357815e-05,8.448617053046905134e-01
1.249149149149149252e+03,2.839385425520321075e-05,8.402303187831557940e-01
1.251351351351351241e+03,2.669533995244097817e-05,8.356162157196621587e-01
1.253553553553553684e+03,2.509356209620998234e-05,8.310193904643088381e-01
1.255755755755755672e+03,2.358331903951554082e-05,8.264398368968850495e-01
1.257957957957958115e+03,2.215967005789963698e-05,8.218775484296868550e-01
1.260160160160160103e+03,2.081792336360725859e-05,8.173325180103561127e-01
1.262362362362362546e+03,1.955362460808445573e-05,8.128047381247103242e-01
1.264564564564564535e+03,1.836254585631385563e-05,8.082942007995951306e-01
1.266766766766766978e+03,1.724067501684923434e-05,8.038008976057281485e-01
1.268968968968968966e+03,1.618420571180764089e-05,7.993248196605631239e-01
1.271171171171171181e+03,1.518952757144027943e-05,7.948659576311467578e-01
1.273373373373373397e+03,1.425321693829658647e-05,7.904243017369925184e-01
1.275575575575575613e+03,1.337202796636267670e-05,7.859998417529538983e-01
1.277777777777777828e+03,1.254288410093991279e-05,7.815925670121051105e-01
1.279979979979980044e+03,1.176286992540146622e-05,7.772024664086257806e-01
1.282182182182182260e+03,1.102922336133895690e-05,7.728295284006928556e-01
1.284384384384384475e+03,1.033932820898056948e-05,7.684737410133749558e-01
1.286586586586586691e+03,9.690707015130569239e-06,7.641350918415330540e-01
1.288788788788788679e+03,9.081014256241581425e-06,7.598135680527259295e-01
1.290990990990991122e+03,8.508029824592023814e-06,7.555091563901160656e-01
1.293193193193193110e+03,7.969652805896178556e-06,7.512218431753880932e-01
1.295395395395395553e+03,7.463895537021222439e-06,7.469516143116592399e-01
1.297597597597597542e+03,6.988877932836860194e-06,7.426984552864058786e-01
1.299799799799799985e+03,6.542822071555998754e-06,7.384623511743819702e-01
1.302002002002001973e+03,6.124047028265889639e-06,7.342432866405529390e-01
1.304204204204204416e+03,5.730963946671975941e-06,7.300412459430188905e-01
1.306406406406406404e+03,5.362071339404576166e-06,7.258562129359554804e-01
1.308608608608608620e+03,5.015950607550363890e-06,7.216881710725440158e-01
1.310810810810810835e+03,4.691261770385263093e-06,7.175371034079138788e-01
1.313013013013013051e+03,4.386739396585730103e-06,7.134029926020835077e-01
1.315215215215215267e+03,4.101188728495454549e-06,7.092858209229021549e-01
1.317417417417417482e+03,3.833481991314053786e-06,7.051855702489967515e-01
1.319619619619619698e+03,3.582554879359206475e-06,7.011022220727189946e-01
1.321821821821821914e+03,3.347403211831183503e-06,6.970357575030935449e-01
1.324024024024024129e+03,3.127079750779674042e-06,6.929861572687695537e-01
1.326226226226226345e+03,2.920691174236986908e-06,6.889534017209716366e-01
1.328428428428428560e+03,2.727395197739234636e-06,6.849374708364524000e-01
1.330630630630630776e+03,2.546397837707678637e-06,6.809383442204475223e-01
1.332832832832832992e+03,2.376950810406759554e-06,6.769560011096292795e-01
1.335035035035034980e+03,2.218349060432266417e-06,6.729904203750616265e-01
1.337237237237237196e+03,2.069928412914071810e-06,6.690415805251554993e-01
1.339439439439439411e+03,1.931063343842072443e-06,6.651094597086260052e-01
1.341641641641641627e+03,1.801164863141171515e-06,6.611940357174465044e-01
1.343843843843843842e+03,1.679678505332629673e-06,6.572952859898061329e-01
1.346046046046046058e+03,1.566082422823698992e-06,6.534131876130628847e-01
1.348248248248248274e+03,1.459885577065972089e-06,6.495477173267010240e-01
1.350450450450450489e+03,1.360626023014962838e-06,6.456988515252839456e-01
1.352652652652652705e+03,1.267869282509666844e-06,6.418665662614084777e-01
1.354854854854854921e+03,1.181206802370970064e-06,6.380508372486569657e-01
1.357057057057057136e+03,1.100254493191756892e-06,6.342516398645491327e-01
1.359259259259259352e+03,1.024651344960156115e-06,6.304689491534926082e-01
1.361461461461461568e+03,9.540581158198778114e-07,6.267027398297311258e-01
1.363663663663663783e+03,8.881560904287342871e-07,6.229529862802920537e-01
1.365865865865865999e+03,8.266459045280693752e-07,6.192196625679317057e-01
1.368068068068068214e+03,7.692464324820735126e-07,6.155027424340786535e-01
1.370270270270270430e+03,7.156937346870388170e-07,6.118021993017760396e-01
1.372472472472472418e+03,6.657400618865244694e-07,6.081180062786195606e-01
1.374674674674674634e+03,6.191529135594289592e-07,6.044501361596943401e-01
1.376876876876876850e+03,5.757141476740766743e-07,6.007985614305095812e-01
1.379079079079079065e+03,5.352191392227491753e-07,5.971632542699306656e-01
1.381281281281281281e+03,4.974759850680185712e-07,5.935441865531061456e-01
1.383483483483483496e+03,4.623047527444420470e-07,5.899413298543945139e-01
1.385685685685685712e+03,4.295367709671899207e-07,5.863546554502864216e-01
1.387887887887887928e+03,3.990139597029179532e-07,5.827841343223230108e-01
1.390090090090090143e+03,3.705881977578088353e-07,5.792297371600130251e-01
1.392292292292292359e+03,3.441207259333405454e-07,5.756914343637430376e-01
1.394494494494494575e+03,3.194815838921711984e-07,5.721691960476869010e-01
1.396696696696696790e+03,2.965490789645089881e-07,5.686629920427099805e-01
1.398898898898899006e+03,2.752092852097996198e-07,5.651727918992685007e-01
1.401101101101101222e+03,2.553555711294392928e-07,5.616985648903065620e-01
1.403303303303303437e+03,2.368881545037618070e-07,5.582402800141476051e-01
1.405505505505505653e+03,2.197136829007530895e-07,5.547979059973813243e-01
1.407707707707707868e+03,2.037448384750390231e-07,5.513714112977464721e-01
1.409909909909909857e+03,1.888999657436713526e-07,5.479607641070090018e-01
1.412112112112112072e+03,1.751027210902928355e-07,5.445659323538337704e-01
1.414314314314314288e+03,1.622817428114838884e-07,5.411868837066541316e-01
1.416516516516516504e+03,1.503703405784915854e-07,5.378235855765338691e-01
1.418718718718718719e+03,1.393062032444078219e-07,5.344760051200245776e-01
1.420920920920920935e+03,1.290311239810721345e-07,5.311441092420171595e-01
1.423123123123123150e+03,1.194907417817969657e-07,5.278278645985895468e-01
1.425325325325325366e+03,1.106342984154432361e-07,5.245272375998459857e-01
1.427527527527527582e+03,1.024144099645440724e-07,5.212421944127525464e-01
1.429729729729729797e+03,9.478685212515330629e-08,5.179727009639665258e-01
1.431931931931932013e+03,8.771035848898988131e-08,5.147187229426583022e-01
1.434134134134134229e+03,8.114643106931097816e-08,5.114802258033286364e-01
1.436336336336336444e+03,7.505916237089262214e-08,5.082571747686186470e-01
1.438538538538538660e+03,6.941506834157631787e-08,5.050495348321135669e-01
1.440740740740740875e+03,6.418293157814169054e-08,5.018572707611407280e-01
1.442942942942943091e+03,5.933365419287181349e-08,4.986803470995586074e-01
1.445145145145145307e+03,5.484011977912999676e-08,4.955187281705423219e-01
1.447347347347347295e+03,5.067706394467935672e-08,4.923723780793596294e-01
1.449549549549549511e+03,4.682095291036433424e-08,4.892412607161387705e-01
1.451751751751751726e+03,4.324986969925694695e-08,4.861253397586353664e-01
1.453953953953953942e+03,3.994340746744627880e-08,4.830245786749828851e-01
1.456156156156156158e+03,3.688256955245264119e-08,4.799389407264444962e-01
1.458358358358358373e+03,3.404967583877076567e-08,4.768683889701506584e-01
1.460560560560560589e+03,3.142827506237985412e-08,4.738128862618329329e-01
1.462762762762762804e+03,2.900306269725374069e-08,4.707723952585488592e-01
1.464964964964965020e+03,2.675980408700124858e-08,4.677468784213995590e-01
1.467167167167167236e+03,2.468526250382619174e-08,4.647362980182381254e-01
1.469369369369369451e+03,2.276713183506153288e-08,4.617406161263711839e-01
1.471571571571571667e+03,2.099397361465094768e-08,4.587597946352512945e-01
1.473773773773773883e+03,1.935515813316497886e-08,4.557937952491633582e-01
1.475975975975976098e+03,1.784080937529762697e-08,4.528425794898986445e-01
1.478178178178178314e+03,1.644175354832364829e-08,4.499061086994243785e-01
1.480380380380380529e+03,1.514947097875491826e-08,4.469843440425418923e-01
1.482582582582582745e+03,1.395605116745029315e-08,4.440772465095390031e-01
1.484784784784784733e+03,1.285415080574337365e-08,4.411847769188298463e-01
1.486986986986986949e+03,1.183695456678904166e-08,4.383068959195883241e-01
1.489189189189189165e+03,1.089813849733523156e-08,4.354435639943736169e-01
1.491391391391391380e+03,1.003183584551504480e-08,4.325947414617433151e-01
1.493593593593593596e+03,9.232605170078723833e-09,4.297603884788611106e-01
1.495795795795795812e+03,8.495400585754204121e-09,4.269404650440916660e-01
1.497997997997998027e+03,7.815544008179250109e-09,4.241349309995889882e-01
1.500200200200200243e+03,7.188699270109293365e-09,4.213437460338739227e-01
1.502402402402402458e+03,6.610847988398272398e-09,4.185668696844027648e-01
1.504604604604604674e+03,6.078267068602065920e-09,4.158042613401262688e-01
1.506806806806806890e+03,5.587507740983806161e-09,4.130558802440377764e-01
1.509009009009009105e+03,5.135376028235467002e-09,4.103216854957139059e-01
1.511211211211211321e+03,4.718914551385519250e-09,4.076016360538429750e-01
1.513413413413413537e+03,4.335385586163294222e-09,4.048956907387453175e-01
1.515615615615615752e+03,3.982255287552881455e-09,4.022038082348830534e-01
1.517817817817817968e+03,3.657179005411658005e-09,3.995259470933582580e-01
1.520020020020020183e+03,3.357987618869670978e-09,3.968620657344044678e-01
1.522222222222222172e+03,3.082674821780363199e-09,3.942121224498638665e-01
1.524424424424424387e+03,2.829385295777563545e-09,3.915760754056569204e-01
1.526626626626626603e+03,2.596403711523230384e-09,3.889538826442408004e-01
1.528828828828828819e+03,2.382144502517505990e-09,3.863455020870574241e-01
1.531031031031031034e+03,2.185142359403599399e-09,3.837508915369712281e-01
1.533233233233233250e+03,2.004043396044358915e-09,3.811700086806944499e-01
1.535435435435435465e+03,1.837596941789958006e-09,3.786028110912056932e-01
1.537637637637637681e+03,1.684647917306186254e-09,3.760492562301530062e-01
1.539839839839839897e+03,1.544129754103264217e-09,3.735093014502500197e-01
1.542042042042042112e+03,1.415057820504314938e-09,3.709829039976593190e-01
1.544244244244244328e+03,1.296523319232068773e-09,3.684700210143648236e-01
1.546446446446446544e+03,1.187687624080101259e-09,3.659706095405344528e-01
1.548648648648648759e+03,1.087777025280370412e-09,3.634846265168694135e-01
1.550850850850850975e+03,9.960778551900575629e-10,3.610120287869457711e-01
1.553053053053053191e+03,9.119319678056997948e-10,3.585527730995409224e-01
1.555255255255255406e+03,8.347325473785893213e-10,3.561068161109520180e-01
1.557457457457457622e+03,7.639202230599031435e-10,3.536741143873016191e-01
1.559659659659659610e+03,6.989794680528183023e-10,3.512546244068320833e-01
1.561861861861861826e+03,6.394352631993419746e-10,3.488483025621879619e-01
1.564064064064064041e+03,5.848500062867664243e-10,3.464551051626890699e-01
1.566266266266266257e+03,5.348206496284415533e-10,3.440749884365893463e-01
1.568468468468468473e+03,4.889760496616902465e-10,3.417079085333263877e-01
1.570670670670670688e+03,4.469745134163005859e-10,3.393538215257568824e-01
1.572872872872872904e+03,4.085015277456576665e-10,3.370126834123835513e-01
1.575075075075075119e+03,3.732676581831366237e-10,3.346844501195674892e-01
1.577277277277277335e+03,3.410066051933102143e-10,3.323690775037304035e-01
1.579479479479479551e+03,3.114734064347080979e-10,3.300665213535439180e-01
1.581681681681681766e+03,2.844427744419811232e-10,3.277767373921084415e-01
1.583883883883883982e+03,2.597075598740368985e-10,3.254996812791188798e-01
1.586086086086086198e+03,2.370773311640363916e-10,3.232353086130186348e-01
1.588288288288288413e+03,2.163770620505387487e-10,3.209835749331417243e-01
1.590490490490490629e+03,1.974459190691816159e-10,3.187444357218435220e-01
1.592692692692692845e+03,1.801361416439601841e-10,3.165178464066184527e-01
1.594894894894895060e+03,1.643120079390593764e-10,3.143037623622058629e-01
1.597097097097097048e+03,1.498488801185782064e-10,3.121021389126839574e-01
1.599299299299299264e+03,1.366323231147998745e-10,3.099129313335509672e-01
1.601501501501501480e+03,1.245572914279833790e-10,3.077360948537953833e-01
1.603703703703703695e+03,1.135273788739257584e-10,3.055715846579525330e-01
1.605905905905905911e+03,1.034541265618624368e-10,3.034193558881499997e-01
1.608108108108108127e+03,9.425638472614872021e-11,3.012793636461385538e-01
1.610310310310310342e+03,8.585972435251551328e-11,2.991515629953146460e-01
1.612512512512512558e+03,7.819589483487162825e-11,2.970359089627263027e-01
1.614714714714714773e+03,7.120232417324910932e-11,2.949323565410691961e-01
1.616916916916916989e+03,6.482165847884983166e-11,2.928408606906698353e-01
1.619119119119119205e+03,5.900133778954775208e-11,2.907613763414556574e-01
1.621321321321321420e+03,5.369320541986932396e-11,2.886938583949130166e-01
1.623523523523523636e+03,4.885314827450501673e-11,2.866382617260325172e-01
1.625725725725725852e+03,4.444076574487700050e-11,2.845945411852423557e-01
1.627927927927928067e+03,4.041906498518905092e-11,2.825626516003280631e-01
1.630130130130130283e+03,3.675418052862026370e-11,2.805425477783407562e-01
1.632332332332332498e+03,3.341511635680077467e-11,2.785341845074922329e-01
1.634534534534534487e+03,3.037350867717918585e-11,2.765375165590371331e-01
1.636736736736736702e+03,2.760340779416730368e-11,2.745524986891423325e-01
1.638938938938938918e+03,2.508107758170330832e-11,2.725790856407458440e-01
1.641141141141141134e+03,2.278481117777168553e-11,2.706172321453997331e-01
1.643343343343343349e+03,2.069476162609624685e-11,2.686668929251022631e-01
1.645545545545545565e+03,1.879278628722671558e-11,2.667280226941174393e-01
1.647747747747747781e+03,1.706230393113371060e-11,2.648005761607812869e-01
1.649949949949949996e+03,1.548816350669448186e-11,2.628845080292946945e-01
1.652152152152152212e+03,1.405652366057202179e-11,2.609797730015056549e-01
1.654354354354354427e+03,1.275474214939326975e-11,2.590863257786757412e-01
1.656556556556556643e+03,1.157127435523012964e-11,2.572041210632368680e-01
1.658758758758758859e+03,1.049558017555041730e-11,2.553331135605332869e-01
1.660960960960961074e+03,9.518038615400422898e-12,2.534732579805511477e-01
1.663163163163163290e+03,8.629869461923411850e-12,2.516245090396359574e-01
1.665365365365365506e+03,7.823061469724923056e-12,2.497868214621959126e-01
1.667567567567567721e+03,7.090306530345682093e-12,2.479601499823942679e-01
1.669769769769769937e+03,6.424939340463597401e-12,2.461444493458269378e-01
1.671971971971971925e+03,5.820882121668015667e-12,2.443396743111893865e-01
1.674174174174174141e+03,5.272593979955364931e-12,2.425457796519276121e-01
1.676376376376376356e+03,4.775024525706318308e-12,2.407627201578802223e-01
1.678578578578578572e+03,4.323571405013876447e-12,2.389904506369048276e-01
1.680780780780780788e+03,3.914041421027822320e-12,2.372289259164919728e-01
1.682982982982983003e+03,3.542614949633054135e-12,2.354781008453673552e-01
1.685185185185185219e+03,3.205813377448205387e-12,2.337379302950809701e-01
1.687387387387387435e+03,2.900469311962982943e-12,2.320083691615816013e-01
1.689589589589589650e+03,2.623699333768554571e-12,2.302893723667817083e-01
1.691791791791791866e+03,2.372879079397582290e-12,2.285808948601061874e-01
1.693993993993994081e+03,2.145620460403365096e-12,2.268828916200311963e-01
1.696196196196196297e+03,1.939750840075061077e-12,2.251953176556079628e-01
1.698398398398398513e+03,1.753294003714642939e-12,2.235181280079749366e-01
1.700600600600600728e+03,1.584452771782531329e-12,2.218512777518571732e-01
1.702802802802802944e+03,1.431593117540711568e-12,2.201947219970523117e-01
1.705005005005005160e+03,1.293229662167549266e-12,2.185484158899042018e-01
1.707207207207207375e+03,1.168012430758988919e-12,2.169123146147640124e-01
1.709409409409409363e+03,1.054714762239981933e-12,2.152863733954380465e-01
1.711611611611611579e+03,9.522222750482974284e-13,2.136705474966227036e-01
1.713813813813813795e+03,8.595227985834832485e-13,2.120647922253278139e-01
1.716016016016016010e+03,7.756971878883346492e-13,2.104690629322861217e-01
1.718218218218218226e+03,6.999109459030718021e-13,2.088833150133503347e-01
1.720420420420420442e+03,6.314065839480865321e-13,2.073075039108779882e-01
1.722622622622622657e+03,5.694966568946616101e-13,2.057415851151025432e-01
1.724824824824824873e+03,5.135574148144106669e-13,2.041855141654936034e-01
1.727027027027027088e+03,4.630230177943256902e-13,2.026392466521023950e-01
1.729229229229229304e+03,4.173802651001641366e-13,2.011027382168961708e-01
1.731431431431431520e+03,3.761637939976909177e-13,1.995759445550799593e-01
1.733633633633633735e+03,3.389517073288640566e-13,1.980588214164040184e-01
1.735835835835835951e+03,3.053615924151003648e-13,1.965513246064612418e-01
1.738038038038038167e+03,2.750468970474887160e-13,1.950534099879701888e-01
1.740240240240240382e+03,2.476936312473488253e-13,1.935650334820459839e-01
1.742442442442442598e+03,2.230173661608526766e-13,1.920861510694593655e-01
1.744644644644644814e+03,2.007605039085164243e-13,1.906167187918826056e-01
1.746846846846847029e+03,1.806897944620251135e-13,1.891566927531228570e-01
1.749049049049049017e+03,1.625940776839023773e-13,1.877060291203438980e-01
1.751251251251251233e+03,1.462822305552434701e-13,1.862646841252741658e-01
1.753453453453453449e+03,1.315813013473750814e-13,1.848326140654040495e-01
1.755655655655655664e+03,1.183348140776611128e-13,1.834097753051695812e-01
1.757857857857857880e+03,1.064012280401078589e-13,1.819961242771237497e-01
1.760060060060060096e+03,9.565253852857252494e-14,1.805916174830965171e-01
1.762262262262262311e+03,8.597300608473579098e-14,1.791962114953417617e-01
1.764464464464464527e+03,7.725800271369635472e-14,1.778098629576719825e-01
1.766666666666666742e+03,6.941296452579242944e-14,1.764325285865813164e-01
1.768868868868868958e+03,6.235244119189631249e-14,1.750641651723555958e-01
1.771071071071071174e+03,5.599923344826837968e-14,1.737047295801712188e-01
1.773273273273273389e+03,5.028361066275251685e-14,1.723541787511805867e-01
1.775475475475475605e+03,4.514260118278291128e-14,1.710124697035870778e-01
1.777677677677677821e+03,4.051934883299426929e-14,1.696795595337061979e-01
1.779879879879880036e+03,3.636252952136055917e-14,1.683554054170163794e-01
1.782082082082082252e+03,3.262582245247468354e-14,1.670399646091962620e-01
1.784284284284284468e+03,2.926743093919151520e-14,1.657331944471511775e-01
1.786486486486486456e+03,2.624964825338528968e-14,1.644350523500271166e-01
1.788688688688688671e+03,2.353846436669813777e-14,1.631454958202123995e-01
1.790890890890890887e+03,2.110320980624142572e-14,1.618644824443291330e-01
1.793093093093093103e+03,1.891623319134113723e-14,1.605919698942103735e-01
1.795295295295295318e+03,1.695260932843120977e-14,1.593279159278678803e-01
1.797497497497497534e+03,1.518987502467794826e-14,1.580722783904464912e-01
1.799699699699699750e+03,1.360779003925334806e-14,1.568250152151671184e-01
1.801901901901901965e+03,1.218812082652323478e-14,1.555860844242590302e-01
1.804104104104104181e+03,1.091444493979678530e-14,1.543554441298789492e-01
1.806306306306306396e+03,9.771974159498219924e-15,1.531330525350200200e-01
1.808508508508508612e+03,8.747394587353962810e-15,1.519188679344075921e-01
1.810710710710710828e+03,7.828722109964518171e-15,1.507128487153855390e-01
1.812912912912913043e+03,7.005171782346159767e-15,1.495149533587890600e-01
1.815115115115115259e+03,6.267039815966644321e-15,1.483251404398073237e-01
1.817317317317317475e+03,5.605596977625557040e-15,1.471433686288339815e-01
1.819519519519519690e+03,5.012992316319786197e-15,1.459695966923073018e-01
1.821721721721721906e+03,4.482166235957397001e-15,1.448037834935374524e-01
1.823923923923923894e+03,4.006772023340760316e-15,1.436458879935241240e-01
1.826126126126126110e+03,3.581105024037235926e-15,1.424958692517612757e-01
1.828328328328328325e+03,3.200038734349921481e-15,1.413536864270327487e-01
1.830530530530530541e+03,2.858967146260508723e-15,1.402192987781943623e-01
1.832732732732732757e+03,2.553752744571137772e-15,1.390926656649470738e-01
1.834934934934934972e+03,2.280679612083345645e-15,1.379737465485970926e-01
1.837137137137137188e+03,2.036411150039342940e-15,1.368625009928071401e-01
1.839339339339339404e+03,1.817951967684423382e-15,1.357588886643343873e-01
1.841541541541541619e+03,1.622613537119248501e-15,1.346628693337593441e-01
1.843743743743743835e+03,1.447983247990372623e-15,1.335744028762030078e-01
1.845945945945946050e+03,1.291896531371965373e-15,1.324934492720332702e-01
1.848148148148148266e+03,1.152411753748437862e-15,1.314199686075606666e-01
1.850350350350350482e+03,1.027787610612880157e-15,1.303539210757231059e-01
1.852552552552552697e+03,9.164627751194197355e-16,1.292952669767603868e-01
1.854754754754754913e+03,8.170375807156418945e-16,1.282439667188776666e-01
1.856956956956957129e+03,7.282575379578032724e-16,1.271999808188982450e-01
1.859159159159159344e+03,6.489985049798885510e-16,1.261632699029063553e-01
1.861361361361361332e+03,5.782533485345181743e-16,1.251337947068789369e-01
1.863563563563563548e+03,5.151199483163591036e-16,1.241115160773067355e-01
1.865765765765765764e+03,4.587904115721105752e-16,1.230963949718060502e-01
1.867967967967967979e+03,4.085413779332486478e-16,1.220883924597190862e-01
1.870170170170170195e+03,3.637253061069810491e-16,1.210874697227041913e-01
1.872372372372372411e+03,3.237626446412996475e-16,1.200935880553163498e-01
1.874574574574574626e+03,2.881347985469077933e-16,1.191067088655767547e-01
1.876776776776776842e+03,2.563778122073783938e-16,1.181267936755330539e-01
1.878978978978979058e+03,2.280766968252744029e-16,1.171538041218086607e-01
1.881181181181181273e+03,2.028603377148196142e-16,1.161877019561424751e-01
1.883383383383383489e+03,1.803969231321330722e-16,1.152284490459184879e-01
1.885585585585585704e+03,1.603898420967247973e-16,1.142760073746856009e-01
1.887787787787787920e+03,1.425740038615254189e-16,1.133303390426672053e-01
1.889989989989990136e+03,1.267125363863715965e-16,1.123914062672612818e-01
1.892192192192192351e+03,1.125938254097856035e-16,1.114591713835303699e-01
1.894394394394394567e+03,1.000288595399008988e-16,1.105335968446822387e-01
1.896596596596596783e+03,8.884885023703632242e-17,1.096146452225401080e-01
1.898798798798798771e+03,7.890309867367305501e-17,1.087022792080043765e-01
1.901001001001000986e+03,7.005708426502009985e-17,1.077964616115035246e-01
1.903203203203203202e+03,6.219075219439521720e-17,1.068971553634362470e-01
1.905405405405405418e+03,5.519697953897161446e-17,1.060043235146043150e-01
1.907607607607607633e+03,4.898020165733532697e-17,1.051179292366351270e-01
1.909809809809809849e+03,4.345518235249510225e-17,1.042379358223955998e-01
1.912012012012012065e+03,3.854591299236445405e-17,1.033643066863966370e-01
1.914214214214214280e+03,3.418462727220863011e-17,1.024970053651882290e-01
1.916416416416416496e+03,3.031091965625497037e-17,1.016359955177453256e-01
1.918618618618618711e+03,2.687095675333649691e-17,1.007812409258446174e-01
1.920820820820820927e+03,2.381677197723844092e-17,9.993270549443214468e-02
1.923023023023023143e+03,2.110563482837875511e-17,9.909035325198226052e-02
1.925225225225225358e+03,1.869948702035018001e-17,9.825414835084693432e-02
1.927427427427427574e+03,1.656443847248649292e-17,9.742405506759664602e-02
1.929629629629629790e+03,1.467031690679028529e-17,9.660003780335220391e-02
1.931831831831832005e+03,1.299026543226664009e-17,9.578206108410783348e-02
1.934034034034034221e+03,1.150038307912245286e-17,9.497008956104552313e-02
1.936236236236236209e+03,1.017940376592691296e-17,9.416408801084046043e-02
1.938438438438438425e+03,9.008409650529980085e-18,9.336402133595782249e-02
1.940640640640640640e+03,7.970575235602971017e-18,9.256985456494165598e-02
1.942842842842842856e+03,7.050938976858065273e-18,9.178155285269413988e-02
1.945045045045045072e+03,6.236199480624814503e-18,9.099908148074721537e-02
1.947247247247247287e+03,5.514533681392853642e-18,9.022240585752516751e-02
1.949449449449449503e+03,4.875434662655580168e-18,8.945149151859960179e-02
1.951651651651651719e+03,4.309567029068588067e-18,8.868630412693521980e-02
1.953853853853853934e+03,3.808637957397299335e-18,8.792680947312814244e-02
1.956056056056056150e+03,3.365282250531830835e-18,8.717297347563532361e-02
1.958258258258258365e+03,2.972959895289084588e-18,8.642476218099651164e-02
1.960460460460460581e+03,2.625864782878053419e-18,8.568214176404750915e-02
1.962662662662662797e+03,2.318843392634803872e-18,8.494507852812589743e-02
1.964864864864865012e+03,2.047322366618822362e-18,8.421353890526848962e-02
1.967067067067067228e+03,1.807244016410103332e-18,8.348748945640097063e-02
1.969269269269269444e+03,1.595008905314269720e-18,8.276689687151961294e-02
1.971471471471471659e+03,1.407424740391374858e-18,8.205172796986535955e-02
1.973673673673673647e+03,1.241660890371758180e-18,8.134194970009003822e-02
1.975875875875875863e+03,1.095207918592791011e-18,8.063752914041470710e-02
1.978078078078078079e+03,9.658415854733816984e-19,7.993843349878096416e-02
1.980280280280280294e+03,8.515908335316312906e-19,7.924463011299394399e-02
1.982482482482482510e+03,7.507093202630112245e-19,7.855608645085833397e-02
1.984684684684684726e+03,6.616501109720060309e-19,7.787277011030681317e-02
1.986886886886886941e+03,5.830431854673811479e-19,7.719464881952078916e-02
1.989089089089089157e+03,5.136754499063745899e-19,7.652169043704432072e-02
1.991291291291291373e+03,4.524729784718760104e-19,7.585386295189025518e-02
1.993493493493493588e+03,3.984852394044821742e-19,7.519113448363960728e-02
1.995695695695695804e+03,3.508710865626793384e-19,7.453347328253326354e-02
1.997897897897898019e+03,3.088863214841535378e-19,7.388084772955703927e-02
2.000100100100100235e+03,2.718726521698607769e-19,7.323322633651932478e-02
2.002302302302302451e+03,2.392478937792139554e-19,7.259057774612198699e-02
2.004504504504504666e+03,2.104972733511017009e-19,7.195287073202434602e-02
2.006706706706706882e+03,1.851657157674375663e-19,7.132007419889971334e-02
2.008908908908909098e+03,1.628510016473608441e-19,7.069215718248604563e-02
2.011111111111111086e+03,1.431976998744235299e-19,7.006908884962927131e-02
2.013313313313313301e+03,1.258917881715200688e-19,6.945083849831937273e-02
2.015515515515515517e+03,1.106558846876598500e-19,6.883737555772130590e-02
2.017717717717717733e+03,9.724502207168329058e-20,6.822866958819756578e-02
2.019919919919919948e+03,8.544290309165789511e-20,6.762469028132583881e-02
2.022122122122122164e+03,7.505858361475068867e-20,6.702540745990877291e-02
2.024324324324324380e+03,6.592353477963647851e-20,6.643079107797808525e-02
2.026526526526526595e+03,5.788904155181935693e-20,6.584081122079267490e-02
2.028728728728728811e+03,5.082389962255347960e-20,6.525543810482892226e-02
2.030930930930931027e+03,4.461237685805529342e-20,6.467464207776675578e-02
2.033133133133133242e+03,3.915240928417278820e-20,6.409839361846764172e-02
2.035335335335335458e+03,3.435400495334942461e-20,6.352666333694784173e-02
2.037537537537537673e+03,3.013783203097298087e-20,6.295942197434450938e-02
2.039739739739739889e+03,2.643397009742237131e-20,6.239664040287675600e-02
2.041941941941942105e+03,2.318080602650569168e-20,6.183828962579981242e-02
2.044144144144144320e+03,2.032405790272711819e-20,6.128434077735379903e-02
2.046346346346346536e+03,1.781591230770331138e-20,6.073476512270666039e-02
2.048548548548548752e+03,1.561426196573382728e-20,6.018953405789100042e-02
2.050750750750750740e+03,1.368203221290270202e-20,5.964861910973540127e-02
2.052952952952952728e+03,1.198658606355293799e-20,5.911199193578973304e-02
2.055155155155155171e+03,1.049919881073029176e-20,5.857962432424534960e-02
2.057357357357357614e+03,9.194594129443207463e-21,5.805148819384923359e-02
2.059559559559559602e+03,8.050534567787090305e-21,5.752755559381296513e-02
2.061761761761761591e+03,7.047460124007364655e-21,5.700779870371551483e-02
2.063963963963964034e+03,6.168169328877958207e-21,5.649218983340156819e-02
2.066166166166166477e+03,5.397537892569026756e-21,5.598070142287405598e-02
2.068368368368368465e+03,4.722270542553740673e-21,5.547330604218118910e-02
2.070570570570570453e+03,4.130682182150445898e-21,5.496997639129822671e-02
2.072772772772772896e+03,3.612504945208385058e-21,5.447068530000438724e-02
2.074974974974975339e+03,3.158718117621712452e-21,5.397540572775458984e-02
2.077177177177177327e+03,2.761398246506216328e-21,5.348411076354588761e-02
2.079379379379379316e+03,2.413587068050793047e-21,5.299677362577859263e-02
2.081581581581581759e+03,2.109175159764720001e-21,5.251336766211298079e-02
2.083783783783784202e+03,1.842799466091808011e-21,5.203386634932088972e-02
2.085985985985986190e+03,1.609753061702359248e-21,5.155824329313260512e-02
2.088188188188188178e+03,1.405905707372387266e-21,5.108647222807785604e-02
2.090390390390390166e+03,1.227633922015673954e-21,5.061852701732365983e-02
2.092592592592592609e+03,1.071759443647052627e-21,5.015438165250622748e-02
2.094794794794795052e+03,9.354950840363368660e-22,4.969401025355905249e-02
2.096996996996997041e+03,8.163970985252024682e-22,4.923738706853564989e-02
2.099199199199199029e+03,7.123232956709517607e-22,4.878448647342797234e-02
2.101401401401401472e+03,6.213962025949164817e-22,4.833528297198039225e-02
2.103603603603603915e+03,5.419706825253779986e-22,4.788975119549962467e-02
2.105805805805805903e+03,4.726054722497290340e-22,4.744786590265964721e-02
2.108008008008007891e+03,4.120381701097204453e-22,4.700960197930201950e-02
2.110210210210210334e+03,3.591632607425189542e-22,4.657493443823298995e-02
2.112412412412412777e+03,3.130128118371914166e-22,4.614383841901545380e-02
2.114614614614614766e+03,2.727395214930028674e-22,4.571628918775694911e-02
2.116816816816816754e+03,2.376018329981715626e-22,4.529226213689352409e-02
2.119019019019019197e+03,2.069508675847073721e-22,4.487173278496932316e-02
2.121221221221221640e+03,1.802189554789255934e-22,4.445467677641293941e-02
2.123423423423423628e+03,1.569095718208810034e-22,4.404106988130850053e-02
2.125625625625625617e+03,1.365885071777299153e-22,4.363088799516372934e-02
2.127827827827827605e+03,1.188761227884722717e-22,4.322410713867368831e-02
2.130030030030030048e+03,1.034405586705632311e-22,4.282070345748097834e-02
2.132232232232232491e+03,8.999177857628478378e-23,4.242065322193208643e-02
2.134434434434434479e+03,7.827634975860393168e-23,4.202393282682967413e-02
2.136636636636636467e+03,6.807286781444850337e-23,4.163051879118143117e-02
2.138838838838838910e+03,5.918794771345467363e-23,4.124038775794525158e-02
2.141041041041041353e+03,5.145271166539364187e-23,4.085351649377082922e-02
2.143243243243243342e+03,4.471971288266132583e-23,4.046988188873783948e-02
2.145445445445445330e+03,3.886024169034848761e-23,4.008946095609013105e-02
2.147647647647647773e+03,3.376196694488096406e-23,3.971223083196672582e-02
2.149849849849850216e+03,2.932687144824918159e-23,3.933816877513002935e-02
2.152052052052052204e+03,2.546944508152627392e-23,3.896725216668963515e-02
2.154254254254254192e+03,2.211510381069412594e-23,3.859945850982351295e-02
2.156456456456456635e+03,1.919880661214298286e-23,3.823476542949549167e-02
2.158658658658659078e+03,1.666384578854069524e-23,3.787315067217010556e-02
2.160860860860861067e+03,1.446078915432359506e-23,3.751459210552381823e-02
2.163063063063063055e+03,1.254655521361924238e-23,3.715906771815316589e-02
2.165265265265265043e+03,1.088360477568742937e-23,3.680655561927979186e-02
2.167467467467467486e+03,9.439234492609455084e-24,3.645703403845282353e-02
2.169669669669669929e+03,8.184959594985490336e-24,3.611048132524793258e-02
2.171871871871871917e+03,7.095974673757578690e-24,3.576687594896360567e-02
2.174074074074073906e+03,6.150682736402119913e-24,3.542619649831400819e-02
2.176276276276276349e+03,5.330283976846372828e-24,3.508842168111985654e-02
2.178478478478478792e+03,4.618416761039670990e-24,3.475353032399611936e-02
2.180680680680680780e+03,4.000844262177155053e-24,3.442150137203674187e-02
2.182882882882882768e+03,3.465180996982013129e-24,3.409231388849671973e-02
2.185085085085085211e+03,3.000654231151137885e-24,3.376594705447172329e-02
2.187287287287287654e+03,2.597895850339404709e-24,3.344238016857522394e-02
2.189489489489489642e+03,2.248760843688431518e-24,3.312159264661243552e-02
2.191691691691691631e+03,1.946169029394346677e-24,3.280356402125231274e-02
2.193893893893894074e+03,1.683967074491893300e-24,3.248827394169664928e-02
2.196096096096096517e+03,1.456808231248746639e-24,3.217570217334712185e-02
2.198298298298298505e+03,1.260047536755969842e-24,3.186582859746970448e-02
2.200500500500500493e+03,1.089650506131006983e-24,3.155863321085645989e-02
2.202702702702702481e+03,9.421135981889562578e-25,3.125409612548552679e-02
2.204904904904904924e+03,8.143949498534904538e-25,3.095219756817844600e-02
2.207107107107107367e+03,7.038540658066096882e-25,3.065291788025550218e-02
2.209309309309309356e+03,6.081993162773198184e-25,3.035623751718875135e-02
2.211511511511511344e+03,5.254422414004282353e-25,3.006213704825256086e-02
2.213713713713713787e+03,4.538577878265161300e-25,2.977059715617273727e-02
2.215915915915916230e+03,3.919497145057786205e-25,2.948159863677316320e-02
2.218118118118118218e+03,3.384205017960651334e-25,2.919512239862017203e-02
2.220320320320320207e+03,2.921451830060353052e-25,2.891114946266542390e-02
2.222522522522522650e+03,2.521485917094956010e-25,2.862966096188647100e-02
2.224724724724725093e+03,2.175855830004120718e-25,2.835063814092569565e-02
2.226926926926927081e+03,1.877238434751906152e-25,2.807406235572715986e-02
2.229129129129129069e+03,1.619289541614625736e-25,2.779991507317155011e-02
2.231331331331331512e+03,1.396514137623592157e-25,2.752817787070947764e-02
2.233533533533533955e+03,1.204153672432942577e-25,2.725883243599321049e-02
2.235735735735735943e+03,1.038088176465514418e-25,2.699186056650636906e-02
2.237937937937937932e+03,8.947512768303111279e-26,2.672724416919192852e-02
2.240140140140139920e+03,7.710564265057215967e-26,2.646496526007869818e-02
2.242342342342342363e+03,6.643328802802991750e-26,2.620500596390635747e-02
2.244544544544544806e+03,5.722701409948057530e-26,2.594734851374881288e-02
2.246746746746746794e+03,4.928697652823509444e-26,2.569197525063575058e-02
2.248948948948948782e+03,4.244035623601168544e-26,2.543886862317304084e-02
2.251151151151151225e+03,3.653773451977202150e-26,2.518801118716146314e-02
2.253353353353353668e+03,3.144995029427485523e-26,2.493938560521435227e-02
2.255555555555555657e+03,2.706537588950236681e-26,2.469297464637352016e-02
2.257757757757757645e+03,2.328755613960490415e-26,2.444876118572373788e-02
2.259959959959960088e+03,2.003316273181319491e-26,2.420672820400631906e-02
2.262162162162162531e+03,1.723022207792299647e-26,2.396685878723125301e-02
2.264364364364364519e+03,1.481658044782813179e-26,2.372913612628787389e-02
2.266566566566566507e+03,1.273857486932627055e-26,2.349354351655463108e-02
2.268768768768768950e+03,1.094988244272948224e-26,2.326006435750740953e-02
2.270970970970971393e+03,9.410524322743338221e-27,2.302868215232712831e-02
2.273173173173173382e+03,8.086003753414030792e-27,2.279938050750577802e-02
2.275375375375375370e+03,6.946560265581848399e-27,2.257214313245152135e-02
2.277577577577577358e+03,5.966524513269433931e-27,2.234695383909300614e-02
2.279779779779779801e+03,5.123760282060823635e-27,2.212379654148226293e-02
2.281981981981982244e+03,4.399181989109847334e-27,2.190265525539712016e-02
2.284184184184184232e+03,3.776337546080020277e-27,2.168351409794225249e-02
2.286386386386386221e+03,3.241047803677908335e-27,2.146635728714939989e-02
2.288588588588588664e+03,2.781094966147763913e-27,2.125116914157699002e-02
2.290790790790791107e+03,2.385953379358802085e-27,2.103793407990858094e-02
2.292992992992993095e+03,2.046556977144913860e-27,2.082663662055082854e-02
2.295195195195195083e+03,1.755098434942723126e-27,2.061726138123025354e-02
2.297397397397397526e+03,1.504855742813101699e-27,2.040979307858957481e-02
2.299599599599599969e+03,1.290042484945668568e-27,2.020421652778348065e-02
2.301801801801801957e+03,1.105678611316395049e-27,2.000051664207314062e-02
2.304004004004003946e+03,9.474789193669755752e-28,1.979867843242064107e-02
2.306206206206206389e+03,8.117568381576648260e-28,1.959868700708233130e-02
2.308408408408408832e+03,6.953414320258371729e-28,1.940052757120214882e-02
2.310610610610610820e+03,5.955058219775076608e-28,1.920418542640375467e-02
2.312812812812812808e+03,5.099054665957637726e-28,1.900964597038247439e-02
2.315015015015014797e+03,4.365249551619774422e-28,1.881689469649671861e-02
2.317217217217217240e+03,3.736321482910286977e-28,1.862591719335879650e-02
2.319419419419419683e+03,3.197386594460356682e-28,1.843669914442552793e-02
2.321621621621621671e+03,2.735658074906958834e-28,1.824922632758808894e-02
2.323823823823823659e+03,2.340152887968449435e-28,1.806348461476169065e-02
2.326026026026026102e+03,2.001439198129360648e-28,1.787945997147483146e-02
2.328228228228228545e+03,1.711418895530382963e-28,1.769713845645828551e-02
2.330430430430430533e+03,1.463140380387239464e-28,1.751650622123376855e-02
2.332632632632632522e+03,1.250637429251341013e-28,1.733754950970200007e-02
2.334834834834834965e+03,1.068790537608378490e-28,1.716025465773101527e-02
2.337037037037037408e+03,9.132076277700532247e-29,1.698460809274398089e-02
2.339239239239239396e+03,7.801214382171772622e-29,1.681059633330682715e-02
2.341441441441441384e+03,6.663012795712132831e-29,1.663820598871556047e-02
2.343643643643643827e+03,5.689771610625072015e-29,1.646742375858372548e-02
2.345845845845846270e+03,4.857745665347702554e-29,1.629823643242956505e-02
2.348048048048048258e+03,4.146583965693507723e-29,1.613063088926311103e-02
2.350250250250250247e+03,3.538847983333896117e-29,1.596459409717304601e-02
2.352452452452452690e+03,3.019597816669429713e-29,1.580011311291372803e-02
2.354654654654654678e+03,2.576036725497935659e-29,1.563717508149228136e-02
2.356856856856857121e+03,2.197205867340899093e-29,1.547576723575517718e-02
2.359059059059059109e+03,1.873722198552559088e-29,1.531587689597547521e-02
2.361261261261261552e+03,1.597553482133000453e-29,1.515749146943954490e-02
2.363463463463463540e+03,1.361825187898682167e-29,1.500059845003436955e-02
2.365665665665665983e+03,1.160654797804083383e-29,1.484518541783442017e-02
2.367867867867867972e+03,9.890096557505096747e-30,1.469124003868914514e-02
2.370070070070069960e+03,8.425850409555041443e-30,1.453875006381013558e-02
2.372272272272272403e+03,7.176996088295508482e-30,1.438770332935880927e-02
2.374474474474474391e+03,6.112057436072532573e-30,1.423808775603415365e-02
2.376676676676676834e+03,5.204127116122767596e-30,1.408989134866049653e-02
2.378878878878878822e+03,4.430208006757798900e-30,1.394310219577584407e-02
2.381081081081081265e+03,3.770648865067429498e-30,1.379770846922011816e-02
2.383283283283283254e+03,3.208660864535972329e-30,1.365369842372397662e-02
2.385485485485485697e+03,2.729903500319041433e-30,1.351106039649758485e-02
2.387687687687687685e+03,2.322129980855684855e-30,1.336978280682007449e-02
2.389889889889890128e+03,1.974883621671176886e-30,1.322985415562892737e-02
2.392092092092092116e+03,1.679237958363370659e-30,1.309126302511015583e-02
2.394294294294294559e+03,1.427574328125090811e-30,1.295399807828834758e-02
2.396496496496496547e+03,1.213391556292608628e-30,1.281804805861761799e-02
2.398698698698698990e+03,1.031143146575293994e-30,1.268340178957253796e-02
2.400900900900900979e+03,8.760980283005381032e-31,1.255004817423979041e-02
2.403103103103103422e+03,7.442214762280959044e-31,1.241797619491005929e-02
2.405305305305305410e+03,6.320733012193173562e-31,1.228717491267062277e-02
2.407507507507507398e+03,5.367208244314694647e-31,1.215763346699810094e-02
2.409709709709709841e+03,4.556645033561459186e-31,1.202934107535207249e-02
2.411911911911911830e+03,3.867743831906770146e-31,1.190228703276898989e-02
2.414114114114114273e+03,3.282358088354471744e-31,1.177646071145661485e-02
2.416316316316316261e+03,2.785030573636399352e-31,1.165185156038925536e-02
2.418518518518518704e+03,2.362597433722575690e-31,1.152844910490314310e-02
2.420720720720720692e+03,2.003850147196079027e-31,1.140624294629296286e-02
2.422922922922923135e+03,1.699246976710579693e-31,1.128522276140846679e-02
2.425125125125125123e+03,1.440666717563344706e-31,1.116537830225208111e-02
2.427327327327327566e+03,1.221198585579565071e-31,1.104669939557691681e-02
2.429529529529529555e+03,1.034962976712831346e-31,1.092917594248570858e-02
2.431731731731731998e+03,8.769585931974549286e-32,1.081279791803001211e-02
2.433933933933933986e+03,7.429320839615320153e-32,1.069755537081063315e-02
2.436136136136136429e+03,6.292669059414520960e-32,1.058343842257824033e-02
2.438338338338338417e+03,5.328885913549752186e-32,1.047043726783510910e-02
2.440540540540540860e+03,4.511840153984690013e-32,1.035854217343731148e-02
2.442742742742742848e+03,3.819326091215178468e-32,1.024774347819791369e-02
2.444944944944944837e+03,3.232477618692408843e-32,1.013803159249065423e-02
2.447147147147147280e+03,2.735269139441530889e-32,1.002939699785468028e-02
2.449349349349349268e+03,2.314090592564161370e-32,9.921830246599979558e-03
2.451551551551551711e+03,1.957385650505203352e-32,9.815321961413488866e-03
2.453753753753753699e+03,1.655343758989039791e-32,9.709862834966321438e-03
2.455955955955956142e+03,1.399638059642189837e-32,9.605443629521486990e-03
2.458158158158158130e+03,1.183202404175350555e-32,9.502055176542829537e-03
2.460360360360360573e+03,1.000041667394243291e-32,9.399688376304459608e-03
2.462562562562562562e+03,8.450704189446786999e-33,9.298334197501421580e-03
2.464764764764765005e+03,7.139757416900060192e-33,9.197983676860942148e-03
2.466966966966966993e+03,6.031006060700019931e-33,9.098627918754880958e-03
2.469169169169169436e+03,5.093447401764889293e-33,9.000258094812823087e-03
2.471371371371371424e+03,4.300803878578605004e-33,8.902865443536326848e-03
2.473573573573573867e+03,3.630807332629650184e-33,8.806441269913934874e-03
2.475775775775775855e+03,3.064590995561964873e-33,8.710976945037340533e-03
2.477977977977978298e+03,2.586173103667271344e-33,8.616463905718258626e-03
2.480180180180180287e+03,2.182018419703104470e-33,8.522893654106586739e-03
2.482382382382382275e+03,1.840665982983337401e-33,8.430257757309298633e-03
2.484584584584584718e+03,1.552413148083789631e-33,8.338547847010435721e-03
2.486786786786786706e+03,1.309047454568564316e-33,8.247755619092217438e-03
2.488988988988989149e+03,1.103619132696046688e-33,8.157872833256909692e-03
2.491191191191191137e+03,9.302481253932041820e-34,8.068891312650107103e-03
2.493393393393393580e+03,7.839604224630305415e-34,7.980802943484622408e-03
2.495595595595595569e+03,6.605492825649746876e-34,7.893599674665857310e-03
2.497797797797798012e+03,5.564575820653167782e-34,7.807273517417862886e-03
2.500000000000000000e+03,4.686780945505326012e-34,7.721816544910837209e-03
