site,status,path,n,latitude,longitude,elev,metadata_altitude
AKA,cached,/Users/dengnan/Documents/git_store/FY4A_SWCOD/FY4A_data/McClear_clearsky/AKA_mcclear_2021_hourly.csv,,,,,
ALF,cached,/Users/dengnan/Documents/git_store/FY4A_SWCOD/FY4A_data/McClear_clearsky/ALF_mcclear_2021_hourly.csv,,,,,
ASA,cached,/Users/dengnan/Documents/git_store/FY4A_SWCOD/FY4A_data/McClear_clearsky/ASA_mcclear_2021_hourly.csv,,,,,
BJC,cached,/Users/dengnan/Documents/git_store/FY4A_SWCOD/FY4A_data/McClear_clearsky/BJC_mcclear_2021_hourly.csv,,,,,
BJF,cached,/Users/dengnan/Documents/git_store/FY4A_SWCOD/FY4A_data/McClear_clearsky/BJF_mcclear_2021_hourly.csv,,,,,
BNF,cached,/Users/dengnan/Documents/git_store/FY4A_SWCOD/FY4A_data/McClear_clearsky/BNF_mcclear_2021_hourly.csv,,,,,
CBF,cached,/Users/dengnan/Documents/git_store/FY4A_SWCOD/FY4A_data/McClear_clearsky/CBF_mcclear_2021_hourly.csv,,,,,
CLD,cached,/Users/dengnan/Documents/git_store/FY4A_SWCOD/FY4A_data/McClear_clearsky/CLD_mcclear_2021_hourly.csv,,,,,
CSA,cached,/Users/dengnan/Documents/git_store/FY4A_SWCOD/FY4A_data/McClear_clearsky/CSA_mcclear_2021_hourly.csv,,,,,
CWA,cached,/Users/dengnan/Documents/git_store/FY4A_SWCOD/FY4A_data/McClear_clearsky/CWA_mcclear_2021_hourly.csv,,,,,
DHF,cached,/Users/dengnan/Documents/git_store/FY4A_SWCOD/FY4A_data/McClear_clearsky/DHF_mcclear_2021_hourly.csv,,,,,
DHL,cached,/Users/dengnan/Documents/git_store/FY4A_SWCOD/FY4A_data/McClear_clearsky/DHL_mcclear_2021_hourly.csv,,,,,
DTL,cached,/Users/dengnan/Documents/git_store/FY4A_SWCOD/FY4A_data/McClear_clearsky/DTL_mcclear_2021_hourly.csv,,,,,
DYB,cached,/Users/dengnan/Documents/git_store/FY4A_SWCOD/FY4A_data/McClear_clearsky/DYB_mcclear_2021_hourly.csv,,,,,
ESD,cached,/Users/dengnan/Documents/git_store/FY4A_SWCOD/FY4A_data/McClear_clearsky/ESD_mcclear_2021_hourly.csv,,,,,
FKD,downloaded,/Users/dengnan/Documents/git_store/FY4A_SWCOD/FY4A_data/McClear_clearsky/FKD_mcclear_2021_hourly.csv,8760.0,47.29266667,87.93366667,461.0,461.0
FQA,downloaded,/Users/dengnan/Documents/git_store/FY4A_SWCOD/FY4A_data/McClear_clearsky/FQA_mcclear_2021_hourly.csv,8760.0,35.0001,114.4,67.5,67.5
GGF,downloaded,/Users/dengnan/Documents/git_store/FY4A_SWCOD/FY4A_data/McClear_clearsky/GGF_mcclear_2021_hourly.csv,8760.0,29.58333333,102.0001,3000.0,3000.0
GGS,downloaded,/Users/dengnan/Documents/git_store/FY4A_SWCOD/FY4A_data/McClear_clearsky/GGS_mcclear_2021_hourly.csv,8760.0,29.65,102.1166667,1640.0,1640.0
HBG,downloaded,/Users/dengnan/Documents/git_store/FY4A_SWCOD/FY4A_data/McClear_clearsky/HBG_mcclear_2021_hourly.csv,8760.0,37.53333333,101.25,3220.0,3220.0
HJA,downloaded,/Users/dengnan/Documents/git_store/FY4A_SWCOD/FY4A_data/McClear_clearsky/HJA_mcclear_2021_hourly.csv,8760.0,24.73333333,108.3166667,279.0,279.0
HLA,downloaded,/Users/dengnan/Documents/git_store/FY4A_SWCOD/FY4A_data/McClear_clearsky/HLA_mcclear_2021_hourly.csv,8760.0,47.45,126.9166667,236.0,236.0
HSF,downloaded,/Users/dengnan/Documents/git_store/FY4A_SWCOD/FY4A_data/McClear_clearsky/HSF_mcclear_2021_hourly.csv,8760.0,22.68333333,112.9,56.4,56.4
HTF,downloaded,/Users/dengnan/Documents/git_store/FY4A_SWCOD/FY4A_data/McClear_clearsky/HTF_mcclear_2021_hourly.csv,8760.0,26.85,109.6,557.0,557.0
JZB,downloaded,/Users/dengnan/Documents/git_store/FY4A_SWCOD/FY4A_data/McClear_clearsky/JZB_mcclear_2021_hourly.csv,8760.0,36.05,120.2666667,6.8,0.0
LCA,downloaded,/Users/dengnan/Documents/git_store/FY4A_SWCOD/FY4A_data/McClear_clearsky/LCA_mcclear_2021_hourly.csv,8760.0,37.884,114.6841667,50.1,50.1
LSA,downloaded,/Users/dengnan/Documents/git_store/FY4A_SWCOD/FY4A_data/McClear_clearsky/LSA_mcclear_2021_hourly.csv,8760.0,29.66666667,91.33333333,3688.0,3688.0
LZD,downloaded,/Users/dengnan/Documents/git_store/FY4A_SWCOD/FY4A_data/McClear_clearsky/LZD_mcclear_2021_hourly.csv,8760.0,39.33333333,100.1166667,1384.0,1384.0
MXF,downloaded,/Users/dengnan/Documents/git_store/FY4A_SWCOD/FY4A_data/McClear_clearsky/MXF_mcclear_2021_hourly.csv,8760.0,31.7,103.9,1826.0,1826.0
NMD,downloaded,/Users/dengnan/Documents/git_store/FY4A_SWCOD/FY4A_data/McClear_clearsky/NMD_mcclear_2021_hourly.csv,8760.0,42.93333333,120.7,358.0,358.0
NMG,downloaded,/Users/dengnan/Documents/git_store/FY4A_SWCOD/FY4A_data/McClear_clearsky/NMG_mcclear_2021_hourly.csv,8760.0,43.63333333,116.7,1187.0,1187.0
PDF,downloaded,/Users/dengnan/Documents/git_store/FY4A_SWCOD/FY4A_data/McClear_clearsky/PDF_mcclear_2021_hourly.csv,8760.0,26.3667,105.75,1180.0,1180.0
QYA,downloaded,/Users/dengnan/Documents/git_store/FY4A_SWCOD/FY4A_data/McClear_clearsky/QYA_mcclear_2021_hourly.csv,8760.0,26.73333333,115.05,86.0,86.0
QYF,downloaded,/Users/dengnan/Documents/git_store/FY4A_SWCOD/FY4A_data/McClear_clearsky/QYF_mcclear_2021_hourly.csv,8760.0,41.85,124.9333,560.0,560.0
SJM,downloaded,/Users/dengnan/Documents/git_store/FY4A_SWCOD/FY4A_data/McClear_clearsky/SJM_mcclear_2021_hourly.csv,8760.0,47.58333333,133.5166667,55.0,55.0
SNF,downloaded,/Users/dengnan/Documents/git_store/FY4A_SWCOD/FY4A_data/McClear_clearsky/SNF_mcclear_2021_hourly.csv,8760.0,31.38333333,110.2166667,1290.0,1290.0
SPD,downloaded,/Users/dengnan/Documents/git_store/FY4A_SWCOD/FY4A_data/McClear_clearsky/SPD_mcclear_2021_hourly.csv,8760.0,37.46666667,105.0001,1320.0,1320.0
SYA,downloaded,/Users/dengnan/Documents/git_store/FY4A_SWCOD/FY4A_data/McClear_clearsky/SYA_mcclear_2021_hourly.csv,8760.0,41.51666667,123.4,41.0,41.0
SYB,downloaded,/Users/dengnan/Documents/git_store/FY4A_SWCOD/FY4A_data/McClear_clearsky/SYB_mcclear_2021_hourly.csv,8760.0,18.21666667,109.4833333,3.5,0.0
THL,downloaded,/Users/dengnan/Documents/git_store/FY4A_SWCOD/FY4A_data/McClear_clearsky/THL_mcclear_2021_hourly.csv,8760.0,31.421,120.2153333,20.0,20.0
TYA,downloaded,/Users/dengnan/Documents/git_store/FY4A_SWCOD/FY4A_data/McClear_clearsky/TYA_mcclear_2021_hourly.csv,8760.0,28.91666667,111.4333333,106.0,106.0
YCA,downloaded,/Users/dengnan/Documents/git_store/FY4A_SWCOD/FY4A_data/McClear_clearsky/YCA_mcclear_2021_hourly.csv,8760.0,36.86666667,116.5666667,22.0,22.0
YGA,downloaded,/Users/dengnan/Documents/git_store/FY4A_SWCOD/FY4A_data/McClear_clearsky/YGA_mcclear_2021_hourly.csv,8760.0,31.26666667,105.45,420.0,420.0
YTA,downloaded,/Users/dengnan/Documents/git_store/FY4A_SWCOD/FY4A_data/McClear_clearsky/YTA_mcclear_2021_hourly.csv,8760.0,28.2,116.9166667,45.0,45.0
