cern_site,cern_lat,cern_lon,matched_carsnet_site,carsnet_lat,carsnet_lon,distance_km,suggested_AOD_fixed,aod_method,match_quality,top3_candidates
LSA,29.666667,91.333333,Lhasa,29.666667,91.133333,19.323920,0.061266,pooled_median_after_tukey_filter,good,Lhasa:19.3km; Shangrila:883.8km; Waliguan:1155.5km
FKD,47.292667,87.933667,Akedala,47.100000,87.966667,21.568161,0.081702,pooled_median_after_tukey_filter,good,Akedala:21.6km; Urumqi:391.0km; Dunhuang:960.9km
NMG,43.633333,116.700000,Xilinhot,43.950000,116.116667,58.584866,0.074374,pooled_median_after_tukey_filter,good,Xilinhot:58.6km; Shangdianzi:333.5km; Nanjiao:426.7km
FQA,35.000100,114.400000,Zhengzhou,34.716667,113.650000,75.340537,0.433254,pooled_median_after_tukey_filter,good,Zhengzhou:75.3km; Yushe:262.7km; Shouxian:362.3km
BJF,39.966667,115.433333,Daxing,39.450000,116.200000,87.187122,0.202756,pooled_median_after_tukey_filter,good,Daxing:87.2km; Nanjiao:90.1km; Gucheng:113.6km
DHL,30.616667,114.350000,Jinsha,29.633333,114.200000,110.289265,0.165435,pooled_median_after_tukey_filter,usable,Jinsha:110.3km; Shouxian:305.7km; Zhengzhou:460.6km
CSA,31.533333,120.683333,Shanghai,31.516670,121.958330,120.862680,0.263714,pooled_median_after_tukey_filter,usable,Shanghai:120.9km; LinAn:173.9km; Shouxian:380.3km
DTL,29.500000,112.800000,Jinsha,29.633333,114.200000,136.209906,0.165435,pooled_median_after_tukey_filter,usable,Jinsha:136.2km; Shouxian:499.7km; Zhengzhou:585.6km
HBG,37.533333,101.250000,Waliguan,36.283330,100.900000,142.434623,0.073898,pooled_median_after_tukey_filter,usable,Waliguan:142.4km; Minqin:201.8km; Ejina:491.4km
THL,31.421000,120.215333,LinAn,30.216667,119.700000,142.670739,0.214220,pooled_median_after_tukey_filter,usable,LinAn:142.7km; Shanghai:165.6km; Shouxian:341.9km
CWA,35.200000,107.666667,XiAn,34.433333,108.966667,146.118925,0.328660,pooled_median_after_tukey_filter,usable,XiAn:146.1km; Yushe:520.5km; Zhengzhou:547.8km
LCA,37.884000,114.684167,Yushe,37.066667,112.983333,175.458379,0.280981,pooled_median_after_tukey_filter,usable,Yushe:175.5km; Gucheng:206.2km; Daxing:218.3km
SPD,37.466667,105.000100,Minqin,38.633333,103.083333,212.120243,0.180501,pooled_median_after_tukey_filter,usable,Minqin:212.1km; Waliguan:387.7km; XiAn:491.1km
HJA,24.733333,108.316667,Nanning,22.633333,108.216667,233.731270,0.329491,pooled_median_after_tukey_filter,usable,Nanning:233.7km; Jinsha:796.9km; Shangrila:886.1km
GGF,29.583333,102.000100,Shangrila,28.033333,100.216667,244.735750,0.054709,pooled_median_after_tukey_filter,usable,Shangrila:244.7km; Waliguan:752.0km; XiAn:849.5km
YCA,36.866667,116.566667,Tianjin,39.066670,117.175000,250.372396,0.248499,pooled_median_after_tukey_filter,weak,Tianjin:250.4km; Gucheng:262.1km; Daxing:289.0km
GGS,29.650000,102.116667,Shangrila,28.033333,100.216667,257.990227,0.054709,pooled_median_after_tukey_filter,weak,Shangrila:258.0km; Waliguan:746.3km; XiAn:836.1km
CBF,42.400000,128.100000,LongFS,44.733300,127.600000,262.558340,0.124892,pooled_median_after_tukey_filter,weak,LongFS:262.6km; Dalian:669.8km; Shangdianzi:934.1km
LZD,39.333333,100.116667,Minqin,38.633333,103.083333,267.961763,0.180501,pooled_median_after_tukey_filter,weak,Minqin:268.0km; Ejina:301.8km; Waliguan:346.1km
ASA,36.857333,109.323167,XiAn,34.433333,108.966667,271.454014,0.328660,pooled_median_after_tukey_filter,weak,XiAn:271.5km; Yushe:326.0km; Zhengzhou:457.1km
TYA,28.916667,111.433333,Jinsha,29.633333,114.200000,279.921704,0.165435,pooled_median_after_tukey_filter,weak,Jinsha:279.9km; Shouxian:643.0km; XiAn:656.3km
ESD,39.483333,110.183333,Datong,40.083333,113.416667,284.210908,0.173949,pooled_median_after_tukey_filter,weak,Datong:284.2km; Yushe:363.2km; Daxing:516.4km
AKA,40.616833,80.828833,Tazhong,39.000000,83.666667,301.769858,0.376669,pooled_median_after_tukey_filter,weak,Tazhong:301.8km; Urumqi:660.4km; Akedala:919.6km
HLA,47.450000,126.916667,LongFS,44.733300,127.600000,306.641193,0.124892,pooled_median_after_tukey_filter,weak,LongFS:306.6km; Xilinhot:923.6km; Dalian:1042.2km
YTA,28.200000,116.916667,Jinsha,29.633333,114.200000,308.720461,0.165435,pooled_median_after_tukey_filter,weak,Jinsha:308.7km; LinAn:351.1km; Shouxian:469.0km
SYA,41.516667,123.400000,Dalian,38.900000,121.633333,327.341134,0.153967,pooled_median_after_tukey_filter,weak,Dalian:327.3km; LongFS:493.9km; Shangdianzi:535.2km
QYA,26.733333,115.050000,Jinsha,29.633333,114.200000,333.048954,0.165435,pooled_median_after_tukey_filter,weak,Jinsha:333.0km; LinAn:597.0km; Shouxian:653.9km
JZB,36.050000,120.266667,Dalian,38.900000,121.633333,339.065999,0.153967,pooled_median_after_tukey_filter,weak,Dalian:339.1km; Tianjin:432.1km; Gucheng:493.8km
CLD,37.016667,80.716667,Tazhong,39.000000,83.666667,339.723996,0.376669,pooled_median_after_tukey_filter,weak,Tazhong:339.7km; Urumqi:951.9km; Dunhuang:1261.5km
SNF,31.383333,110.216667,XiAn,34.433333,108.966667,358.647903,0.328660,pooled_median_after_tukey_filter,weak,XiAn:358.6km; Jinsha:428.3km; Zhengzhou:489.6km
QYF,41.850000,124.933300,LongFS,44.733300,127.600000,386.436174,0.124892,pooled_median_after_tukey_filter,weak,LongFS:386.4km; Dalian:430.9km; Shangdianzi:666.7km
NMD,42.933333,120.700000,Xilinhot,43.950000,116.116667,386.860599,0.074374,pooled_median_after_tukey_filter,weak,Xilinhot:386.9km; Shangdianzi:390.7km; Dalian:455.3km
ALF,24.533333,101.016667,Shangrila,28.033333,100.216667,397.266759,0.054709,pooled_median_after_tukey_filter,weak,Shangrila:397.3km; Nanning:763.4km; Lhasa:1131.9km
DHF,23.166667,112.550000,Nanning,22.633333,108.216667,447.794128,0.329491,pooled_median_after_tukey_filter,weak,Nanning:447.8km; Jinsha:737.6km; LinAn:1057.3km
HSF,22.683333,112.900000,Nanning,22.633333,108.216667,480.581875,0.329491,pooled_median_after_tukey_filter,weak,Nanning:480.6km; Jinsha:783.6km; LinAn:1076.4km
YGA,31.266667,105.450000,XiAn,34.433333,108.966667,481.488529,0.328660,pooled_median_after_tukey_filter,weak,XiAn:481.5km; Shangrila:620.4km; Waliguan:698.4km
PDF,26.366700,105.750000,Nanning,22.633333,108.216667,484.344233,0.329491,pooled_median_after_tukey_filter,weak,Nanning:484.3km; Shangrila:577.7km; Jinsha:905.3km
HTF,26.850000,109.600000,Nanning,22.633333,108.216667,489.226245,0.329491,pooled_median_after_tukey_filter,weak,Nanning:489.2km; Jinsha:546.6km; XiAn:845.4km
SYB,18.216667,109.483333,Nanning,22.633333,108.216667,508.526729,0.329491,pooled_median_after_tukey_filter,weak,Nanning:508.5km; Jinsha:1356.5km; Shangrila:1444.2km
MXF,31.700000,103.900000,Shangrila,28.033333,100.216667,540.631041,0.054709,pooled_median_after_tukey_filter,weak,Shangrila:540.6km; XiAn:561.4km; Waliguan:579.8km
SJM,47.583333,133.516667,LongFS,44.733300,127.600000,554.818600,0.124892,pooled_median_after_tukey_filter,weak,LongFS:554.8km; Dalian:1360.4km; Xilinhot:1405.4km
DYB,22.533333,114.516667,Nanning,22.633333,108.216667,646.860246,0.329491,pooled_median_after_tukey_filter,weak,Nanning:646.9km; Jinsha:790.1km; LinAn:997.9km
BNF,21.916667,101.266667,Shangrila,28.033333,100.216667,688.314882,0.054709,pooled_median_after_tukey_filter,weak,Shangrila:688.3km; Nanning:719.5km; Lhasa:1329.9km
