index,Time,ghi,Sun_Zen,ghi_clear,T_s,RH,C01,C02,C03,C04,C05,C06,Sat_Zen,Sun_Gli,ele,Abdo_C01_p0,Abdo_C01_p1,Abdo_C01_p2,Abdo_C02_p0,Abdo_C02_p1,Abdo_C02_p2,Abdo_C03_p0,Abdo_C03_p1,Abdo_C03_p2,Abdo_C04_p0,Abdo_C04_p1,Abdo_C04_p2,Abdo_C05_p0,Abdo_C05_p1,Abdo_C05_p2,Abdo_C06_p0,Abdo_C06_p1,Abdo_C06_p2,BSA_C01,WSA_C01,BSA_C02,WSA_C02,BSA_C03,WSA_C03,BSA_C04,WSA_C04,BSA_C05,WSA_C05,BSA_C06,WSA_C06,RAZ
20,2021-01-28 05:00:00,491.6,58.63037508661978,550.3746470933046,268.76,12.69,0.142,0.1295,0.151,0.0355,0.173,0.1385,47.8,106.1,1.32,0.101,0.004,0.02,0.182,0.087,0.051,0.271,0.104,0.08,0.29,0.15,0.092,0.234,0.008,0.055,0.229,0.095,0.069,0.0737061443863746,0.074204296,0.1314224955285223,0.128200286,0.1836204213763254,0.180465376,0.1970429579061507,0.191636376,0.1581988569319339,0.159744262,0.1549478176678009,0.1519165619999999,8.692987897703603
1,2021-01-02 05:00:00,360.9,63.630810650640655,461.2266756246563,270.60999999999996,60.22,0.1338,0.1075,0.103,0.029,0.141,0.1088,47.8,111.22,1.32,0.092,0.004,0.018,0.18,0.086,0.05,0.278,0.106,0.081,0.301,0.155,0.095,0.234,0.008,0.055,0.234,0.096,0.07,0.0675157012324067,0.06795954,0.1364157320795039,0.1273887239999999,0.1965249835809525,0.186466122,0.2154499323658867,0.1994494299999999,0.1578096370165275,0.159744262,0.1650230975924762,0.155728124,7.091495037464341
23,2021-01-31 05:00:00,430.5,57.80431510925493,564.9806949213628,271.23999999999995,76.84,0.1543,0.136,0.1465,0.0298,0.1708,0.1385,47.8,105.28,1.32,0.102,0.004,0.02,0.182,0.087,0.051,0.27,0.103,0.079,0.29,0.149,0.092,0.234,0.008,0.055,0.23,0.095,0.069,0.0747196093162627,0.0752042959999999,0.1305616708363519,0.128200286,0.1828237767128538,0.180653814,0.1953349778630453,0.191447192,0.1582708526869147,0.159744262,0.1550478261891066,0.1529165619999999,8.70923312441397
17,2021-01-26 03:00:00,371.4,62.09902736009775,486.8169000817576,269.97999999999996,90.82,0.1325,0.1045,0.1003,0.028,0.126,0.095,47.8,100.36,1.32,0.1,0.004,0.019,0.181,0.087,0.05,0.267,0.102,0.078,0.287,0.148,0.091,0.231,0.008,0.055,0.227,0.094,0.069,0.0740894588670646,0.074581918,0.1358061772006118,0.128577908,0.1863597190489097,0.178842252,0.2016385216939918,0.1896356299999999,0.154919791522668,0.156744262,0.1567975860128762,0.149727378,41.17048406873809
9,2021-01-11 05:00:00,430.2,62.38528276258935,482.7884493034468,273.06,21.58,0.136,0.1158,0.1235,0.0273,0.1483,0.1155,47.8,109.9,1.32,0.094,0.004,0.018,0.178,0.085,0.05,0.273,0.104,0.08,0.301,0.155,0.095,0.237,0.008,0.056,0.232,0.095,0.07,0.0695159720166532,0.06995954,0.1325485685954764,0.12519954,0.1905074689374621,0.182465376,0.2126577001657974,0.1994494299999999,0.1594704906052405,0.1613666399999999,0.1610403154221918,0.15353894,7.905331875378607
10,2021-01-12 04:00:00,395.4,61.84843041104419,492.5849204689515,272.54999999999995,30.6,0.1345,0.1128,0.1063,0.0278,0.136,0.1058,47.8,106.4,1.32,0.094,0.004,0.018,0.178,0.085,0.05,0.273,0.104,0.08,0.301,0.155,0.095,0.237,0.008,0.056,0.232,0.095,0.07,0.0695170290237475,0.06995954,0.13190717429947,0.12519954,0.1897602864291531,0.182465376,0.2114957327025869,0.1994494299999999,0.1595125357891592,0.1613666399999999,0.1603516496817588,0.15353894,23.76671263297996
16,2021-01-21 04:00:00,404.7,60.16905116901684,522.7084777802519,274.10999999999996,51.21,0.1448,0.1238,0.1138,0.0288,0.1403,0.1085,47.8,104.54,1.32,0.096,0.004,0.019,0.178,0.085,0.049,0.265,0.101,0.078,0.293,0.151,0.093,0.24,0.008,0.057,0.226,0.093,0.068,0.0701039906983141,0.070581918,0.131407399133159,0.126577162,0.1815570815862246,0.176653068,0.2017772339174384,0.193447938,0.1612305202575565,0.1629890179999999,0.154592841668859,0.149915816,24.75520981933263
19,2021-01-26 05:00:00,440.9,59.1563882810833,540.9790626666907,273.97999999999996,89.23,0.1473,0.1338,0.1495,0.0308,0.162,0.1298,47.8,106.62,1.32,0.1,0.004,0.019,0.181,0.087,0.05,0.267,0.102,0.078,0.287,0.148,0.091,0.231,0.008,0.055,0.227,0.094,0.069,0.0741143107637387,0.074581918,0.1324028045494805,0.128577908,0.1825799643118506,0.178842252,0.1959133958719761,0.1896356299999999,0.1551540688159875,0.156744262,0.15328298815889,0.149727378,8.660508628691787
62,2021-02-17 05:00:00,651.4,52.41791054614294,653.381926121115,271.63,15.19,0.152,0.1468,0.1798,0.0358,0.2013,0.1705,47.8,99.98,1.32,0.095,0.004,0.018,0.174,0.083,0.048,0.257,0.098,0.075,0.272,0.14,0.086,0.22,0.008,0.052,0.217,0.089,0.065,0.0706168507302694,0.07095954,0.1211692112898858,0.1235764159999999,0.1691113327873522,0.172218382,0.1758771485192352,0.180010268,0.1489605434323092,0.149877128,0.1415152111529334,0.144291946,8.028598169285175
24,2021-02-02 05:00:00,506.5,57.23009368855504,575.0268064735276,271.2,15.98,0.1463,0.1343,0.156,0.033,0.1773,0.1458,47.8,104.7,1.32,0.102,0.004,0.02,0.182,0.087,0.051,0.271,0.103,0.079,0.29,0.15,0.092,0.235,0.008,0.055,0.23,0.095,0.069,0.0747296196187181,0.0752042959999999,0.1299811440363329,0.128200286,0.1831751946495365,0.181653814,0.1945785523754261,0.191636376,0.1593220549667639,0.1607442619999999,0.1544415868707554,0.1529165619999999,8.698109241923845
61,2021-02-17 04:00:00,674.5,52.34949982441862,654.523532434226,270.09,18.07,0.142,0.1315,0.1515,0.036,0.1733,0.1445,47.8,96.64,1.32,0.095,0.004,0.018,0.174,0.083,0.048,0.257,0.098,0.075,0.272,0.14,0.086,0.22,0.008,0.052,0.217,0.089,0.065,0.0706180678132729,0.07095954,0.1211170513804891,0.1235764159999999,0.1690541047350417,0.172218382,0.1757903657065227,0.180010268,0.1489667829135468,0.149877128,0.141462498546023,0.144291946,26.586575803131353
60,2021-02-17 03:00:00,620.9,55.86778543783272,594.5326572741722,268.45,20.87,0.1288,0.1033,0.1075,0.0345,0.1433,0.1155,47.8,93.68,1.32,0.095,0.004,0.018,0.174,0.083,0.048,0.257,0.098,0.075,0.272,0.14,0.086,0.22,0.008,0.052,0.217,0.089,0.065,0.0705639167064942,0.07095954,0.1240337332499885,0.1235764159999999,0.1722704322492788,0.172218382,0.1806475581684253,0.180010268,0.1486598783117788,0.149877128,0.1444220802479859,0.144291946,44.20419767764972
55,2021-02-16 02:00:00,496.3,62.65614766561239,473.04279520488626,271.01,18.62,0.1015,0.0768,0.0778,0.029,0.1113,0.083,47.8,91.58,1.32,0.095,0.004,0.018,0.174,0.083,0.048,0.257,0.098,0.075,0.272,0.14,0.086,0.219,0.008,0.052,0.217,0.089,0.065,0.0705156514536474,0.07095954,0.1311159615521916,0.1235764159999999,0.1801774758628312,0.172218382,0.192468413705986,0.180010268,0.1471659907652852,0.148877128,0.1516802588214187,0.144291946,59.3849401393326
51,2021-02-15 02:00:00,475.3,62.95800334202971,468.28982339727867,271.48999999999995,29.86,0.1,0.0785,0.0773,0.026,0.111,0.0795,47.8,91.92,1.32,0.097,0.004,0.019,0.173,0.083,0.048,0.256,0.098,0.075,0.273,0.141,0.086,0.219,0.008,0.052,0.219,0.09,0.066,0.0710852559851536,0.071581918,0.1304787054773454,0.1225764159999999,0.1795851352411786,0.171218382,0.1943894021690315,0.181199452,0.1471475949652655,0.148877128,0.1529385809032848,0.145103508,59.195220688090814
40,2021-02-09 02:00:00,397.6,64.67671401340361,437.3662841586623,271.60999999999996,56.25,0.1058,0.0798,0.0715,0.027,0.1063,0.0745,47.8,93.9,1.32,0.1,0.004,0.019,0.179,0.086,0.05,0.267,0.102,0.078,0.294,0.152,0.093,0.228,0.008,0.054,0.231,0.095,0.07,0.0740812498924709,0.074581918,0.1367860830777941,0.1263887239999999,0.1900703074697257,0.178842252,0.2127406711861462,0.194637122,0.1531760915109259,0.155121884,0.1631526946004701,0.15253894,58.05954844743829
64,2021-02-19 05:00:00,604.0,51.72188446966378,662.9668824200294,281.73999999999995,23.37,0.152,0.15,0.176,0.0315,0.1975,0.1635,47.8,99.3,1.32,0.095,0.004,0.019,0.174,0.083,0.048,0.257,0.098,0.075,0.272,0.14,0.086,0.22,0.008,0.052,0.217,0.089,0.065,0.0692398587978728,0.0695819179999999,0.1206466868432815,0.1235764159999999,0.1685385921160797,0.172218382,0.1750079333621306,0.180010268,0.1490244839927886,0.149877128,0.1409875597853769,0.144291946,7.857277130379686
25,2021-02-03 05:00:00,526.7,56.93623221804199,580.1339652346943,275.26,27.21,0.1448,0.1368,0.1578,0.0305,0.1793,0.1458,47.8,104.42,1.32,0.102,0.004,0.02,0.182,0.087,0.051,0.271,0.103,0.079,0.29,0.15,0.092,0.235,0.008,0.055,0.23,0.095,0.069,0.0747349440441493,0.0752042959999999,0.1296896557691506,0.128200286,0.1828498496177869,0.181653814,0.1940803021979383,0.191636376,0.159348613759826,0.1607442619999999,0.1541374128725427,0.1529165619999999,8.685891250575793
70,2021-02-22 04:00:00,673.2,50.557235281170016,679.0302056532747,281.71999999999997,25.47,0.1455,0.1335,0.1523,0.029,0.177,0.1443,47.8,94.92,1.32,0.095,0.004,0.018,0.174,0.083,0.048,0.257,0.098,0.075,0.271,0.14,0.086,0.221,0.008,0.052,0.217,0.089,0.065,0.0706520863859586,0.07095954,0.1198122771037473,0.1235764159999999,0.1676267258624649,0.172218382,0.1726206506045199,0.179010268,0.1501336543279183,0.150877128,0.1401469807101847,0.144291946,26.706103444340982
28,2021-02-05 04:00:00,525.6,56.26923747612447,591.6674091272346,280.69,22.87,0.1418,0.1248,0.1388,0.0303,0.1593,0.1258,47.8,100.5,1.32,0.102,0.004,0.02,0.182,0.087,0.051,0.271,0.103,0.079,0.29,0.15,0.092,0.235,0.008,0.055,0.23,0.095,0.069,0.0747475248542537,0.0752042959999999,0.1290419656078712,0.128200286,0.1821277202369912,0.181653814,0.1929733576030748,0.191636376,0.1594097645511694,0.1607442619999999,0.1534621002138078,0.1529165619999999,26.006795829903893
43,2021-02-09 05:00:00,508.7,55.08546756351882,611.7663484486201,278.71999999999997,32.71,0.1523,0.1408,0.1578,0.0298,0.1828,0.1495,47.8,102.6,1.32,0.1,0.004,0.019,0.179,0.086,0.05,0.267,0.102,0.078,0.294,0.152,0.093,0.228,0.008,0.054,0.231,0.095,0.07,0.0741729522429074,0.074581918,0.1261406143780759,0.1263887239999999,0.1781023334625847,0.178842252,0.1940882990013361,0.194637122,0.153922601114855,0.155121884,0.1519128914052009,0.15253894,8.51755696752241
27,2021-02-05 03:00:00,385.7,59.57322885742166,532.5796250814968,276.91999999999996,32.94,0.125,0.1005,0.0968,0.0283,0.1323,0.1023,47.8,97.54,1.32,0.102,0.004,0.02,0.182,0.087,0.051,0.271,0.103,0.079,0.29,0.15,0.092,0.235,0.008,0.055,0.23,0.095,0.069,0.0746921676963586,0.0752042959999999,0.1324426767848881,0.128200286,0.1859305598834283,0.181653814,0.1987878598062086,0.191636376,0.159119177994706,0.1607442619999999,0.1570159096946885,0.1529165619999999,42.59902945428925
44,2021-02-10 02:00:00,417.9,64.40181726051293,442.4726353417442,273.53,56.64,0.106,0.0843,0.0773,0.0288,0.1088,0.077,47.8,93.58,1.32,0.101,0.004,0.02,0.18,0.086,0.05,0.267,0.102,0.078,0.289,0.149,0.091,0.239,0.008,0.056,0.228,0.094,0.069,0.0736458693294343,0.074204296,0.1374206436822823,0.1273887239999999,0.189656204055733,0.178842252,0.208952138645209,0.1918248139999999,0.1613218669494183,0.1633666399999999,0.1608603389598044,0.150727378,58.24840331313638
50,2021-02-12 05:00:00,498.1,54.10913686585883,628.0781469062855,274.36074074074077,77.96481481481482,0.1545,0.14,0.1508,0.0308,0.177,0.1448,47.8,101.64,1.32,0.101,0.004,0.02,0.179,0.085,0.05,0.266,0.101,0.078,0.284,0.147,0.09,0.23,0.008,0.054,0.226,0.093,0.068,0.0737927819368062,0.074204296,0.1250957072816361,0.12619954,0.1759627089981256,0.177653068,0.1858431729117754,0.1878240679999999,0.1560135978049644,0.157121884,0.1484372178345528,0.149915816,8.370533733081544
49,2021-02-12 04:00:00,489.9,54.05510253749525,629.0015910119812,274.2588888888889,77.64277777777778,0.152,0.1333,0.141,0.0308,0.1658,0.131,47.8,98.3,1.32,0.101,0.004,0.02,0.179,0.085,0.05,0.266,0.101,0.078,0.284,0.147,0.09,0.23,0.008,0.054,0.226,0.093,0.068,0.0737939986649055,0.074204296,0.1250500762520004,0.12619954,0.1759120320859783,0.177653068,0.1857649308864218,0.1878240679999999,0.1560187000905615,0.157121884,0.1483898263863466,0.149915816,26.39420896498788
48,2021-02-12 02:00:00,326.1,63.837833956857224,452.8997472185922,274.05518518518517,76.9987037037037,0.1238,0.0938,0.082,0.0273,0.1085,0.0788,47.8,92.92,1.32,0.101,0.004,0.02,0.179,0.085,0.05,0.266,0.101,0.078,0.284,0.147,0.09,0.23,0.008,0.054,0.226,0.093,0.068,0.0736489575784792,0.074204296,0.1353529339014448,0.12619954,0.1874907760517767,0.177653068,0.203456837826181,0.1878240679999999,0.1552289119702315,0.157121884,0.1591878540661173,0.149915816,58.626701635314845
68,2021-02-21 05:00:00,564.3,51.01616888474027,672.5644483245994,289.60999999999996,16.22,0.1568,0.1518,0.168,0.0288,0.188,0.1583,47.8,98.62,1.32,0.095,0.004,0.018,0.174,0.083,0.048,0.257,0.098,0.075,0.271,0.14,0.086,0.221,0.008,0.052,0.217,0.089,0.065,0.0706429931810728,0.07095954,0.1201351787169413,0.1235764159999999,0.1679791814669846,0.172218382,0.1731573886618686,0.179010268,0.1500903208526069,0.150877128,0.1404719594320124,0.144291946,7.666051621149279
30,2021-02-05 06:00:00,403.7,59.76040079542453,529.1734512973544,284.88,16.73,0.138,0.123,0.1353,0.0273,0.158,0.126,47.8,107.3,1.32,0.102,0.004,0.02,0.182,0.087,0.051,0.271,0.103,0.079,0.29,0.15,0.092,0.235,0.008,0.055,0.23,0.095,0.069,0.0746895741706426,0.0752042959999999,0.1326500374034009,0.128200286,0.1861632652265445,0.181653814,0.1991425831394262,0.191636376,0.1591036874353508,0.1607442619999999,0.1572331950733901,0.1529165619999999,7.889423197871594
67,2021-02-21 04:00:00,610.1,50.92189328092352,674.1046409493721,289.85999999999996,15.93,0.1688,0.1558,0.1703,0.0408,0.178,0.1555,47.8,95.28,1.32,0.095,0.004,0.018,0.174,0.083,0.048,0.257,0.098,0.075,0.271,0.14,0.086,0.221,0.008,0.052,0.217,0.089,0.065,0.0706448401760081,0.07095954,0.1200682249882616,0.1235764159999999,0.1679060547546262,0.172218382,0.1730460835391925,0.179010268,0.1500991898408719,0.150877128,0.140404541821739,0.144291946,26.688021090754972
73,2021-02-22 07:00:00,382.8,61.18476505270888,494.8716513321647,284.69,20.66,0.13,0.1025,0.1038,0.0278,0.1425,0.1083,47.8,105.14,1.32,0.095,0.004,0.018,0.174,0.083,0.048,0.257,0.098,0.075,0.271,0.14,0.086,0.221,0.008,0.052,0.217,0.089,0.065,0.0705190980959222,0.07095954,0.129408110686659,0.1235764159999999,0.1782611538012032,0.172218382,0.1886152318419858,0.179010268,0.1492603491775884,0.150877128,0.1499229122144524,0.144291946,26.01254923712054
167,2021-04-13 03:00:00,895.5,35.15536220257905,831.261775430933,284.21,16.58,0.1368,0.127,0.1825,0.0328,0.169,0.124,47.8,73.68,1.32,0.097,0.034,0.021,0.15,0.076,0.036,0.267,0.117,0.066,0.284,0.146,0.09,0.23,0.008,0.054,0.184,0.025,0.047,0.070154598440156,0.074502194,0.1046303655987152,0.114783592,0.1830015188666985,0.198211476,0.1689587798999987,0.187634884,0.1580497253467165,0.157121884,0.1220395288835365,0.123981366,51.28924136060513
224,2021-04-30 07:00:00,683.5,44.36963560563232,691.6356673040168,284.40999999999997,54.57,0.1398,0.1113,0.1723,0.0308,0.1518,0.0973,47.8,81.62,1.32,0.09,0.031,0.019,0.132,0.067,0.032,0.313,0.137,0.078,0.321,0.166,0.102,0.236,0.008,0.056,0.171,0.023,0.043,0.0669345729938257,0.0696898859999999,0.094523932653814,0.1005914239999999,0.2192129466254692,0.231463692,0.1971360449657375,0.2118871,0.160289529760759,0.1603666399999999,0.1144278128609921,0.116113486,50.01092713200265
219,2021-04-28 05:00:00,881.5,27.83006034762252,889.7623440695517,293.98999999999995,14.62,0.1595,0.15,0.2365,0.0328,0.1958,0.1418,47.8,75.54,1.32,0.09,0.031,0.019,0.132,0.067,0.032,0.313,0.137,0.078,0.33,0.17,0.104,0.234,0.008,0.055,0.169,0.023,0.043,0.0652710298621994,0.0696898859999999,0.0905128099545649,0.1005914239999999,0.2115874625820871,0.231463692,0.194644877185652,0.218888592,0.1615230161496181,0.159744262,0.1125191506588175,0.114113486,7.761258311566763
174,2021-04-14 04:00:00,879.9,30.713313114098973,879.0557718758753,291.91999999999996,16.07,0.1513,0.145,0.2023,0.0283,0.1898,0.1403,47.8,76.54,1.32,0.097,0.034,0.021,0.15,0.076,0.036,0.267,0.117,0.066,0.283,0.146,0.09,0.23,0.008,0.054,0.184,0.025,0.047,0.069808483185649,0.074502194,0.1037297443987782,0.114783592,0.1817377850489291,0.198211476,0.1664704726679054,0.186634884,0.1585375219872978,0.157121884,0.1221512132585088,0.123981366,24.96653479442054
176,2021-04-14 06:00:00,749.6,38.405825523573775,790.1630520462032,293.90999999999997,14.69,0.1503,0.1408,0.1933,0.0283,0.1825,0.134,47.8,83.44,1.32,0.097,0.034,0.021,0.15,0.076,0.036,0.267,0.117,0.066,0.283,0.146,0.09,0.23,0.008,0.054,0.184,0.025,0.047,0.0705200298713897,0.074502194,0.1055476233703955,0.114783592,0.1843165263292784,0.198211476,0.1695296049906012,0.186634884,0.1576854790521594,0.157121884,0.1220186019890291,0.123981366,26.906051357206735
160,2021-04-07 07:00:00,501.7,49.212564303973394,647.5881132052715,293.02,29.05,0.1543,0.132,0.1483,0.0273,0.1535,0.107,47.8,89.12,1.32,0.096,0.004,0.019,0.158,0.075,0.044,0.276,0.106,0.081,0.28,0.144,0.089,0.23,0.008,0.054,0.194,0.08,0.058,0.0702990704460655,0.070581918,0.1073541358990133,0.111573432,0.1784375324809696,0.184466122,0.1765173965739535,0.184634138,0.1565006387606193,0.157121884,0.1246936393179852,0.129232644,41.23489107689037
181,2021-04-17 03:00:00,824.1,33.76529645475364,841.8765852956119,287.22999999999996,18.79,0.1408,0.1308,0.186,0.031,0.1723,0.1265,47.8,72.34,1.32,0.097,0.034,0.021,0.15,0.076,0.036,0.267,0.117,0.066,0.282,0.145,0.089,0.231,0.008,0.054,0.184,0.025,0.047,0.0700284434976941,0.074502194,0.1043073218788793,0.114783592,0.1825438928288909,0.198211476,0.1677197738605874,0.186823322,0.1592041061645974,0.158121884,0.1220651737897884,0.123981366,52.00779286149336
172,2021-04-13 08:00:00,485.0,58.46250837958276,489.0498402892604,288.62,9.43,0.109,0.083,0.099,0.028,0.1148,0.0743,47.8,89.88,1.32,0.097,0.034,0.021,0.15,0.076,0.036,0.267,0.117,0.066,0.284,0.146,0.09,0.23,0.008,0.054,0.184,0.025,0.047,0.0756536396317876,0.074502194,0.1177512388190575,0.114783592,0.2023993014312271,0.198211476,0.1925856790582416,0.187634884,0.1556269421632082,0.157121884,0.1236920587185152,0.123981366,56.55981795793272
212,2021-04-26 04:00:00,808.2,26.57292219776968,903.89468940491,290.48999999999995,49.37,0.179,0.1608,0.2143,0.0278,0.189,0.1303,47.8,72.68,1.32,0.093,0.033,0.02,0.142,0.072,0.034,0.298,0.131,0.074,0.303,0.156,0.096,0.24,0.008,0.057,0.181,0.025,0.046,0.0669285952695817,0.071690632,0.0978032913526782,0.1087820999999999,0.201605591592425,0.220839076,0.1778384377627637,0.200260992,0.1650217379090497,0.1629890179999999,0.1206366382285651,0.122358988,24.516922916568177
151,2021-04-06 04:00:00,689.4,33.705393344343626,858.3328330754301,290.16999999999996,32.96,0.1713,0.157,0.1903,0.035,0.1815,0.1377,47.8,79.3,1.32,0.094,0.004,0.018,0.159,0.076,0.044,0.271,0.103,0.079,0.28,0.144,0.088,0.224,0.008,0.053,0.201,0.083,0.061,0.0701108809372661,0.06995954,0.102622709097444,0.112762616,0.1687575027949033,0.181653814,0.1670015926746581,0.18601176,0.1535446762640639,0.152499506,0.122158970817177,0.13266733,25.392616254755666
156,2021-04-07 03:00:00,754.4,37.331947058477375,813.6852324581731,289.71999999999997,33.01,0.1535,0.135,0.1655,0.0295,0.1683,0.1248,47.8,75.78,1.32,0.096,0.004,0.019,0.158,0.075,0.044,0.276,0.106,0.081,0.28,0.144,0.089,0.23,0.008,0.054,0.194,0.08,0.058,0.0706545919817444,0.070581918,0.1024194881956067,0.111573432,0.172162181214425,0.184466122,0.1672107995094919,0.184634138,0.1578061120127878,0.157121884,0.1198411626427456,0.129232644,50.31231020143511
214,2021-04-26 07:00:00,578.2,45.126213654604264,685.3473919982872,294.28,44.34,0.1818,0.185,0.1915,0.029,0.1948,0.1245,47.8,82.82000000000001,1.32,0.093,0.033,0.02,0.142,0.072,0.034,0.298,0.131,0.074,0.303,0.156,0.096,0.24,0.008,0.057,0.181,0.025,0.046,0.0689033220102505,0.071690632,0.1026044554654243,0.1087820999999999,0.2097204292761147,0.220839076,0.1870991444344103,0.200260992,0.1628341575071849,0.1629890179999999,0.1205554815265247,0.122358988,48.57800772203521
200,2021-04-20 03:00:00,701.8,32.76028360222216,849.3311174815889,294.78,46.86,0.1548,0.1408,0.1848,0.0288,0.1718,0.115,47.8,71.34,1.32,0.097,0.034,0.021,0.15,0.076,0.036,0.267,0.117,0.066,0.282,0.145,0.089,0.231,0.008,0.054,0.184,0.025,0.047,0.069947655143496,0.074502194,0.1040977954710898,0.114783592,0.1822493149750349,0.198211476,0.1673737571384641,0.186823322,0.159314863391944,0.158121884,0.1220892473197368,0.123981366,52.58518210406922
194,2021-04-19 02:00:00,650.1,41.25425866909024,746.8914441461409,290.9,42.79,0.132,0.115,0.1568,0.0293,0.1498,0.1023,47.8,68.92,1.32,0.097,0.034,0.021,0.15,0.076,0.036,0.267,0.117,0.066,0.282,0.145,0.089,0.231,0.008,0.054,0.184,0.025,0.047,0.0709292276819275,0.074502194,0.1065550676515765,0.114783592,0.1857777646936977,0.198211476,0.1715733167373012,0.186823322,0.1583658064285103,0.158121884,0.122051905311744,0.123981366,72.82860957419817
179,2021-04-15 03:00:00,660.2,34.45358106789783,836.5266680021133,288.69,51.84,0.1693,0.16,0.1945,0.0325,0.1748,0.1263,47.8,73.0,1.32,0.097,0.034,0.021,0.15,0.076,0.036,0.267,0.117,0.066,0.283,0.146,0.089,0.23,0.008,0.054,0.184,0.025,0.047,0.0700887680245812,0.074502194,0.1044623445979025,0.114783592,0.1827630346535391,0.198211476,0.1690117095832918,0.188012506,0.1581278171841408,0.157121884,0.1220513236777729,0.123981366,51.64139559075747
199,2021-04-20 02:00:00,564.1,40.95690987691542,749.67381505779,293.48999999999995,52.73,0.1658,0.1575,0.1875,0.0428,0.153,0.1123,47.8,68.60000000000001,1.32,0.097,0.034,0.021,0.15,0.076,0.036,0.267,0.117,0.066,0.282,0.145,0.089,0.231,0.008,0.054,0.184,0.025,0.047,0.0708823615201029,0.074502194,0.1064404262489529,0.114783592,0.1856108318634132,0.198211476,0.1713729416284111,0.186823322,0.1583990875738147,0.158121884,0.1220459478940548,0.123981366,73.10385270394752
225,2021-04-30 08:00:00,526.8,55.39643718461789,523.2656895902328,285.42999999999995,51.71,0.114,0.082,0.1133,0.0288,0.1145,0.0715,47.8,84.4,1.32,0.09,0.031,0.019,0.132,0.067,0.032,0.313,0.137,0.078,0.321,0.166,0.102,0.236,0.008,0.056,0.171,0.023,0.043,0.069677421337768,0.0696898859999999,0.1007905693130309,0.1005914239999999,0.2315574522751295,0.231463692,0.2118139171586429,0.2118871,0.15908897937721,0.1603666399999999,0.1153833404449704,0.116113486,62.3870129135062
198,2021-04-19 06:00:00,662.6,37.098961560227835,800.1300318739404,298.21999999999997,26.33,0.1578,0.1468,0.194,0.0298,0.1853,0.1325,47.8,81.78,1.32,0.097,0.034,0.021,0.15,0.076,0.036,0.267,0.117,0.066,0.282,0.145,0.089,0.231,0.008,0.054,0.184,0.025,0.047,0.0703607350356411,0.074502194,0.1051504579849853,0.114783592,0.1837448347297241,0.198211476,0.1691420257977006,0.186823322,0.1588322606909975,0.158121884,0.1220200069821072,0.123981366,28.893977536504963
193,2021-04-18 08:00:00,371.6,57.51072118458243,499.9146147630081,297.09999999999997,16.15,0.1115,0.0875,0.1028,0.0268,0.1173,0.0773,47.8,88.18,1.32,0.097,0.034,0.021,0.15,0.076,0.036,0.267,0.117,0.066,0.282,0.145,0.089,0.231,0.008,0.054,0.184,0.025,0.047,0.0752735440425593,0.074502194,0.11686379595805,0.114783592,0.201069671906673,0.198211476,0.1901310863572971,0.186823322,0.15670707636661,0.158121884,0.1235216575772333,0.123981366,58.36117653508316
202,2021-04-20 05:00:00,694.0,30.203579873423703,876.4570095006296,297.09999999999997,37.45,0.164,0.154,0.215,0.03,0.201,0.141,47.8,78.02,1.32,0.097,0.034,0.021,0.15,0.076,0.036,0.267,0.117,0.066,0.282,0.145,0.089,0.231,0.008,0.054,0.184,0.025,0.047,0.0697788403662444,0.074502194,0.1036497249500907,0.114783592,0.1816279007226608,0.198211476,0.1666501997299276,0.186823322,0.1595922409162293,0.158121884,0.1221691037289185,0.123981366,5.330533222053646
203,2021-04-20 06:00:00,646.3,36.846145251704755,801.9995317424114,298.12,33.92,0.1585,0.144,0.1955,0.0308,0.184,0.1273,47.8,81.46000000000001,1.32,0.097,0.034,0.021,0.15,0.076,0.036,0.267,0.117,0.066,0.282,0.145,0.089,0.231,0.008,0.054,0.184,0.025,0.047,0.0703318797483927,0.074502194,0.1050781188235124,0.114783592,0.1836410500728922,0.198211476,0.1690185660999062,0.186823322,0.1588606207587309,0.158121884,0.1220214010485928,0.123981366,29.29043439419067
204,2021-04-20 07:00:00,531.4,46.32845384338759,674.6939938681443,299.14,30.39,0.1438,0.1208,0.1568,0.0303,0.154,0.1008,47.8,84.7,1.32,0.097,0.034,0.021,0.15,0.076,0.036,0.267,0.117,0.066,0.282,0.145,0.089,0.231,0.008,0.054,0.184,0.025,0.047,0.0718911155705951,0.074502194,0.1088803812812181,0.114783592,0.1891881132571451,0.198211476,0.1756844346380163,0.186823322,0.1578065081729016,0.158121884,0.1222537948652776,0.123981366,46.330488588270754
301,2021-05-23 04:00:00,798.1,19.54218744417767,931.3610259030954,296.58,17.63,0.2143,0.2038,0.2768,0.0455,0.1935,0.1498,47.8,65.9,1.32,0.056,0.02,0.012,0.077,0.039,0.019,0.318,0.14,0.079,0.334,0.172,0.106,0.238,0.008,0.056,0.17,0.023,0.043,0.0402962895846849,0.0432522159999999,0.0521091896853992,0.058203358,0.2145870100419576,0.235653622,0.1953008199767587,0.220511716,0.1650255704344413,0.1623666399999999,0.1139049125992737,0.115113486,25.728503202598716
306,2021-05-25 04:00:00,904.4,19.181411938843027,932.6785613696958,295.46999999999997,24.93,0.1485,0.137,0.2148,0.0275,0.1808,0.1175,47.8,65.54,1.32,0.058,0.02,0.012,0.08,0.04,0.019,0.318,0.14,0.079,0.335,0.173,0.106,0.237,0.008,0.056,0.17,0.023,0.043,0.0422964710487993,0.045252216,0.0551028374532958,0.0613925419999999,0.2145851926972925,0.235653622,0.1963001206156076,0.2217009,0.1640572599771813,0.1613666399999999,0.1139231528288481,0.115113486,25.9855469782178
252,2021-05-07 06:00:00,782.7,33.000483288919526,826.2428362792518,296.45,18.21,0.1478,0.137,0.21,0.03,0.1763,0.1218,47.8,76.46000000000001,1.32,0.091,0.032,0.019,0.133,0.068,0.032,0.313,0.137,0.078,0.322,0.166,0.102,0.236,0.008,0.056,0.17,0.023,0.043,0.066575071193868,0.0708790699999999,0.0922532575094166,0.101780608,0.212884940492038,0.231463692,0.1907166316895742,0.2128871,0.1616242931536421,0.1603666399999999,0.1133561454135862,0.115113486,35.6968827081254
230,2021-05-02 07:00:00,627.4,44.00436933188854,694.5536070358564,293.44,20.07,0.137,0.1153,0.1655,0.0273,0.1478,0.0958,47.8,81.04,1.32,0.09,0.031,0.019,0.132,0.067,0.032,0.313,0.137,0.078,0.321,0.166,0.102,0.236,0.008,0.056,0.171,0.023,0.043,0.0668697770281818,0.0696898859999999,0.0943733799727727,0.1005914239999999,0.2189196710060216,0.231463692,0.1967893722317104,0.2118871,0.1603320520058786,0.1603666399999999,0.1144132500706256,0.116113486,50.70316285174917
237,2021-05-04 03:00:00,931.0,28.591825367098817,875.1676120998166,293.27,15.71,0.1398,0.125,0.2008,0.0308,0.1715,0.1155,47.8,67.12,1.32,0.091,0.032,0.019,0.133,0.068,0.032,0.313,0.138,0.078,0.323,0.167,0.102,0.236,0.008,0.056,0.17,0.023,0.043,0.0663137135205591,0.0708790699999999,0.0916060678394529,0.101780608,0.2117423214702522,0.231652876,0.1904114916094774,0.214076284,0.162120743165385,0.1603666399999999,0.1134899532900637,0.115113486,55.759312358437256
226,2021-05-02 03:00:00,895.0,29.128190292655063,872.3592992907519,289.34,24.32,0.1388,0.1215,0.1943,0.029,0.1665,0.1135,47.8,67.68,1.32,0.09,0.031,0.019,0.132,0.067,0.032,0.313,0.137,0.078,0.321,0.166,0.102,0.236,0.008,0.056,0.171,0.023,0.043,0.06532379647882,0.0696898859999999,0.0906544389192746,0.1005914239999999,0.2118388179189761,0.231463692,0.1885216467238787,0.2118871,0.1620617837787327,0.1603666399999999,0.1144703422612062,0.116113486,55.25528088247589
246,2021-05-06 08:00:00,423.7,54.42551905237013,533.2329357224372,296.65999999999997,10.91,0.1273,0.117,0.1563,0.0308,0.1348,0.1075,47.8,82.7,1.32,0.091,0.032,0.019,0.133,0.068,0.032,0.313,0.137,0.078,0.323,0.166,0.102,0.236,0.008,0.056,0.17,0.023,0.043,0.0705611856193114,0.0708790699999999,0.1012851113941861,0.101780608,0.2301746182423301,0.231463692,0.212164191016423,0.2138871,0.1591856292288399,0.1603666399999999,0.1142543079698236,0.115113486,64.1818351580716
248,2021-05-07 02:00:00,838.0,36.63617584488506,784.5791274912895,292.78,23.3,0.118,0.0975,0.1648,0.028,0.14,0.0923,47.8,63.48,1.32,0.091,0.032,0.019,0.133,0.068,0.032,0.313,0.137,0.078,0.322,0.166,0.102,0.236,0.008,0.056,0.17,0.023,0.043,0.0669046946666174,0.0708790699999999,0.0930364731745663,0.101780608,0.2143291855334577,0.231463692,0.1923925824230763,0.2128871,0.1612002218266286,0.1603666399999999,0.1133030732076166,0.115113486,78.06957967025133
247,2021-05-07 01:00:00,695.7,47.27204496409823,642.5077619921796,291.7,25.36,0.0965,0.0765,0.122,0.0265,0.115,0.071,47.8,61.32,1.32,0.091,0.032,0.019,0.133,0.068,0.032,0.313,0.137,0.078,0.322,0.166,0.102,0.236,0.008,0.056,0.17,0.023,0.043,0.0686214638185848,0.0708790699999999,0.0969580751958213,0.101780608,0.2217882864143693,0.231463692,0.2011860782456773,0.2128871,0.1599559558300988,0.1603666399999999,0.1135788441275652,0.115113486,92.61082254121912
234,2021-05-03 05:00:00,796.7,26.461134881376076,896.2247944335211,293.87,38.31,0.1725,0.1545,0.2178,0.0278,0.1915,0.1285,47.8,74.10000000000001,1.32,0.091,0.032,0.019,0.133,0.068,0.032,0.314,0.138,0.078,0.323,0.167,0.102,0.236,0.008,0.056,0.17,0.023,0.043,0.0662337348286338,0.0708790699999999,0.0913953704352211,0.101780608,0.2123782582188983,0.232652876,0.1900079370805224,0.214076284,0.1623500693938242,0.1603666399999999,0.1135752200237996,0.115113486,9.235331486448755
328,2021-05-30 04:00:00,924.5,18.39065997198678,935.2051443967443,296.45,42.53,0.1485,0.129,0.2088,0.0283,0.1743,0.1068,47.8,64.72,1.32,0.085,0.03,0.018,0.128,0.065,0.031,0.313,0.137,0.078,0.317,0.164,0.1,0.232,0.008,0.055,0.165,0.022,0.042,0.061446641759955,0.065878324,0.0873730050080899,0.097590678,0.2109024366644263,0.231463692,0.1861605853821166,0.210263976,0.1604259649716119,0.157744262,0.1102685249891589,0.111301924,26.726282478733054
267,2021-05-11 06:00:00,607.7,32.220798748891426,830.1002954215498,295.5,42.06,0.185,0.176,0.2295,0.056,0.156,0.1163,47.8,75.44,1.32,0.093,0.032,0.02,0.134,0.069,0.033,0.312,0.137,0.077,0.318,0.164,0.101,0.239,0.008,0.056,0.171,0.023,0.043,0.0671884539958244,0.071501448,0.091810755897223,0.10159217,0.2129661240503903,0.231841314,0.1877109233165596,0.209886354,0.164713829508333,0.1633666399999999,0.1143748580892716,0.116113486,37.03549474193383
232,2021-05-03 03:00:00,815.6,28.857319411670296,873.7991846085433,290.83,42.48,0.1548,0.1343,0.192,0.0295,0.1635,0.108,47.8,67.4,1.32,0.091,0.032,0.019,0.133,0.068,0.032,0.314,0.138,0.078,0.323,0.167,0.102,0.236,0.008,0.056,0.17,0.023,0.043,0.0663256457348951,0.0708790699999999,0.091636671001292,0.101780608,0.2127962461147375,0.232652876,0.190471981152371,0.214076284,0.1620916164486139,0.1603666399999999,0.1134801447676765,0.115113486,55.50520549841016
311,2021-05-27 08:00:00,552.8,51.526556828140315,565.4113578399189,296.14,42.89,0.1093,0.083,0.124,0.029,0.1163,0.066,47.8,78.02,1.32,0.082,0.029,0.018,0.124,0.063,0.03,0.321,0.141,0.08,0.331,0.171,0.105,0.226,0.008,0.053,0.16,0.022,0.041,0.0616014298073199,0.06268914,0.092330419813802,0.094589932,0.2322620820580984,0.237465184,0.2122993451428998,0.218700154,0.1536536218646143,0.154499506,0.1065436613906484,0.107679546,68.85382694326054
245,2021-05-06 02:00:00,693.9,36.84779000919695,783.1685325680335,292.83,40.33,0.1445,0.1333,0.188,0.0288,0.1583,0.1095,47.8,63.76,1.32,0.091,0.032,0.019,0.133,0.068,0.032,0.313,0.137,0.078,0.323,0.166,0.102,0.236,0.008,0.056,0.17,0.023,0.043,0.0669274363415949,0.0708790699999999,0.0930898005153566,0.101780608,0.2144285451097405,0.231463692,0.1935085020972422,0.2138871,0.1611753023886577,0.1603666399999999,0.1133018956398873,0.115113486,77.76688407836886
305,2021-05-24 01:00:00,700.4,44.89384390554291,664.1162373056873,292.63,36.2,0.1065,0.0835,0.1388,0.0288,0.1165,0.0733,47.8,57.4,1.32,0.057,0.02,0.012,0.078,0.04,0.019,0.318,0.14,0.079,0.334,0.172,0.106,0.238,0.008,0.056,0.17,0.023,0.043,0.0425335298716707,0.044252216,0.0559015054545944,0.0593925419999999,0.2235691548129482,0.235653622,0.2057610672980667,0.220511716,0.1622286878654374,0.1623666399999999,0.1134503963987037,0.115113486,96.98933155001689
327,2021-05-30 03:00:00,903.2,23.80828258593297,896.3717992971292,293.53999999999996,52.17,0.1383,0.1198,0.1908,0.0288,0.16,0.0973,47.8,61.44,1.32,0.085,0.03,0.018,0.128,0.065,0.031,0.313,0.137,0.078,0.317,0.164,0.1,0.232,0.008,0.055,0.165,0.022,0.042,0.0614759069072337,0.065878324,0.0875161241061693,0.097590678,0.2110779292584613,0.231463692,0.1863046259314452,0.210263976,0.1599335807353152,0.157744262,0.1100030254928516,0.111301924,63.171704241252
326,2021-05-30 02:00:00,825.2,33.40650061225763,805.0851376698057,293.4,52.65,0.1238,0.0985,0.1615,0.027,0.1358,0.079,47.8,58.58,1.32,0.085,0.03,0.018,0.128,0.065,0.031,0.313,0.137,0.078,0.317,0.164,0.1,0.232,0.008,0.055,0.165,0.022,0.042,0.0618810425718424,0.065878324,0.0885741620808884,0.097590678,0.2130226769117426,0.231463692,0.1884833187576924,0.210263976,0.1589105855945903,0.157744262,0.10965124645519,0.111301924,84.6110484872307
268,2021-05-12 01:00:00,582.5,46.40545620662121,649.9750104947954,290.62,57.11,0.13,0.101,0.146,0.0313,0.1293,0.0773,47.8,60.02,1.32,0.093,0.032,0.02,0.134,0.069,0.033,0.312,0.137,0.077,0.318,0.164,0.101,0.239,0.008,0.056,0.171,0.023,0.043,0.0690614188073344,0.071501448,0.0962716931873336,0.10159217,0.2213445401701018,0.231841314,0.1973724393704066,0.209886354,0.1630546432860352,0.1633666399999999,0.1145269807623358,0.116113486,93.97659518959505
241,2021-05-05 05:00:00,885.7,25.939557394252475,898.4377609774085,297.15999999999997,19.29,0.1513,0.1423,0.2275,0.0293,0.1913,0.134,47.8,73.56,1.32,0.091,0.032,0.019,0.133,0.068,0.032,0.313,0.137,0.078,0.323,0.166,0.102,0.236,0.008,0.056,0.17,0.023,0.043,0.0662182045055317,0.0708790699999999,0.0913527732092214,0.101780608,0.2113003540241638,0.231463692,0.1899237278506314,0.2138871,0.1624049042556924,0.1603666399999999,0.1135976769203153,0.115113486,9.805472599556737
314,2021-05-28 04:00:00,998.6,18.68761524870727,934.3219833401446,297.03999999999996,26.38,0.1493,0.1255,0.2185,0.03,0.1733,0.1188,47.8,65.04,1.32,0.085,0.03,0.018,0.128,0.065,0.031,0.313,0.138,0.078,0.318,0.164,0.101,0.232,0.008,0.055,0.165,0.022,0.042,0.0614457061173964,0.065878324,0.0873748954458985,0.097590678,0.2108957674549474,0.231652876,0.1858535371461835,0.209886354,0.1604011321293948,0.157744262,0.1102537352632148,0.111301924,26.41376205114031
259,2021-05-08 06:00:00,663.3,32.80099426009655,827.2676790185309,297.58,13.08,0.1833,0.182,0.2498,0.0628,0.1893,0.1458,47.8,76.2,1.32,0.091,0.032,0.019,0.133,0.068,0.032,0.313,0.138,0.078,0.323,0.166,0.102,0.236,0.008,0.056,0.17,0.023,0.043,0.0665601515166936,0.0708790699999999,0.092217190480836,0.101780608,0.2128461960724229,0.231652876,0.1916410265306663,0.2138871,0.1616472604430029,0.1603666399999999,0.1133607076754504,0.115113486,36.03978707863615
304,2021-05-23 07:00:00,695.4,40.70594296316091,720.9562258125438,298.48999999999995,13.67,0.1475,0.1368,0.191,0.0285,0.158,0.1063,47.8,76.0,1.32,0.056,0.02,0.012,0.077,0.039,0.019,0.318,0.14,0.079,0.334,0.172,0.106,0.238,0.008,0.056,0.17,0.023,0.043,0.0410916990417777,0.0432522159999999,0.0538857583234872,0.058203358,0.2204111491924678,0.235653622,0.2019978284552757,0.220511716,0.1627194992004715,0.1623666399999999,0.1133229994419078,0.115113486,56.61774097071455
253,2021-05-07 07:00:00,647.0,43.12877362632254,701.2238928557542,297.21,17.73,0.1303,0.1125,0.1718,0.0283,0.1505,0.0978,47.8,79.66,1.32,0.091,0.032,0.019,0.133,0.068,0.032,0.313,0.137,0.078,0.322,0.166,0.102,0.236,0.008,0.056,0.17,0.023,0.043,0.0678039188626549,0.0708790699999999,0.0951092138091334,0.101780608,0.2182436239970889,0.231463692,0.1969908608729364,0.2128871,0.160434362511834,0.1603666399999999,0.1133821742713161,0.115113486,52.351131019481755
244,2021-05-05 08:00:00,480.6,54.583418933085376,531.6455520788091,300.37,14.56,0.122,0.099,0.1383,0.0313,0.124,0.0783,47.8,82.96000000000001,1.32,0.091,0.032,0.019,0.133,0.068,0.032,0.313,0.137,0.078,0.323,0.166,0.102,0.236,0.008,0.056,0.17,0.023,0.043,0.0706122953092331,0.0708790699999999,0.1013984010108651,0.101780608,0.2303953007188697,0.231463692,0.2124274010111921,0.2138871,0.159169758509617,0.1603666399999999,0.1142746402514917,0.115113486,63.89478141919077
298,2021-05-22 05:00:00,818.7,22.16717008559239,913.2358883481966,302.84,49.36,0.1708,0.1485,0.2123,0.029,0.1813,0.1125,47.8,69.58,1.32,0.055,0.019,0.012,0.076,0.039,0.018,0.318,0.14,0.079,0.333,0.172,0.105,0.239,0.008,0.056,0.17,0.023,0.043,0.0393040841997489,0.042063032,0.0524520647707678,0.05858098,0.2146627843652903,0.235653622,0.1956585125772392,0.220889338,0.165783595788766,0.1633666399999999,0.1137737405023609,0.115113486,13.841234349853409
299,2021-05-22 06:00:00,736.4,30.336592671948196,841.1696730053783,303.98999999999995,44.35,0.1688,0.1478,0.1988,0.0298,0.172,0.1043,47.8,73.0,1.32,0.055,0.019,0.012,0.076,0.039,0.018,0.318,0.14,0.079,0.333,0.172,0.105,0.239,0.008,0.056,0.17,0.023,0.043,0.0394415735750405,0.042063032,0.0528532690383872,0.05858098,0.2158449042338814,0.235653622,0.196968314008843,0.220889338,0.1649273465390781,0.1633666399999999,0.1134292767897515,0.115113486,40.17291416181169
331,2021-05-30 07:00:00,706.6,39.84433770878501,728.9428757026396,299.14,33.9,0.134,0.105,0.167,0.0295,0.1413,0.0843,47.8,74.82000000000001,1.32,0.085,0.03,0.018,0.128,0.065,0.031,0.313,0.137,0.078,0.317,0.164,0.1,0.232,0.008,0.055,0.165,0.022,0.042,0.0625233677753538,0.065878324,0.0901107726032594,0.097590678,0.2160320376130288,0.231463692,0.1919657153539358,0.210263976,0.1581725877003897,0.157744262,0.1096006236446189,0.111301924,57.890282520378065
332,2021-05-30 08:00:00,523.7,51.187287562357554,569.5243234904875,299.62,33.55,0.1155,0.084,0.1155,0.027,0.1143,0.062,47.8,77.54,1.32,0.085,0.03,0.018,0.128,0.065,0.031,0.313,0.137,0.078,0.317,0.164,0.1,0.232,0.008,0.055,0.165,0.022,0.042,0.0646720945089758,0.065878324,0.0950587400983623,0.097590678,0.2259980626386699,0.231463692,0.2036536095832849,0.210263976,0.1569108160134538,0.157744262,0.1101237421224893,0.111301924,69.28028915689688
271,2021-05-12 08:00:00,468.0,53.512611179840995,542.1355977889907,298.64,32.86,0.13,0.0923,0.1228,0.027,0.117,0.0695,47.8,81.14,1.32,0.093,0.032,0.02,0.134,0.069,0.033,0.312,0.137,0.077,0.318,0.164,0.101,0.239,0.008,0.056,0.171,0.023,0.043,0.0708771618834069,0.071501448,0.1004310957083025,0.10159217,0.2293262179850302,0.231841314,0.2067143013779727,0.209886354,0.1622785018034422,0.1633666399999999,0.1151416350918439,0.116113486,65.79222909023989
297,2021-05-22 04:00:00,827.6,19.73187241308879,930.633105064834,301.67999999999995,54.37,0.1683,0.1488,0.2093,0.0303,0.178,0.1085,47.8,66.1,1.32,0.055,0.019,0.012,0.076,0.039,0.018,0.318,0.14,0.079,0.333,0.172,0.105,0.239,0.008,0.056,0.17,0.023,0.043,0.0392997312695081,0.042063032,0.0524135838977806,0.05858098,0.2145887361896571,0.235653622,0.1956029271998848,0.220889338,0.1660087506090863,0.1633666399999999,0.1138953309895985,0.115113486,25.60873865055109
296,2021-05-22 03:00:00,774.4,24.82227512110893,892.0964304502953,299.92999999999995,58.0,0.1633,0.1433,0.1948,0.0303,0.1653,0.0993,47.8,62.82,1.32,0.055,0.019,0.012,0.076,0.039,0.018,0.318,0.14,0.079,0.333,0.172,0.105,0.239,0.008,0.056,0.17,0.023,0.043,0.0393254865945911,0.042063032,0.0525314192479059,0.05858098,0.2148708097217526,0.235653622,0.1958716590166834,0.220889338,0.165520466833278,0.1633666399999999,0.1136475536178693,0.115113486,60.85557502442518
295,2021-05-22 02:00:00,698.9,34.171000127057034,800.3934091106582,298.16999999999996,61.62,0.152,0.1263,0.1708,0.0308,0.1433,0.0825,47.8,59.98,1.32,0.055,0.019,0.012,0.076,0.039,0.018,0.318,0.14,0.079,0.333,0.172,0.105,0.239,0.008,0.056,0.17,0.023,0.043,0.0395938175314503,0.042063032,0.0532311974999752,0.05858098,0.2170596506955491,0.235653622,0.1983823519160091,0.220889338,0.1644887982871635,0.1633666399999999,0.1133326483709138,0.115113486,82.51535912667967
342,2021-06-03 04:00:00,994.8,17.8761405872294,936.487804508446,296.71999999999997,26.16,0.144,0.127,0.2143,0.0305,0.1755,0.1113,47.8,64.16,1.32,0.085,0.03,0.018,0.128,0.065,0.031,0.313,0.137,0.078,0.315,0.162,0.1,0.233,0.008,0.055,0.165,0.023,0.042,0.0614488288220359,0.065878324,0.0873710840936527,0.097590678,0.2109089279847326,0.231463692,0.1841841580629262,0.207885608,0.1614683368578025,0.158744262,0.1102889607950679,0.111491108,27.40892502383164
341,2021-06-03 03:00:00,970.9,23.458448131667907,897.3085558295385,295.63,29.21,0.1375,0.1165,0.1925,0.029,0.1585,0.1038,47.8,60.88,1.32,0.085,0.03,0.018,0.128,0.065,0.031,0.313,0.137,0.078,0.315,0.162,0.1,0.233,0.008,0.055,0.165,0.023,0.042,0.061470607230618,0.065878324,0.0874989828440195,0.097590678,0.2110507566214378,0.231463692,0.1842735121998158,0.207885608,0.1609676753882198,0.158744262,0.1100211470754835,0.111491108,64.25491486762994
340,2021-06-03 02:00:00,882.1,33.164460800577956,805.9924677738363,294.53999999999996,32.25,0.1198,0.0963,0.165,0.028,0.1373,0.0853,47.8,58.02,1.32,0.085,0.03,0.018,0.128,0.065,0.031,0.313,0.137,0.078,0.315,0.162,0.1,0.233,0.008,0.055,0.165,0.023,0.042,0.061863499866312,0.065878324,0.0885310540432555,0.097590678,0.2129398883309374,0.231463692,0.1863318510948987,0.207885608,0.1599379027753217,0.158744262,0.1096850312906547,0.111491108,85.52834297939805
335,2021-06-01 03:00:00,938.3,23.620336448665896,896.9344708926972,295.27,50.16,0.137,0.1143,0.1915,0.0273,0.1558,0.0973,47.8,61.14,1.32,0.085,0.03,0.018,0.128,0.065,0.031,0.313,0.137,0.078,0.316,0.163,0.1,0.233,0.008,0.055,0.165,0.022,0.042,0.0614729927280979,0.065878324,0.0875067614984156,0.097590678,0.2110630206834375,0.231463692,0.1852873925777598,0.209074792,0.1609519332907,0.158744262,0.1100118632188064,0.111301924,63.72234320491626
334,2021-06-01 02:00:00,833.4,33.27404496983836,805.6524916951396,293.34,58.23,0.1245,0.1013,0.1645,0.0285,0.13,0.0788,47.8,58.28,1.32,0.085,0.03,0.018,0.128,0.065,0.031,0.313,0.137,0.078,0.316,0.163,0.1,0.233,0.008,0.055,0.165,0.022,0.042,0.0618713881231543,0.065878324,0.0885504504769877,0.097590678,0.2129771216060685,0.231463692,0.1874023703446795,0.209074792,0.1599255411141289,0.158744262,0.1096542236004278,0.111301924,85.08236089297648
361,2021-06-10 01:00:00,712.9,44.086183031299335,668.8241275034236,295.82,61.59,0.1058,0.078,0.1145,0.029,0.104,0.0563,47.8,55.1,1.32,0.084,0.029,0.018,0.127,0.065,0.031,0.307,0.135,0.076,0.304,0.157,0.096,0.235,0.008,0.055,0.165,0.022,0.042,0.0620674328228497,0.06468914,0.0905900874782218,0.096590678,0.2155323673480799,0.2278405679999999,0.1872375237633133,0.201450176,0.1606868342093023,0.1607442619999999,0.1096902232992537,0.111301924,100.08839903674132
343,2021-06-03 05:00:00,972.6,20.30008942295609,920.7156091918667,297.64,23.5,0.1485,0.131,0.2198,0.0305,0.1805,0.118,47.8,67.64,1.32,0.085,0.03,0.018,0.128,0.065,0.031,0.313,0.137,0.078,0.315,0.162,0.1,0.233,0.008,0.055,0.165,0.023,0.042,0.0614451948392841,0.065878324,0.0873959941704685,0.097590678,0.2109095442425412,0.231463692,0.1841530602589274,0.207885608,0.1612616500398859,0.158744262,0.1101706121775819,0.111491108,15.3099057287765
403,2021-06-21 04:00:00,958.8,16.92328092691099,934.4584037615588,305.04999999999995,27.34,0.14,0.1208,0.198,0.0303,0.168,0.1043,47.8,62.88,1.32,0.102,0.0,0.034,0.146,0.04,0.049,0.269,0.209,0.051,0.314,0.162,0.099,0.222,0.008,0.052,0.165,0.057,0.046,0.0578564276996889,0.0551608519999999,0.0821476821708417,0.086063882,0.2015638720153327,0.238280734,0.1845180617703189,0.20826323,0.1544395731673117,0.151877128,0.1049434062127116,0.112412876,30.783553120876803
393,2021-06-19 03:00:00,965.3,23.054794558469325,893.8289132635562,304.67999999999995,17.2,0.1285,0.107,0.1848,0.0268,0.1558,0.0978,47.8,59.64,1.32,0.082,0.029,0.017,0.121,0.062,0.029,0.302,0.132,0.075,0.315,0.162,0.1,0.223,0.008,0.053,0.158,0.022,0.04,0.0597732919197922,0.064066762,0.0830960273228817,0.09277837,0.2039449382316809,0.223650638,0.1842463120863247,0.207885608,0.153624879078348,0.151499506,0.1056569307064423,0.107057168,67.44310544987806
390,2021-06-18 07:00:00,765.5,38.2272442006036,741.8777628891901,305.78,14.41,0.1258,0.0993,0.1668,0.0283,0.1418,0.086,47.8,73.08,1.32,0.082,0.029,0.017,0.122,0.062,0.029,0.302,0.132,0.075,0.314,0.162,0.099,0.223,0.008,0.053,0.158,0.022,0.04,0.0606224140190758,0.064066762,0.086186126185299,0.09377837,0.2078989062463192,0.223650638,0.1891478846187288,0.20826323,0.1520520639842892,0.151499506,0.1052872837628761,0.107057168,59.151389205771835
345,2021-06-03 08:00:00,585.1,50.768370188499865,574.514585279705,300.03999999999996,16.58,0.108,0.08,0.1218,0.0268,0.1155,0.0673,47.8,77.0,1.32,0.085,0.03,0.018,0.128,0.065,0.031,0.313,0.137,0.078,0.315,0.162,0.1,0.233,0.008,0.055,0.165,0.023,0.042,0.0645654460323242,0.065878324,0.0948161697934143,0.097590678,0.2255049978273876,0.231463692,0.2007715457213681,0.207885608,0.1579545301694192,0.158744262,0.1102376041748724,0.111491108,69.7445246776721
353,2021-06-05 02:00:00,876.1,33.07729675795814,806.1131247363644,300.53,22.22,0.1113,0.0895,0.1598,0.0283,0.1348,0.0828,47.8,57.78,1.32,0.085,0.03,0.018,0.128,0.065,0.031,0.312,0.137,0.078,0.315,0.162,0.1,0.233,0.008,0.055,0.165,0.023,0.042,0.0618572892856306,0.065878324,0.0885157681174373,0.097590678,0.2119105661036295,0.230463692,0.1862989543429053,0.207885608,0.1599477277851347,0.158744262,0.1096867194240204,0.111491108,85.94684013224523
392,2021-06-19 01:00:00,724.7,44.2191410903671,663.797981095909,300.58,27.13,0.0945,0.0743,0.1175,0.0265,0.1138,0.0648,47.8,54.64,1.32,0.082,0.029,0.017,0.121,0.062,0.029,0.302,0.132,0.075,0.315,0.162,0.1,0.223,0.008,0.053,0.158,0.022,0.04,0.0614540903990595,0.064066762,0.0870980201230334,0.09277837,0.2117278201714378,0.223650638,0.1933555532461248,0.207885608,0.1514012482927608,0.151499506,0.1054243694758846,0.107057168,100.92782877944124
352,2021-06-04 09:00:00,389.5,62.134461539463594,390.30669719876806,302.54999999999995,18.63,0.0778,0.0518,0.0775,0.0283,0.0878,0.042,47.8,79.0,1.32,0.085,0.03,0.018,0.128,0.065,0.031,0.312,0.137,0.078,0.315,0.162,0.1,0.233,0.008,0.055,0.165,0.023,0.042,0.0683482606302217,0.065878324,0.1033383450031761,0.097590678,0.2419510415378028,0.230463692,0.2210846176300039,0.207885608,0.1569171480915188,0.158744262,0.1119883409102927,0.111491108,79.21899583812373
337,2021-06-01 05:00:00,928.8,20.56185254983005,919.8243120393728,298.46999999999997,36.81,0.1503,0.1365,0.2183,0.0288,0.1798,0.1143,47.8,67.9,1.32,0.085,0.03,0.018,0.128,0.065,0.031,0.313,0.137,0.078,0.316,0.163,0.1,0.233,0.008,0.055,0.165,0.022,0.042,0.0614458964529588,0.065878324,0.0874012661045925,0.097590678,0.2109147179581824,0.231463692,0.1851530358522014,0.209074792,0.1612382947728235,0.158744262,0.1101604250887155,0.111301924,15.169164243568702
412,2021-06-22 06:00:00,827.3,27.344669293462864,856.4138764687003,304.21,35.09,0.1498,0.125,0.1905,0.03,0.1658,0.0998,47.8,69.8,1.32,0.102,0.0,0.034,0.145,0.04,0.049,0.269,0.209,0.051,0.314,0.162,0.099,0.222,0.008,0.052,0.164,0.057,0.046,0.0571797574788925,0.0551608519999999,0.0807938634208761,0.085063882,0.2037955899884911,0.238280734,0.1850643562287876,0.20826323,0.1535289422609183,0.151877128,0.103913381200201,0.111412876,42.77543871595972
338,2021-06-01 06:00:00,831.8,28.97281118458021,849.7979158578167,299.72999999999996,31.54,0.1473,0.1278,0.1998,0.0288,0.1663,0.1053,47.8,71.34,1.32,0.085,0.03,0.018,0.128,0.065,0.031,0.313,0.137,0.078,0.316,0.163,0.1,0.233,0.008,0.055,0.165,0.022,0.042,0.0616249125522035,0.065878324,0.0879301854078542,0.097590678,0.2118062766327214,0.231463692,0.1860869009421672,0.209074792,0.1604009368206364,0.158744262,0.1097839196438617,0.111301924,42.1359175415582
372,2021-06-12 03:00:00,707.7,23.04366581083103,896.8434428311567,304.79999999999995,37.1,0.1523,0.1303,0.1685,0.0425,0.1353,0.083,47.8,59.98,1.32,0.084,0.029,0.018,0.127,0.065,0.031,0.304,0.134,0.076,0.309,0.159,0.098,0.235,0.008,0.055,0.164,0.022,0.042,0.0604640580421692,0.06468914,0.0864802394333797,0.096590678,0.2046370458423912,0.224651384,0.1808609314665443,0.2040733,0.1630077257876868,0.1607442619999999,0.1090392400595,0.110301924,66.33123648381147
376,2021-06-12 07:00:00,683.1,38.608053461504674,739.476198467012,308.46,29.64,0.178,0.1733,0.2038,0.0575,0.1515,0.0983,47.8,73.38,1.32,0.084,0.029,0.018,0.127,0.065,0.031,0.304,0.134,0.076,0.309,0.159,0.098,0.235,0.008,0.055,0.164,0.022,0.042,0.061317581930654,0.06468914,0.0887534082304566,0.096590678,0.2088573000347936,0.224651384,0.1855671724231794,0.2040733,0.1613151281951785,0.1607442619999999,0.108594487928207,0.110301924,59.11246615070317
382,2021-06-15 08:00:00,520.0,49.779186180973745,585.6799466180084,303.09999999999997,42.2,0.1253,0.088,0.1055,0.0298,0.1078,0.0593,47.8,75.94,1.32,0.082,0.029,0.017,0.122,0.062,0.029,0.301,0.132,0.075,0.314,0.162,0.099,0.223,0.008,0.053,0.158,0.022,0.04,0.0625651078233602,0.064066762,0.0906075050249672,0.09377837,0.2158283402700698,0.222650638,0.1998529444963267,0.20826323,0.1508249988383245,0.151499506,0.1057719702394617,0.107057168,70.39851494022346
369,2021-06-11 02:00:00,876.1,32.944667334240926,805.2436690280699,301.26,45.53,0.1358,0.1195,0.1813,0.0348,0.1398,0.0905,47.8,57.2,1.32,0.085,0.03,0.018,0.128,0.065,0.031,0.306,0.134,0.076,0.305,0.157,0.097,0.235,0.008,0.055,0.163,0.022,0.041,0.0618479471552384,0.065878324,0.0884927494690776,0.097590678,0.2084480391413985,0.226651384,0.1801081543909597,0.201072554,0.1619626645210304,0.1607442619999999,0.1089938589651126,0.110679546,87.01689155346307
400,2021-06-21 01:00:00,701.5,44.293241929155386,662.0098050513902,299.25,45.97,0.105,0.0798,0.1158,0.0283,0.114,0.066,47.8,54.620000000000005,1.32,0.102,0.0,0.034,0.146,0.04,0.049,0.269,0.209,0.051,0.314,0.162,0.099,0.222,0.008,0.052,0.165,0.057,0.046,0.0555909376845937,0.0551608519999999,0.0828007029464657,0.086063882,0.2186371435192883,0.238280734,0.1937893542057495,0.20826323,0.1517583044213478,0.151877128,0.1074614696300241,0.112412876,101.02563372598118
423,2021-06-27 09:00:00,352.8,60.76274940228835,406.8566124288049,305.84,45.26,0.108,0.0743,0.0878,0.0323,0.0923,0.0428,47.8,78.04,1.32,0.079,0.028,0.017,0.145,0.041,0.049,0.272,0.211,0.051,0.32,0.165,0.101,0.218,0.008,0.051,0.163,0.058,0.046,0.062649928373284,0.060877578,0.0867771356102774,0.085253066,0.2584411458374187,0.241659102,0.2224832468492867,0.212075538,0.1477108605959539,0.14925475,0.1137941133024641,0.11060206,79.29473158699008
419,2021-06-27 05:00:00,889.9,18.92559839015057,919.830979280636,303.44,53.24,0.1513,0.1295,0.2043,0.0275,0.1718,0.0968,47.8,66.42,1.32,0.079,0.028,0.017,0.145,0.041,0.049,0.272,0.211,0.051,0.32,0.165,0.101,0.218,0.008,0.051,0.163,0.058,0.046,0.0567551507644267,0.060877578,0.0810506012900663,0.085253066,0.2047277560292422,0.241659102,0.1878451532512156,0.212075538,0.1515872232859328,0.14925475,0.102883267733914,0.11060206,13.565676069364995
418,2021-06-27 04:00:00,913.1,17.10252106522175,930.9910414076631,302.15,57.89,0.1535,0.1268,0.1953,0.0273,0.1663,0.092,47.8,62.940000000000005,1.32,0.079,0.028,0.017,0.145,0.041,0.049,0.272,0.211,0.051,0.32,0.165,0.101,0.218,0.008,0.051,0.163,0.058,0.046,0.0567634355991683,0.060877578,0.0811334258804042,0.085253066,0.2045640745868856,0.241659102,0.1878963834049916,0.212075538,0.1517249024511041,0.14925475,0.1029320578499067,0.11060206,31.679265667099884
417,2021-06-27 03:00:00,862.0,23.38906035791662,887.9643429393223,300.77,63.55,0.1495,0.1193,0.1795,0.0265,0.1543,0.0825,47.8,59.66,1.32,0.079,0.028,0.017,0.145,0.041,0.049,0.272,0.211,0.051,0.32,0.165,0.101,0.218,0.008,0.051,0.163,0.058,0.046,0.0567763562599484,0.060877578,0.080883243799993,0.085253066,0.2055221675079549,0.241659102,0.1879633536246465,0.212075538,0.1512135136354646,0.14925475,0.1028384240179386,0.11060206,68.03025529948403
339,2021-06-02 07:00:00,749.0,39.51473780070873,731.8815014256055,297.31,52.2,0.1525,0.13,0.195,0.035,0.151,0.1003,47.8,74.38,1.32,0.085,0.03,0.018,0.128,0.065,0.031,0.313,0.137,0.078,0.316,0.163,0.1,0.233,0.008,0.055,0.165,0.023,0.042,0.0624815775443528,0.065878324,0.0900123963472114,0.097590678,0.2158370844114625,0.231463692,0.1906792689490107,0.209074792,0.1592105816298392,0.158744262,0.1096577274884115,0.111491108,58.30815881872505
416,2021-06-27 02:00:00,737.4,33.41747394759893,793.8629365687649,299.39,69.21,0.144,0.1113,0.1603,0.0285,0.132,0.0695,47.8,56.84,1.32,0.079,0.028,0.017,0.145,0.041,0.049,0.272,0.211,0.051,0.32,0.165,0.101,0.218,0.008,0.051,0.163,0.058,0.046,0.0571564217072437,0.060877578,0.0808755143470813,0.085253066,0.210191008542219,0.241659102,0.190183798582744,0.212075538,0.1502420800826991,0.14925475,0.1033732510888053,0.11060206,88.23392509869163
368,2021-06-11 01:00:00,713.0,44.08361502673063,668.5304729414077,299.31,52.89,0.0993,0.0788,0.1263,0.0275,0.112,0.0638,47.8,55.02,1.32,0.085,0.03,0.018,0.128,0.065,0.031,0.306,0.134,0.076,0.305,0.157,0.097,0.235,0.008,0.055,0.163,0.022,0.041,0.063157512560024,0.065878324,0.0915890665569257,0.097590678,0.2144398402403877,0.226651384,0.1868709227938865,0.201072554,0.1606871252186237,0.1607442619999999,0.1090544412418814,0.110679546,100.21257703190903
415,2021-06-27 01:00:00,585.1,44.60239655794446,655.6022688409977,298.02,74.87,0.1405,0.1045,0.1418,0.0285,0.1135,0.0573,47.8,54.7,1.32,0.079,0.028,0.017,0.145,0.041,0.049,0.272,0.211,0.051,0.32,0.165,0.101,0.218,0.008,0.051,0.163,0.058,0.046,0.0584250341757054,0.060877578,0.0819430472398902,0.085253066,0.222277989467104,0.241659102,0.1976326294451846,0.212075538,0.149092272547281,0.14925475,0.1056476043532166,0.11060206,101.11756999316596
504,2021-08-24 03:00:00,818.2,33.596739631017634,801.1830276797681,296.31,68.65,0.141,0.1138,0.1853,0.0293,0.1485,0.085,47.8,71.68,1.32,0.076,0.027,0.016,0.125,0.035,0.042,0.26,0.202,0.049,0.276,0.142,0.087,0.197,0.007,0.046,0.144,0.051,0.04,0.0554723572041431,0.059066016,0.0700375147296395,0.073761316,0.2007173698535942,0.23071169,0.1642364099530943,0.183011014,0.1358619678812549,0.134953676,0.0921853535437265,0.098543504,53.54231030758925
473,2021-08-06 05:00:00,786.0,24.88463018618245,872.9785118560297,303.35999999999996,49.32,0.168,0.1405,0.2135,0.0295,0.1808,0.1028,47.8,72.72,1.32,0.081,0.028,0.017,0.126,0.035,0.042,0.244,0.19,0.046,0.259,0.133,0.082,0.166,0.006,0.039,0.141,0.05,0.04,0.0588000771231186,0.062877578,0.0710083872357693,0.074761316,0.1844134307442371,0.216574348,0.1519092995174565,0.171196468,0.1148241265497084,0.113407846,0.0886976222716708,0.0953543199999999,5.224095805766723
509,2021-08-26 05:00:00,859.3,31.198385626977966,829.401358190394,301.2,37.55,0.1558,0.1395,0.2388,0.0288,0.1885,0.115,47.8,79.06,1.32,0.075,0.026,0.016,0.121,0.034,0.04,0.257,0.2,0.048,0.279,0.144,0.088,0.2,0.007,0.047,0.144,0.051,0.04,0.0543075295635478,0.0578768319999999,0.0686166577288336,0.072327376,0.197489178173366,0.228710944,0.1652124502182241,0.18501176,0.1377563832948573,0.136576054,0.0919742972469178,0.098543504,3.2828024049377404
474,2021-08-06 06:00:00,734.2,31.79921203423541,807.9561859129915,304.52,43.48,0.1643,0.133,0.2018,0.029,0.1688,0.0953,47.8,76.2,1.32,0.081,0.028,0.017,0.126,0.035,0.042,0.244,0.19,0.046,0.259,0.133,0.082,0.166,0.006,0.039,0.141,0.05,0.04,0.0590552759061104,0.062877578,0.0709926499429022,0.074761316,0.1872639954093076,0.216574348,0.1531013289311491,0.171196468,0.1143084360756836,0.113407846,0.0889977773130136,0.0953543199999999,32.138437969303254
475,2021-08-06 07:00:00,581.3,41.64850999345885,691.7568545115196,305.66999999999996,37.65,0.1548,0.1228,0.1688,0.028,0.1468,0.0775,47.8,79.46000000000001,1.32,0.081,0.028,0.017,0.126,0.035,0.042,0.244,0.19,0.046,0.259,0.133,0.082,0.166,0.006,0.039,0.141,0.05,0.04,0.0599814325525834,0.062877578,0.0715749080545289,0.074761316,0.1954720377247184,0.216574348,0.157465908080422,0.171196468,0.11352637614967,0.113407846,0.0903842133589177,0.0953543199999999,49.826565236764026
511,2021-08-27 03:00:00,840.9,34.43213225635082,795.6740365434697,298.38,47.39,0.133,0.106,0.1875,0.0293,0.1508,0.0838,47.8,72.74,1.32,0.075,0.026,0.016,0.121,0.034,0.04,0.257,0.2,0.048,0.279,0.144,0.088,0.2,0.007,0.047,0.144,0.051,0.04,0.0544979189442662,0.0578768319999999,0.0687048777269623,0.072327376,0.19958634377834,0.228710944,0.1662720999880997,0.18501176,0.1374478973959382,0.136576054,0.0922751562357673,0.098543504,52.37663560167451
476,2021-08-06 08:00:00,407.5,52.68841300605247,533.2600100092872,305.64,37.68,0.1418,0.1073,0.1385,0.0288,0.1193,0.0588,47.8,82.34,1.32,0.081,0.028,0.017,0.126,0.035,0.042,0.244,0.19,0.046,0.259,0.133,0.082,0.166,0.006,0.039,0.141,0.05,0.04,0.062123242836945,0.062877578,0.0734990084541583,0.074761316,0.2125232055995948,0.216574348,0.1675941356988611,0.171196468,0.1127019777832992,0.113407846,0.0938588679319867,0.0953543199999999,62.457463784107205
517,2021-08-28 08:00:00,410.5,58.05713726973687,461.1092043792484,300.17999999999995,45.79,0.1085,0.0768,0.1048,0.0278,0.1043,0.0513,47.8,89.44,1.32,0.075,0.026,0.016,0.121,0.034,0.04,0.257,0.2,0.048,0.278,0.143,0.088,0.2,0.007,0.047,0.143,0.051,0.04,0.0586341137257998,0.0578768319999999,0.0726591283347072,0.072327376,0.2371278582591628,0.228710944,0.1879876254918991,0.183822576,0.1353061906470179,0.136576054,0.0987315364526578,0.097543504,56.79749892732124
480,2021-08-07 05:00:00,743.9,25.157925419009132,870.888127212658,303.78,56.42,0.1755,0.1488,0.2105,0.03,0.1803,0.1035,47.8,72.98,1.32,0.081,0.028,0.017,0.126,0.035,0.042,0.244,0.19,0.046,0.258,0.133,0.082,0.166,0.006,0.039,0.141,0.05,0.039,0.0588054624178257,0.062877578,0.0710031109830425,0.074761316,0.1844901102796586,0.216574348,0.1509341563015858,0.170196468,0.1148048196250809,0.113407846,0.0900150907659178,0.0967319419999999,5.08253835890693
519,2021-08-29 04:00:00,792.1,30.9043643778613,836.359094191361,299.39,56.71,0.175,0.1478,0.2218,0.031,0.1933,0.1075,47.8,76.68,1.32,0.075,0.026,0.016,0.121,0.034,0.04,0.257,0.2,0.048,0.278,0.143,0.088,0.201,0.007,0.047,0.143,0.051,0.04,0.0542934086035637,0.0578768319999999,0.0686122302021881,0.072327376,0.1973253077274653,0.228710944,0.1641137473196006,0.183822576,0.1387839979534915,0.137576054,0.090952938338132,0.097543504,25.239960468632574
469,2021-08-05 04:00:00,862.7,23.51230377269667,883.9409164197255,302.40999999999997,62.62,0.1615,0.1325,0.2083,0.0283,0.1685,0.0928,47.8,68.96000000000001,1.32,0.081,0.028,0.017,0.127,0.036,0.042,0.245,0.19,0.046,0.259,0.133,0.082,0.166,0.006,0.039,0.142,0.051,0.04,0.0587779572176135,0.062877578,0.0720411544106355,0.0759504999999999,0.1850671623736413,0.217574348,0.1518077654531316,0.171196468,0.114919390340139,0.113407846,0.0896871241713749,0.096543504,30.200955038530736
492,2021-08-12 06:00:00,604.5,33.30887177369397,793.0550818806165,301.71999999999997,66.71,0.3473,0.3818,0.405,0.0318,0.3138,0.2035,47.8,77.94,1.32,0.077,0.027,0.016,0.12,0.034,0.04,0.234,0.182,0.044,0.246,0.127,0.078,0.166,0.006,0.039,0.133,0.048,0.037,0.0564531018819345,0.060066016,0.067665652933643,0.071327376,0.1806066336334115,0.20781612,0.1457003538925868,0.162571852,0.1141902261449916,0.113407846,0.0850685061072988,0.091108818,30.502525618524004
505,2021-08-24 07:00:00,623.9,46.18664160699474,640.9634686978158,300.12,54.3,0.1345,0.1035,0.1708,0.0288,0.135,0.0788,47.8,85.14,1.32,0.076,0.027,0.016,0.125,0.035,0.042,0.26,0.202,0.049,0.276,0.142,0.087,0.197,0.007,0.046,0.144,0.051,0.04,0.0569632500079548,0.059066016,0.071174901156254,0.073761316,0.2145162944190891,0.23071169,0.1719707215370238,0.183011014,0.1346829290872797,0.134953676,0.094635723712811,0.098543504,44.89278369917395
471,2021-08-06 03:00:00,780.4,29.161039207738114,834.4610212663464,300.72999999999996,61.01,0.1513,0.1258,0.1868,0.0265,0.1535,0.0838,47.8,66.02,1.32,0.081,0.028,0.017,0.126,0.035,0.042,0.244,0.19,0.046,0.259,0.133,0.082,0.166,0.006,0.039,0.141,0.05,0.04,0.0589264468014579,0.062877578,0.0709667175014245,0.074761316,0.1859382112521865,0.216574348,0.1524975294755758,0.171196468,0.1145110413707188,0.113407846,0.0888305103036233,0.0953543199999999,60.34138250636923
483,2021-08-07 08:00:00,401.5,52.88280861578515,530.3484204886136,305.74,50.58,0.1478,0.111,0.1375,0.028,0.115,0.0623,47.8,82.62,1.32,0.081,0.028,0.017,0.126,0.035,0.042,0.244,0.19,0.046,0.258,0.133,0.082,0.166,0.006,0.039,0.141,0.05,0.039,0.0621736911488813,0.062877578,0.073547995040493,0.074761316,0.2129125753007514,0.216574348,0.1668329173610653,0.170196468,0.1126888069559091,0.113407846,0.0953361063583942,0.0967319419999999,62.20379971556443
520,2021-08-31 08:00:00,393.9,58.93978546909605,449.5074823131442,299.51,62.84,0.1183,0.0775,0.0998,0.0278,0.101,0.0478,47.8,90.54,1.32,0.073,0.021,0.013,0.106,0.044,0.025,0.255,0.133,0.048,0.247,0.118,0.052,0.206,0.007,0.048,0.144,0.0,0.04,0.0598952621177091,0.059063778,0.0817101604376891,0.079883546,0.2205972920594191,0.214035616,0.2031537742879821,0.197687368,0.1398277787370561,0.1411984319999999,0.0873856714789188,0.08889512,56.03559135687266
470,2021-08-06 02:00:00,660.7,38.33171166075351,733.7922178280636,299.26,66.87,0.141,0.1095,0.1618,0.0278,0.132,0.0685,47.8,63.26,1.32,0.081,0.028,0.017,0.126,0.035,0.042,0.244,0.19,0.046,0.259,0.133,0.082,0.166,0.006,0.039,0.141,0.05,0.04,0.0595812686585981,0.062877578,0.0712800827978244,0.074761316,0.1920701558724524,0.216574348,0.155577501849701,0.171196468,0.1137905851167409,0.113407846,0.0897650781694169,0.0953543199999999,80.49143392070201
484,2021-08-09 02:00:00,690.7,38.86757814353396,727.6951018997759,298.5,77.79,0.1643,0.1483,0.1833,0.0275,0.1648,0.1103,47.8,64.12,1.32,0.08,0.028,0.017,0.126,0.035,0.042,0.243,0.189,0.045,0.258,0.133,0.082,0.166,0.006,0.039,0.141,0.05,0.039,0.0586393260981299,0.061877578,0.0713202222662149,0.074761316,0.1928651254328446,0.216762786,0.1548513209325961,0.170196468,0.113747762644293,0.113407846,0.09120206277203,0.0967319419999999,79.43096906648364
466,2021-08-05 01:00:00,467.6,48.94958764020093,589.7555499355828,298.23999999999995,76.97,0.1875,0.1848,0.2173,0.0328,0.179,0.1128,47.8,60.94,1.32,0.081,0.028,0.017,0.127,0.036,0.042,0.245,0.19,0.046,0.259,0.133,0.082,0.166,0.006,0.039,0.142,0.051,0.04,0.0612440376329063,0.062877578,0.0737981276603408,0.0759504999999999,0.2066690249541091,0.217574348,0.1634339177184168,0.171196468,0.1129663387067896,0.113407846,0.0935447530432029,0.096543504,94.660505901238
562,2021-09-27 04:00:00,742.4,41.719248058851754,743.7324663160498,296.57,64.25,0.141,0.1165,0.209,0.0263,0.169,0.0998,47.8,87.94,1.32,0.082,0.0,0.022,0.125,0.021,0.038,0.221,0.179,0.033,0.248,0.022,0.068,0.198,0.007,0.047,0.148,0.008,0.044,0.0521474524133864,0.051692316,0.0749807127737437,0.0766232279999999,0.1893836798909636,0.20940241,0.1573462268641055,0.1584837519999999,0.1347388375697146,0.134576054,0.0888831730399967,0.0888981039999999,19.85017799138288
548,2021-09-17 03:00:00,776.7,40.9277579188534,743.1734125782713,296.08,50.77,0.141,0.1093,0.1738,0.031,0.148,0.0883,47.8,80.74,1.32,0.065,0.017,0.011,0.122,0.005,0.038,0.231,0.096,0.046,0.229,0.038,0.051,0.21,0.007,0.05,0.14,0.0,0.039,0.0512616491811751,0.053062286,0.0708697518802357,0.070596284,0.17525043127931,0.185791052,0.1625154305763843,0.16593027,0.1427521228262622,0.142443188,0.0871736445114503,0.086272742,44.700148706227054
563,2021-09-29 03:00:00,674.0,44.99650849383046,700.1714471507129,295.53999999999996,61.87,0.1263,0.1008,0.1585,0.028,0.148,0.0883,47.8,85.52,1.32,0.082,0.0,0.022,0.125,0.02,0.038,0.22,0.181,0.032,0.249,0.022,0.068,0.198,0.007,0.047,0.149,0.007,0.044,0.0519211977972276,0.051692316,0.0749982625671515,0.076434044,0.1939196583711167,0.2101583999999999,0.1581769698369287,0.1594837519999999,0.1344241357969836,0.134576054,0.0895257906428161,0.08970892,41.016615610572416
546,2021-09-13 03:00:00,677.5,39.61668724132758,755.3960395884993,296.12,83.15,0.1658,0.1403,0.1778,0.031,0.1613,0.0903,47.8,79.16,1.32,0.068,0.018,0.012,0.117,0.014,0.032,0.249,0.065,0.051,0.248,0.041,0.055,0.209,0.007,0.049,0.146,0.0,0.04,0.0528759266953961,0.054873848,0.0746234321131941,0.075564672,0.1840307585723821,0.191038238,0.1761843663266553,0.179987334,0.1432422075810192,0.14282081,0.091976353362936,0.09089512,46.06349504314406
561,2021-09-27 03:00:00,701.9,44.30758110703735,707.8159239785298,294.98999999999995,74.3,0.1283,0.0998,0.1718,0.0268,0.1448,0.0843,47.8,84.72,1.32,0.082,0.0,0.022,0.125,0.021,0.038,0.221,0.179,0.033,0.248,0.022,0.068,0.198,0.007,0.047,0.148,0.008,0.044,0.0519696038706,0.051692316,0.0750659226599594,0.0766232279999999,0.1924616740030834,0.20940241,0.1572076018589081,0.1584837519999999,0.1344896893513774,0.134576054,0.0886769627444261,0.0888981039999999,41.58352729888449
567,2021-09-29 07:00:00,411.5,58.372528877189815,488.14442090610027,300.63,29.19,0.1118,0.0825,0.107,0.0265,0.1173,0.0635,47.8,98.98,1.32,0.082,0.0,0.022,0.125,0.02,0.038,0.22,0.181,0.032,0.249,0.022,0.068,0.198,0.007,0.047,0.149,0.007,0.044,0.0509076359889682,0.051692316,0.0761750698349462,0.076434044,0.2189393063263002,0.2101583999999999,0.1582643978598485,0.1594837519999999,0.1332834259344234,0.134576054,0.0885232937541096,0.08970892,36.524574927243975
554,2021-09-22 04:00:00,775.6,39.78885844873804,763.6951476072176,298.53999999999996,46.51,0.1395,0.121,0.2075,0.029,0.1773,0.1048,47.8,85.94,1.32,0.077,0.0,0.019,0.127,0.0,0.041,0.25,0.072,0.06,0.248,0.023,0.068,0.201,0.007,0.047,0.146,0.0,0.044,0.0513290492046303,0.0508251819999999,0.0716047903889391,0.070517498,0.1733405017247624,0.180963928,0.1575327019423987,0.158672936,0.1379265998332732,0.137576054,0.0865514823686176,0.085384632,20.615827017838313
551,2021-09-21 06:00:00,674.1,46.94592041946667,663.1123812250246,299.33,37.32,0.2625,0.2563,0.312,0.0305,0.259,0.2395,47.8,92.52,1.32,0.076,0.0,0.02,0.125,0.003,0.041,0.251,0.068,0.059,0.226,0.037,0.05,0.204,0.007,0.048,0.144,0.0,0.043,0.0485290211788801,0.04844756,0.0690263933828732,0.06908505,0.1777103450441919,0.182584814,0.161539319196617,0.164118708,0.1388674174170398,0.1391984319999999,0.0849373955345923,0.084762254,22.360329085293102
550,2021-09-17 07:00:00,419.2,54.09509350275389,548.1158576397786,299.65,36.15,0.1258,0.095,0.1518,0.0293,0.1258,0.0718,47.8,94.2,1.32,0.065,0.017,0.011,0.122,0.005,0.038,0.231,0.096,0.046,0.229,0.038,0.051,0.21,0.007,0.05,0.14,0.0,0.039,0.0528188193133634,0.053062286,0.0698180479118507,0.070596284,0.1847437889766991,0.185791052,0.1648492041895264,0.16593027,0.1414187007527485,0.142443188,0.0854800270718293,0.086272742,39.09139634175489
543,2021-09-11 05:00:00,682.7,37.18651750472139,783.1372571252998,301.14,66.47,0.1635,0.1405,0.206,0.028,0.184,0.1108,47.8,85.06,1.32,0.069,0.018,0.012,0.117,0.014,0.032,0.251,0.065,0.051,0.249,0.041,0.055,0.209,0.007,0.049,0.146,0.0,0.04,0.0537167619416181,0.055873848,0.0746597427055965,0.075564672,0.1855101502588791,0.193038238,0.1770172471562355,0.180987334,0.1434934575049961,0.14282081,0.0922588923056944,0.09089512,2.630781735723616
544,2021-09-11 06:00:00,634.1,43.16623264115179,705.4932083462476,302.07,62.22,0.1543,0.1255,0.1855,0.0273,0.1643,0.0935,47.8,88.56,1.32,0.069,0.018,0.012,0.117,0.014,0.032,0.251,0.065,0.051,0.249,0.041,0.055,0.209,0.007,0.049,0.146,0.0,0.04,0.0541689917069297,0.055873848,0.0746059842710267,0.075564672,0.187006050247715,0.193038238,0.1775523864512923,0.180987334,0.1428762286266612,0.14282081,0.0915433169589671,0.09089512,24.007000561811395
527,2021-09-02 03:00:00,704.2,36.17942736999528,783.2382690983414,298.52,67.63,0.148,0.1198,0.181,0.0298,0.1568,0.0858,47.8,74.94,1.32,0.072,0.02,0.013,0.106,0.044,0.024,0.254,0.133,0.048,0.247,0.118,0.052,0.206,0.007,0.049,0.144,0.0,0.04,0.0554023482947356,0.0578745939999999,0.0756523351072323,0.081261168,0.1951751036863816,0.213035616,0.182188870333006,0.197687368,0.140597201082663,0.13982081,0.0903724447059667,0.08889512,50.07475837780717
525,2021-09-01 07:00:00,554.4,48.64987869944445,614.3592522453642,301.87,50.11,0.1355,0.098,0.157,0.0263,0.135,0.0705,47.8,88.02,1.32,0.073,0.02,0.013,0.106,0.044,0.025,0.254,0.133,0.048,0.247,0.118,0.052,0.206,0.007,0.048,0.144,0.0,0.04,0.057661255336013,0.0588745939999999,0.0772198932251644,0.079883546,0.2050277106606611,0.213035616,0.1905677252887581,0.197687368,0.1407050607387416,0.1411984319999999,0.0888318723784921,0.08889512,42.84754269088836
526,2021-09-01 08:00:00,385.1,59.24021458743076,445.50346882274584,301.84999999999997,50.25,0.11,0.0728,0.0948,0.027,0.1008,0.047,47.8,90.9,1.32,0.073,0.02,0.013,0.106,0.044,0.025,0.254,0.133,0.048,0.247,0.118,0.052,0.206,0.007,0.048,0.144,0.0,0.04,0.059716410490221,0.0588745939999999,0.0818753480226332,0.079883546,0.2201268986773177,0.213035616,0.2036133080368682,0.197687368,0.1398056901095807,0.1411984319999999,0.0873417228428109,0.08889512,55.782913099692706
547,2021-09-13 04:00:00,662.7,36.35427097875631,795.9192937497595,297.47999999999996,77.2,0.1723,0.1453,0.1945,0.0288,0.176,0.0995,47.8,82.38,1.32,0.068,0.018,0.012,0.117,0.014,0.032,0.249,0.065,0.051,0.248,0.041,0.055,0.209,0.007,0.049,0.146,0.0,0.04,0.0526694100958018,0.054873848,0.0746761751067693,0.075564672,0.1833571724401946,0.191038238,0.1759744006742541,0.179987334,0.1435792163503467,0.14282081,0.092352883390257,0.09089512,22.194430301589563
541,2021-09-11 03:00:00,573.4,38.9720794559289,760.9423984307533,298.92999999999995,77.62,0.1553,0.125,0.173,0.0265,0.155,0.0888,47.8,78.38,1.32,0.069,0.018,0.012,0.117,0.014,0.032,0.251,0.065,0.051,0.249,0.041,0.055,0.209,0.007,0.049,0.146,0.0,0.04,0.0538305774535521,0.055873848,0.074631278622328,0.075564672,0.1858815814986115,0.193038238,0.1771337003278054,0.180987334,0.1433089057771486,0.14282081,0.0920524442011935,0.09089512,46.766409937947486
586,2021-10-16 05:00:00,668.7,50.87863201063577,629.3644322269696,283.08,15.15,0.144,0.1428,0.2323,0.0318,0.2045,0.146,47.8,98.78,1.32,0.073,0.0,0.015,0.125,0.02,0.036,0.245,0.083,0.058,0.243,0.063,0.06,0.235,0.019,0.07,0.152,0.03,0.042,0.0521986399466002,0.05233567,0.0781133530646349,0.079189288,0.1771700358102846,0.180800196,0.1693599039437035,0.172261272,0.1408117727506224,0.142160956,0.0983111176396723,0.0998153959999999,1.444423148027596
587,2021-10-16 06:00:00,556.5,56.26561701048654,540.5462201855278,283.84,14.78,0.1285,0.107,0.1633,0.0318,0.15,0.0993,47.8,102.26,1.32,0.073,0.0,0.015,0.125,0.02,0.036,0.245,0.083,0.058,0.243,0.063,0.06,0.235,0.019,0.07,0.152,0.03,0.042,0.0519149097207249,0.05233567,0.0787010268343048,0.079189288,0.181337744797414,0.180800196,0.1722211559222791,0.172261272,0.1406928933593864,0.142160956,0.0994196124748771,0.0998153959999999,18.64063827082751
595,2021-10-19 03:00:00,662.6,51.89917388451572,616.1447179931095,283.0,27.68,0.1225,0.0998,0.1515,0.028,0.1435,0.0968,47.8,93.2,1.32,0.072,0.0,0.014,0.126,0.017,0.035,0.244,0.083,0.057,0.242,0.063,0.06,0.236,0.018,0.071,0.153,0.028,0.042,0.0525361826916292,0.0527132919999999,0.08010780236593,0.080999358,0.178265616210994,0.181177818,0.1688390974670995,0.171261272,0.1402207714675816,0.14159415,0.0991665291238286,0.100437028,36.507812795362014
599,2021-10-20 03:00:00,498.9,52.236130269163894,611.7261829382137,282.65,49.03,0.1368,0.1053,0.1498,0.0288,0.1418,0.0928,47.8,93.56,1.32,0.074,0.0,0.015,0.131,0.008,0.037,0.246,0.08,0.058,0.247,0.056,0.062,0.236,0.015,0.071,0.158,0.021,0.044,0.053128388963484,0.05333567,0.0808487558549874,0.081541458,0.1786170681094066,0.181232644,0.1700551159311551,0.17218174,0.1397053260324788,0.141026598,0.1002732732070027,0.101357496,36.3398482545459
569,2021-10-01 04:00:00,703.2,43.26488526642578,726.9658128271961,293.95,29.4,0.1385,0.1205,0.192,0.0275,0.1765,0.1113,47.8,89.54,1.32,0.087,0.0,0.025,0.123,0.024,0.035,0.212,0.101,0.03,0.258,0.049,0.073,0.194,0.007,0.046,0.145,0.0,0.042,0.0529568474218223,0.0525594499999999,0.0773648499515234,0.079323646,0.179671201058611,0.189778924,0.1627289075753727,0.16670361,0.1319513011281033,0.131953676,0.0878075036686615,0.0871398759999999,19.302759533236294
579,2021-10-11 06:00:00,570.5,54.48073980506896,565.5287087863352,291.37,21.78,0.1248,0.1043,0.1648,0.0275,0.15,0.0958,47.8,100.38,1.32,0.078,0.003,0.02,0.126,0.029,0.039,0.256,0.078,0.066,0.247,0.073,0.065,0.229,0.023,0.068,0.154,0.021,0.045,0.0505918379826192,0.051015112,0.0770147440577459,0.077759078,0.1786749204368367,0.1798332999999999,0.1701108058180752,0.171265002,0.1382786183803426,0.139672936,0.0950773980907355,0.0959798739999999,19.37301187763606
580,2021-10-11 07:00:00,416.6,62.55354596596524,425.87095153543873,292.03,20.27,0.1013,0.0763,0.101,0.0273,0.112,0.0642,47.8,103.68,1.32,0.078,0.003,0.02,0.126,0.029,0.039,0.256,0.078,0.066,0.247,0.073,0.065,0.229,0.023,0.068,0.154,0.021,0.045,0.0503502700623627,0.051015112,0.0792152372645156,0.077759078,0.1857366058832076,0.1798332999999999,0.1766248711438863,0.171265002,0.1389344299281986,0.139672936,0.0961783452930783,0.0959798739999999,34.076563213950834
581,2021-10-12 05:00:00,659.5,49.383784511039224,648.6266177273861,290.95,32.88,0.1445,0.1435,0.237,0.0318,0.2133,0.1488,47.8,97.28,1.32,0.071,0.0,0.015,0.128,0.012,0.039,0.257,0.067,0.066,0.25,0.053,0.066,0.233,0.018,0.07,0.156,0.02,0.046,0.0502749281836897,0.05033567,0.0757544928525487,0.07654295,0.1749645616350689,0.178752276,0.1660516021309543,0.1691037,0.1387425175529852,0.139971772,0.0951759123882408,0.096413068,1.6499066117659709
584,2021-10-13 06:00:00,438.3,55.20225982530198,555.5051877698019,291.96999999999997,43.36,0.141,0.109,0.1465,0.0258,0.1483,0.0853,47.8,101.14,1.32,0.071,0.0,0.014,0.129,0.011,0.039,0.256,0.067,0.066,0.249,0.054,0.065,0.233,0.018,0.07,0.157,0.02,0.046,0.0513737916593861,0.0517132919999999,0.0765448116117013,0.0773537659999999,0.1769849898085339,0.177752276,0.1687658011703902,0.169670506,0.1384981192142012,0.139971772,0.0965462879000296,0.097413068,19.080290258288557
568,2021-10-01 03:00:00,684.6,45.688201856111256,692.3524956663691,292.90999999999997,33.14,0.1275,0.101,0.1598,0.0275,0.1508,0.0918,47.8,86.3,1.32,0.087,0.0,0.025,0.123,0.024,0.035,0.212,0.101,0.03,0.258,0.049,0.073,0.194,0.007,0.046,0.145,0.0,0.042,0.0527638225903219,0.0525594499999999,0.0775473091632227,0.079323646,0.1813446584089686,0.189778924,0.163089525267983,0.16670361,0.1317281711810842,0.131953676,0.0874832219517408,0.0871398759999999,40.46992591469572
575,2021-10-07 07:00:00,395.4,61.184856947878586,446.60361040412977,292.12,46.95,0.1105,0.0815,0.1003,0.0283,0.1138,0.0598,47.8,102.14,1.32,0.079,0.0,0.02,0.128,0.023,0.04,0.259,0.062,0.068,0.263,0.049,0.075,0.25,0.007,0.089,0.157,0.017,0.048,0.0505276844295886,0.05144756,0.0776344140091834,0.077246352,0.1799289444214876,0.177051112,0.1702450432348836,0.168948366,0.1253005138008016,0.12871593,0.0935292151331912,0.094090272,34.88315474433145
573,2021-10-07 05:00:00,661.2,47.46669317660903,672.5634186811008,290.13,57.5,0.153,0.1428,0.2323,0.031,0.2088,0.1335,47.8,95.36,1.32,0.079,0.0,0.02,0.128,0.023,0.04,0.259,0.062,0.068,0.263,0.049,0.075,0.25,0.007,0.089,0.157,0.017,0.048,0.0514946917001672,0.05144756,0.0757171123842634,0.077246352,0.1728349603459424,0.177051112,0.1656663425805194,0.168948366,0.1284315564521574,0.12871593,0.0930034075902619,0.094090272,1.8714959503834052
577,2021-10-08 06:00:00,449.2,53.382137266344216,580.5829845591649,292.33,51.26,0.1705,0.1598,0.19,0.0468,0.1278,0.093,47.8,99.24,1.32,0.078,0.0,0.02,0.126,0.03,0.039,0.266,0.049,0.071,0.27,0.033,0.078,0.252,0.007,0.09,0.157,0.018,0.048,0.0500912008077204,0.05044756,0.0769649569804641,0.0779482619999999,0.1757227180295761,0.177458854,0.16708151009606,0.168788556,0.1276673972293377,0.129338308,0.0932511511817747,0.094279456,19.812323608996252
638,2021-11-25 04:00:00,448.4,60.77759111781978,499.2234219137676,283.78,23.9,0.1198,0.0995,0.1053,0.0278,0.142,0.1038,47.8,106.74,1.32,0.076,0.0,0.012,0.136,0.009,0.032,0.181,0.024,0.033,0.172,0.043,0.028,0.17,0.03,0.028,0.135,0.021,0.022,0.0589346797621807,0.059468536,0.0930096841883202,0.093618752,0.1407829155393433,0.1400788899999999,0.1442075647081671,0.1415614959999999,0.1385716021867712,0.137102104,0.109587057483176,0.10866518,18.144936813298926
624,2021-11-08 03:00:00,562.4,58.21683564918047,529.3484081295655,276.04999999999995,29.49,0.1423,0.119,0.1508,0.028,0.115,0.0738,47.8,99.7,1.32,0.07,0.0,0.009,0.137,0.008,0.034,0.219,0.021,0.049,0.222,0.04,0.052,0.253,0.005,0.08,0.154,0.019,0.036,0.0572854954748962,0.057601402,0.0909018269857976,0.091674324,0.1548543855194327,0.155469386,0.1582104164803483,0.157931016,0.1411911817716964,0.14373616,0.1077361810355352,0.108000104,34.22723184167407
626,2021-11-09 04:00:00,564.4,56.90582431678088,553.3261979326257,282.15,30.22,0.1318,0.1113,0.148,0.0285,0.1528,0.1083,47.8,103.16,1.32,0.07,0.0,0.009,0.137,0.008,0.034,0.217,0.025,0.049,0.224,0.036,0.053,0.253,0.005,0.08,0.156,0.013,0.037,0.057328222071836,0.057601402,0.0909188573409974,0.091674324,0.153603016566993,0.154226122,0.1574323905696431,0.1577966579999999,0.1414807354737201,0.14373616,0.1068136928667865,0.107487378,17.2836493864784
639,2021-11-26 03:00:00,385.5,62.6452361681034,465.6799808731492,280.52,35.14,0.1093,0.0865,0.0898,0.0288,0.127,0.0923,47.8,103.78,1.32,0.075,0.0,0.011,0.136,0.007,0.032,0.181,0.023,0.032,0.171,0.042,0.028,0.168,0.031,0.027,0.134,0.02,0.022,0.0592805454411008,0.0598461579999999,0.0924378871122853,0.093240384,0.1423915087475917,0.141267328,0.1439900997336632,0.140372312,0.1390135261829263,0.13666891,0.1087531179263346,0.107475996,34.00785885913953
632,2021-11-16 04:00:00,409.2,58.77584756577305,527.072101808015,281.81,57.36,0.1385,0.1138,0.112,0.028,0.1475,0.1045,47.8,104.92,1.32,0.072,0.0,0.009,0.132,0.024,0.03,0.212,0.035,0.046,0.218,0.046,0.049,0.237,0.001,0.065,0.152,0.03,0.033,0.0592671642583774,0.059601402,0.0955516966803877,0.095211756,0.1556630153901598,0.155250828,0.1601662079489422,0.159198986,0.1452904008585229,0.147643754,0.1128060387212959,0.1122139939999999,17.554656059294587
623,2021-11-04 04:00:00,432.0,55.42345588234575,573.9600842736473,283.79999999999995,77.32,0.1485,0.1265,0.1438,0.0278,0.1515,0.1103,47.8,101.72,1.32,0.068,0.0,0.01,0.146,0.0,0.044,0.242,0.0,0.062,0.251,0.0,0.07,0.248,0.004,0.078,0.166,0.0,0.046,0.0539733989658202,0.05422378,0.0842829554496091,0.085384632,0.1550350735880856,0.156587436,0.1528137927607418,0.15456646,0.1394101560476896,0.14130222,0.1014776352427732,0.102629388,17.199381573355055
630,2021-11-13 04:00:00,516.6,58.00569621400169,537.8952023291725,287.15,27.83,0.129,0.1085,0.139,0.0293,0.1555,0.113,47.8,104.2,1.32,0.071,0.0,0.009,0.136,0.011,0.032,0.215,0.028,0.047,0.221,0.04,0.051,0.254,0.005,0.08,0.155,0.016,0.035,0.0582924020228855,0.058601402,0.0934445884445003,0.0939971199999999,0.1553254133468734,0.1555489179999999,0.1585435836925801,0.158308638,0.1422377367321221,0.14473616,0.1094028856474907,0.109810174,17.417436809015385
631,2021-11-14 04:00:00,484.4,58.26779503349203,534.2114429496908,285.71,31.13,0.129,0.1073,0.1315,0.0298,0.1508,0.111,47.8,104.44,1.32,0.071,0.0,0.009,0.136,0.01,0.033,0.215,0.027,0.047,0.222,0.04,0.051,0.254,0.005,0.08,0.155,0.015,0.035,0.0582838271265364,0.058601402,0.0917992293061417,0.092430314,0.155141350012451,0.1553597339999999,0.1596424730857389,0.159308638,0.1421799504903001,0.14473616,0.1091860113664594,0.10962099,17.45972501986708
643,2021-12-02 04:00:00,390.6,61.98363107132936,483.22849200260487,281.94,25.77,0.1215,0.097,0.105,0.027,0.1408,0.103,47.8,107.78,1.32,0.068,0.0,0.008,0.127,0.008,0.027,0.163,0.037,0.026,0.152,0.026,0.02,0.166,0.005,0.022,0.115,0.041,0.014,0.0565873726110206,0.056979024,0.0908726266291851,0.0913176779999999,0.1369638397956484,0.134181636,0.1312367247452708,0.129366344,0.1361091772221757,0.136638236,0.1072779029126128,0.103469836,18.77118066413081
645,2021-12-13 04:00:00,444.5,63.19118074031075,470.0214611409535,273.96999999999997,42.15,0.119,0.094,0.098,0.03,0.1348,0.1008,47.8,108.66,1.32,0.094,0.0,0.022,0.145,0.037,0.035,0.214,0.107,0.055,0.24,0.164,0.069,0.215,0.055,0.049,0.164,0.088,0.04,0.0625162505640448,0.063692316,0.1067048104937722,0.103783038,0.1693935324788981,0.158473478,0.1935253878549376,0.175970258,0.1624066346858616,0.157901642,0.1348040690583185,0.125543312,19.978520564727177
642,2021-12-02 03:00:00,394.0,63.74182217158143,450.3836400864108,278.62,36.97,0.1108,0.082,0.0865,0.0328,0.1218,0.082,47.8,104.66,1.32,0.068,0.0,0.008,0.127,0.008,0.027,0.163,0.037,0.026,0.152,0.026,0.02,0.166,0.005,0.022,0.115,0.041,0.014,0.0565348769733646,0.056979024,0.090929919577912,0.0913176779999999,0.1378776329551647,0.134181636,0.1318674992600324,0.129366344,0.1361113552972567,0.136638236,0.108387672391521,0.103469836,34.27791671661586
