Time,ghi,Sun_Zen,ghi_clear,T_s,RH,C01,C02,C03,C04,C05,C06,Sat_Zen,Sun_Gli,ele,aod,Abdo_C01_p0,Abdo_C01_p1,Abdo_C01_p2,Abdo_C02_p0,Abdo_C02_p1,Abdo_C02_p2,Abdo_C03_p0,Abdo_C03_p1,Abdo_C03_p2,Abdo_C04_p0,Abdo_C04_p1,Abdo_C04_p2,Abdo_C05_p0,Abdo_C05_p1,Abdo_C05_p2,Abdo_C06_p0,Abdo_C06_p1,Abdo_C06_p2,BSA_C01,WSA_C01,BSA_C02,WSA_C02,BSA_C03,WSA_C03,BSA_C04,WSA_C04,BSA_C05,WSA_C05,BSA_C06,WSA_C06,RAZ
2021-01-12 03:00:00,502.0,56.77451934106688,599.3980075123496,274.48999999999995,66.4,0.0943,0.0703,0.0915,0.025,0.1268,0.0765,30.78,82.24,25.2,0.375391,0.042,0.043,0.0,0.063,0.071,0.0,0.23,0.106,0.053,0.339,0.056,0.103,0.345,0.084,0.133,0.216,0.007,0.076,0.051545736427788855,0.050134912000000004,0.0787615647993723,0.076432064,0.17893373365295479,0.17703953800000005,0.20645893012199007,0.20769923800000004,0.17644969248740547,0.17766773,0.11058378987727023,0.11262501600000001,37.62018422893718
2021-01-12 04:00:00,618.8,50.5205834058157,712.9901637302077,276.34,56.92,0.1103,0.0868,0.1325,0.028,0.162,0.1043,30.78,79.52,25.2,0.375391,0.042,0.043,0.0,0.063,0.071,0.0,0.23,0.106,0.053,0.339,0.056,0.103,0.345,0.084,0.133,0.216,0.007,0.076,0.04836833207327017,0.050134912000000004,0.07351515295819028,0.076432064,0.17226547308822243,0.17703953800000005,0.20458382638229017,0.20769923800000004,0.17316468162035098,0.17766773,0.11173625891585327,0.11262501600000001,22.11976293836787
2021-01-12 08:00:00,437.9,63.945671761275236,459.72478147680187,282.22999999999996,27.94,0.076,0.0518,0.0635,0.0258,0.0988,0.0553,30.78,87.82000000000001,25.2,0.375391,0.042,0.043,0.0,0.063,0.071,0.0,0.23,0.106,0.053,0.339,0.056,0.103,0.345,0.084,0.133,0.216,0.007,0.076,0.05625889497081237,0.050134912000000004,0.08654375681227158,0.076432064,0.1891528915000706,0.17703953800000005,0.2098775521877377,0.20769923800000004,0.18214527670050343,0.17766773,0.10934446756100814,0.11262501600000001,43.27691936429494
2021-01-13 04:00:00,590.2,50.390854247627814,715.3889912587038,279.09999999999997,53.07,0.1113,0.0865,0.12,0.0273,0.1648,0.1018,30.78,79.36,25.2,0.375391,0.042,0.043,0.0,0.063,0.072,0.0,0.23,0.107,0.053,0.339,0.056,0.103,0.344,0.084,0.132,0.216,0.007,0.076,0.04831083393374557,0.050134912000000004,0.07356697774952747,0.076621248,0.17229396705892808,0.177228722,0.20455455657548902,0.20769923800000004,0.17349634542311912,0.178045352,0.11176055383447896,0.11262501600000001,22.29946610333829
2021-01-13 05:00:00,632.0,47.827506264305434,759.2201097083517,280.78999999999996,48.61,0.1148,0.093,0.1385,0.027,0.1768,0.1163,30.78,78.54,25.2,0.375391,0.042,0.043,0.0,0.063,0.072,0.0,0.23,0.107,0.053,0.339,0.056,0.103,0.344,0.084,0.132,0.216,0.007,0.076,0.04724049852714179,0.050134912000000004,0.07177478823149322,0.076621248,0.17008789264680502,0.177228722,0.20404938213849355,0.20769923800000004,0.17254443918769197,0.178045352,0.11224209043466934,0.11262501600000001,4.1182494250507204
2021-01-13 06:00:00,629.1,49.5794489286261,729.4407709776509,282.47999999999996,44.15,0.109,0.086,0.1208,0.0278,0.1645,0.106,30.78,79.74,25.2,0.375391,0.042,0.043,0.0,0.063,0.072,0.0,0.23,0.107,0.053,0.339,0.056,0.103,0.344,0.084,0.132,0.216,0.007,0.076,0.04795857651332142,0.050134912000000004,0.07297715137114284,0.076621248,0.1715635195941732,0.177228722,0.2043797330499411,0.20769923800000004,0.17317208652026422,0.178045352,0.11191271159011429,0.11262501600000001,14.344978258190451
2021-01-13 07:00:00,539.2,55.23621872218799,628.2699766872277,284.15999999999997,39.69,0.1035,0.073,0.0903,0.0285,0.1353,0.0833,30.78,82.86,25.2,0.375391,0.042,0.043,0.0,0.063,0.072,0.0,0.23,0.107,0.053,0.339,0.056,0.103,0.344,0.084,0.132,0.216,0.007,0.076,0.05068801866916435,0.050134912000000004,0.07754738009720542,0.076621248,0.17731339813127933,0.177228722,0.2059093576045001,0.20769923800000004,0.1759088772378165,0.178045352,0.11086286625784836,0.11262501600000001,30.48233318680431
2021-01-13 08:00:00,402.6,63.76239464841409,463.54418625201765,284.25,40.3,0.0853,0.055,0.0642,0.026,0.1015,0.056,30.78,87.62,25.2,0.375391,0.042,0.043,0.0,0.063,0.072,0.0,0.23,0.107,0.053,0.339,0.056,0.103,0.344,0.084,0.132,0.216,0.007,0.076,0.05612301484170199,0.050134912000000004,0.0866478388047103,0.076621248,0.18918279004974814,0.177228722,0.20977136402374225,0.20769923800000004,0.18240443912831455,0.178045352,0.10937456765955587,0.11262501600000001,43.33547391648784
2021-01-14 04:00:00,599.4,50.25419206769445,717.8965034804326,279.96999999999997,59.72,0.1085,0.0838,0.1215,0.0273,0.162,0.1013,30.78,79.2,25.2,0.375391,0.042,0.043,0.0,0.063,0.072,0.0,0.23,0.107,0.053,0.339,0.057,0.103,0.344,0.084,0.132,0.216,0.008,0.076,0.04825061609434994,0.050134912000000004,0.07346614787891152,0.076621248,0.17216881407729123,0.177228722,0.20466948169965926,0.20788842200000004,0.17344020615978603,0.178045352,0.11193152064472946,0.11281419999999999,22.480013324569967
2021-01-14 05:00:00,642.5,47.655113764761545,762.2345198019214,282.09,53.85,0.1158,0.09,0.1388,0.027,0.181,0.1163,30.78,78.38,25.2,0.375391,0.042,0.043,0.0,0.063,0.072,0.0,0.23,0.107,0.053,0.339,0.057,0.103,0.344,0.084,0.132,0.216,0.008,0.076,0.0471729145838017,0.050134912000000004,0.07166162441938889,0.076621248,0.1699500193612565,0.177228722,0.2041405524706413,0.20788842200000004,0.1724878806669424,0.178045352,0.11239483881555187,0.11281419999999999,4.241711227663103
2021-01-14 06:00:00,630.7,49.38714051492295,732.8758483649356,284.21,47.99,0.1108,0.0853,0.1193,0.0268,0.1638,0.106,30.78,79.56,25.2,0.375391,0.042,0.043,0.0,0.063,0.072,0.0,0.23,0.107,0.053,0.339,0.057,0.103,0.344,0.084,0.132,0.216,0.008,0.076,0.047876936942244847,0.050134912000000004,0.07284045255445648,0.076621248,0.17139481824760314,0.177228722,0.20447703136493,0.20788842200000004,0.17309840029311238,0.178045352,0.11208549191853609,0.11281419999999999,14.300004384296784
2021-01-14 07:00:00,549.0,55.04155330238715,632.0055979094584,286.33,42.12,0.099,0.071,0.0895,0.028,0.1373,0.0835,30.78,82.66,25.2,0.375391,0.042,0.043,0.0,0.063,0.072,0.0,0.23,0.107,0.053,0.339,0.057,0.103,0.344,0.084,0.132,0.216,0.008,0.076,0.05058312724017275,0.050134912000000004,0.07737174793703344,0.076621248,0.17708909810757767,0.177228722,0.20604370232430003,0.20788842200000004,0.17579539894324706,0.178045352,0.11109803766929019,0.11281419999999999,30.504788487176256
2021-01-14 08:00:00,405.3,63.57575430306614,467.42122185807926,286.84999999999997,40.53,0.0803,0.0543,0.064,0.0263,0.1028,0.0565,30.78,87.44,25.2,0.375391,0.042,0.043,0.0,0.063,0.072,0.0,0.23,0.107,0.053,0.339,0.057,0.103,0.344,0.084,0.132,0.216,0.008,0.076,0.05598550570716538,0.050134912000000004,0.08641759095153273,0.076621248,0.18887767140120532,0.177228722,0.209989539701016,0.20788842200000004,0.18222810516609828,0.178045352,0.10973056259250037,0.11281419999999999,43.401314346040465
2021-01-15 04:00:00,580.7,50.11064198793111,720.511131645315,280.21999999999997,70.13,0.1155,0.0868,0.1195,0.0265,0.1625,0.1015,30.78,79.02,25.2,0.375391,0.041,0.041,0.0,0.065,0.069,0.001,0.226,0.114,0.051,0.331,0.067,0.098,0.283,0.083,0.081,0.216,0.007,0.076,0.046899949805711987,0.048756544,0.07354504900407957,0.07667607400000001,0.17181386290441647,0.177308254,0.20499616949146288,0.20866837200000002,0.18282888078775772,0.18711488999999998,0.11181306254142143,0.11262501600000001,22.661317445553635
2021-01-15 05:00:00,627.4,47.47601287994788,765.3447548733712,280.88,68.88,0.1228,0.0935,0.1377,0.027,0.1815,0.1168,30.78,78.18,25.2,0.375391,0.041,0.041,0.0,0.065,0.069,0.001,0.226,0.114,0.051,0.331,0.067,0.098,0.283,0.083,0.081,0.216,0.007,0.076,0.045865913394427804,0.048756544,0.07181367997316261,0.07667607400000001,0.16938950526478921,0.177308254,0.20417258430422547,0.20866837200000002,0.18145151319886726,0.18711488999999998,0.11230825243308057,0.11262501600000001,4.362955031369978
2021-01-15 06:00:00,612.6,49.188997096297165,736.393487812799,281.53,67.63,0.1175,0.0885,0.1213,0.0275,0.1655,0.1065,30.78,79.36,25.2,0.375391,0.041,0.041,0.0,0.065,0.069,0.001,0.226,0.114,0.051,0.331,0.067,0.098,0.283,0.083,0.081,0.216,0.007,0.076,0.046524086690685834,0.048756544,0.0729156192325287,0.07667607400000001,0.17092791788859135,0.177308254,0.2046877483453331,0.20866837200000002,0.18232073542223434,0.18711488999999998,0.11198603730335888,0.11262501600000001,14.260232018396522
2021-01-15 07:00:00,524.7,54.84236079527045,635.809599039363,285.39,56.28,0.1065,0.0773,0.0913,0.027,0.1377,0.0833,30.78,82.46000000000001,25.2,0.375391,0.041,0.041,0.0,0.065,0.069,0.001,0.226,0.114,0.051,0.331,0.067,0.098,0.283,0.083,0.081,0.216,0.007,0.076,0.049082372392699386,0.048756544,0.07720144867316758,0.07667607400000001,0.17704271166956104,0.177308254,0.20694969755280368,0.20866837200000002,0.18591386949723698,0.18711488999999998,0.11093487426886581,0.11262501600000001,30.534136397337846
2021-01-15 08:00:00,385.2,63.38588166695713,471.3528223249507,285.92999999999995,54.74,0.0873,0.0568,0.0638,0.0265,0.1025,0.0565,30.78,87.24,25.2,0.375391,0.041,0.041,0.0,0.065,0.069,0.001,0.226,0.114,0.051,0.331,0.067,0.098,0.283,0.083,0.081,0.216,0.007,0.076,0.05420248385200138,0.048756544,0.0857870066471937,0.07667607400000001,0.18968715568822744,0.177308254,0.21225764193353758,0.20866837200000002,0.1937505606392847,0.18711488999999998,0.109436701944496,0.11262501600000001,43.474498658148406
2021-01-18 03:00:00,523.4,56.13719602222164,610.8158466688689,275.63,76.17,0.096,0.0693,0.0913,0.0265,0.128,0.075,30.78,81.3,25.2,0.375391,0.041,0.041,0.0,0.065,0.069,0.002,0.227,0.114,0.052,0.333,0.066,0.099,0.284,0.081,0.082,0.217,0.006,0.076,0.04975695680122541,0.048756544,0.07692689339263512,0.075298452,0.17827758367049618,0.176930632,0.20798056913776716,0.209101566,0.18607293910371214,0.1863589,0.11148538813950816,0.113435832,38.85862742022576
2021-01-18 04:00:00,654.2,49.63916998589655,727.6425059882519,277.78999999999996,66.78,0.1023,0.0828,0.127,0.028,0.1558,0.1003,30.78,78.48,25.2,0.375391,0.041,0.041,0.0,0.065,0.069,0.002,0.227,0.114,0.052,0.333,0.066,0.099,0.284,0.081,0.082,0.217,0.006,0.076,0.046705743865651635,0.048756544,0.07183727970348823,0.075298452,0.17097293828350518,0.176930632,0.20531390439583472,0.209101566,0.18190446435983001,0.1863589,0.11276233720707306,0.113435832,23.208988218347116
2021-01-18 05:00:00,700.0,46.8991670400236,773.878832149497,279.96999999999997,56.51,0.1088,0.0893,0.141,0.0295,0.179,0.1175,30.78,77.60000000000001,25.2,0.375391,0.041,0.041,0.0,0.065,0.069,0.002,0.227,0.114,0.052,0.333,0.066,0.099,0.284,0.081,0.082,0.217,0.006,0.076,0.04565581744468073,0.048756544,0.07008860938685745,0.075298452,0.16852888534942456,0.176930632,0.20452859072363597,0.209101566,0.18057965954450522,0.1863589,0.11330329242534407,0.113435832,4.712394800301439
2021-01-18 06:00:00,683.8,48.560522985512776,746.072489127297,282.15,46.23,0.1035,0.084,0.128,0.0268,0.1673,0.1093,30.78,78.76,25.2,0.375391,0.041,0.041,0.0,0.065,0.069,0.002,0.227,0.114,0.052,0.333,0.066,0.099,0.284,0.081,0.082,0.217,0.006,0.076,0.04627657813931087,0.048756544,0.07112228692053559,0.075298452,0.169968453249968,0.176930632,0.20498250799037177,0.209101566,0.18135433138034324,0.1863589,0.11297547828676172,0.113435832,14.173282369496974
2021-01-18 07:00:00,600.8,54.21881535173101,646.2868162484103,284.33,35.96,0.0933,0.071,0.0928,0.0275,0.138,0.086,30.78,81.84,25.2,0.375391,0.041,0.041,0.0,0.065,0.069,0.002,0.227,0.114,0.052,0.333,0.066,0.099,0.284,0.081,0.082,0.217,0.006,0.076,0.04876970594209174,0.048756544,0.07527907702913227,0.075298452,0.17588756415465534,0.176930632,0.20706723847774738,0.209101566,0.18468235505129826,0.1863589,0.11185978699697738,0.113435832,30.664476527275667
2021-01-18 08:00:00,451.6,62.798163584957926,482.1914876955894,285.0,34.42,0.0755,0.0535,0.0665,0.0275,0.1045,0.059,30.78,86.60000000000001,25.2,0.375391,0.041,0.041,0.0,0.065,0.069,0.002,0.227,0.114,0.052,0.333,0.066,0.099,0.284,0.081,0.082,0.217,0.006,0.076,0.05379765936974508,0.048756544,0.08367830084420357,0.075298452,0.1882439258231527,0.176930632,0.21206954888658483,0.209101566,0.1920550188060171,0.1863589,0.11022233668331749,0.113435832,43.73861843695923
2021-01-19 04:00:00,619.2,49.46859546753984,730.1320876148357,282.34,51.94,0.111,0.0868,0.1205,0.0275,0.1645,0.1028,30.78,78.28,25.2,0.375391,0.041,0.041,0.0,0.066,0.069,0.002,0.228,0.113,0.052,0.334,0.066,0.099,0.284,0.08,0.082,0.217,0.006,0.077,0.04663648042210457,0.048756544,0.07272186826663014,0.076298452,0.17167287762609623,0.17774144800000002,0.20625952373869777,0.210101566,0.18167746038633653,0.18616971599999999,0.11141409024603684,0.11205821,23.392568177785364
2021-01-19 05:00:00,674.3,46.693954167211075,776.809190696191,284.19,49.26,0.1163,0.0928,0.1403,0.0263,0.1855,0.1198,30.78,77.4,25.2,0.375391,0.041,0.041,0.0,0.066,0.069,0.002,0.228,0.113,0.052,0.334,0.066,0.099,0.284,0.08,0.082,0.217,0.006,0.077,0.045582451500896536,0.048756544,0.07096648615550294,0.076298452,0.16924812850631832,0.17774144800000002,0.2054771304961039,0.210101566,0.1803781475959964,0.18616971599999999,0.1119709925203686,0.11205821,4.823810903685484
2021-01-19 06:00:00,652.4,48.34001422525975,749.3556001505734,286.03999999999996,46.58,0.1143,0.0885,0.1243,0.0268,0.1693,0.11,30.78,78.54,25.2,0.375391,0.041,0.041,0.0,0.066,0.069,0.002,0.228,0.113,0.052,0.334,0.066,0.099,0.284,0.08,0.082,0.217,0.006,0.077,0.04619140409905789,0.048756544,0.07198041941498601,0.076298452,0.17064333672826237,0.17774144800000002,0.20591837007121153,0.210101566,0.18111988215320282,0.18616971599999999,0.11164086541469403,0.11205821,14.155451150392622
2021-01-19 07:00:00,562.9,54.00271141389391,649.8074132331801,287.89,43.89,0.1063,0.0773,0.0953,0.0285,0.139,0.0865,30.78,81.62,25.2,0.375391,0.041,0.041,0.0,0.066,0.069,0.002,0.228,0.113,0.052,0.334,0.066,0.099,0.284,0.08,0.082,0.217,0.006,0.077,0.048663167186867515,0.048756544,0.07610130526897739,0.076298452,0.176444082331844,0.17774144800000002,0.20797123295065537,0.210101566,0.18434750147444368,0.18616971599999999,0.11050453020215757,0.11205821,30.72230971408692
2021-01-19 08:00:00,418.4,62.59665032511584,485.8076940224872,287.48999999999995,45.8,0.0873,0.0593,0.0663,0.0268,0.105,0.0578,30.78,86.38,25.2,0.375391,0.041,0.041,0.0,0.066,0.069,0.002,0.228,0.113,0.052,0.334,0.066,0.099,0.284,0.08,0.082,0.217,0.006,0.077,0.05366072760410484,0.048756544,0.08444935778552685,0.076298452,0.18859347065539972,0.17774144800000002,0.2129235247750631,0.210101566,0.19153732326308373,0.18616971599999999,0.1088305548725429,0.11205821,43.84165245852509
2021-01-22 04:00:00,624.6,48.91753888374722,738.1761053265955,280.85999999999996,72.15,0.1155,0.0893,0.126,0.0263,0.1545,0.0948,30.78,77.66,25.2,0.375391,0.04,0.045,0.0,0.064,0.074,0.002,0.222,0.129,0.05,0.327,0.08,0.097,0.281,0.079,0.081,0.21,0.004,0.073,0.045944733410894535,0.04851328,0.07101558155266799,0.07524437199999999,0.17003651214671092,0.177523636,0.20369860444153243,0.20850538600000001,0.17964811748327011,0.184358154,0.10978103757943575,0.11019033000000002,23.945574703422466
2021-01-22 05:00:00,689.1,46.04065646360927,786.0914454374054,282.21,65.93,0.1175,0.0948,0.141,0.028,0.1803,0.115,30.78,76.72,25.2,0.375391,0.04,0.045,0.0,0.064,0.074,0.002,0.222,0.129,0.05,0.327,0.08,0.097,0.281,0.079,0.081,0.21,0.004,0.073,0.04477838948595284,0.04851328,0.06911661554819877,0.07524437199999999,0.16716853747552826,0.177523636,0.20254766061633972,0.20850538600000001,0.1783709181462636,0.184358154,0.11037165765114802,0.11019033000000002,5.141751589149834
2021-01-22 06:00:00,678.4,47.6468765422119,759.6039591269936,283.54999999999995,59.71,0.118,0.0895,0.125,0.0288,0.1705,0.1073,30.78,77.84,25.2,0.375391,0.04,0.045,0.0,0.064,0.074,0.002,0.222,0.129,0.05,0.327,0.08,0.097,0.281,0.079,0.081,0.21,0.004,0.073,0.045410150004806644,0.04851328,0.0701449677004985,0.07524437199999999,0.16871601121752383,0.177523636,0.20315945865492116,0.20850538600000001,0.1790530204473938,0.184358154,0.11004299744678354,0.11019033000000002,14.1368179793011
2021-01-22 07:00:00,586.2,53.33133428975145,660.6749152813594,284.89,53.49,0.1028,0.0753,0.0953,0.027,0.1413,0.0865,30.78,80.92,25.2,0.375391,0.04,0.045,0.0,0.064,0.074,0.002,0.222,0.129,0.05,0.327,0.08,0.097,0.281,0.079,0.081,0.21,0.004,0.073,0.04805401820010314,0.04851328,0.07445386184304101,0.07524437199999999,0.17532509446763606,0.177523636,0.20597785796166815,0.20850538600000001,0.18212306891202806,0.184358154,0.10886179981148167,0.11019033000000002,30.940037965268345
2021-01-22 08:00:00,446.8,61.97705677684205,496.87489013846226,285.48999999999995,51.1,0.0825,0.0558,0.068,0.0248,0.1063,0.059,30.78,85.68,25.2,0.375391,0.04,0.045,0.0,0.064,0.074,0.002,0.222,0.129,0.05,0.327,0.08,0.097,0.281,0.079,0.081,0.21,0.004,0.073,0.053440340277947904,0.04851328,0.08324878492097114,0.07524437199999999,0.18920127594987074,0.177523636,0.21251820121556236,0.20850538600000001,0.1890443908315091,0.184358154,0.10705625562376869,0.11019033000000002,44.19615791642403
2021-01-23 08:00:00,433.4,61.76592447548556,500.62718917145526,287.90999999999997,58.23,0.094,0.0623,0.0685,0.0255,0.104,0.0588,30.78,85.44,25.2,0.375391,0.045,0.045,0.002,0.067,0.073,0.003,0.231,0.117,0.054,0.342,0.07,0.104,0.286,0.081,0.083,0.226,0.021,0.082,0.05543579196552714,0.050758036,0.08427769512673286,0.076677566,0.1885554954456931,0.17874294000000002,0.21438912855947406,0.21197019200000006,0.19157830760812522,0.18698127799999997,0.11528763540871072,0.11700786,44.32952630616202
2021-03-23 05:00:00,911.4,25.27420180546035,1006.6105201136279,285.21999999999997,52.44,0.1485,0.1403,0.2355,0.0285,0.2173,0.1615,30.78,56.02,25.2,0.375391,0.046,0.036,0.003,0.082,0.031,0.016,0.25,0.017,0.052,0.28,0.05,0.07,0.252,0.071,0.073,0.169,0.03,0.052,0.04223949326974411,0.048677758,0.061136580634607376,0.065822752,0.18177389721358783,0.181579784,0.18829314766971028,0.19302566000000004,0.1564574188769673,0.16486565800000003,0.10083908966774331,0.10303917600000001,4.448271143069263
2021-03-23 06:00:00,878.9,28.65709790635964,972.7718577191783,286.66999999999996,49.73,0.1405,0.1225,0.2135,0.0278,0.1923,0.1335,30.78,57.6,25.2,0.375391,0.046,0.036,0.003,0.082,0.031,0.016,0.25,0.017,0.052,0.28,0.05,0.07,0.252,0.071,0.073,0.169,0.03,0.052,0.04250968578990129,0.048677758,0.061267289209935884,0.065822752,0.18151709046133646,0.181579784,0.18816812814779146,0.19302566000000004,0.15648051253990977,0.16486565800000003,0.10068808500608177,0.10303917600000001,28.191929093456366
2021-03-23 07:00:00,782.5,37.674008115297184,864.1951398993483,288.13,47.03,0.12,0.0995,0.1738,0.0268,0.1558,0.103,30.78,61.5,25.2,0.375391,0.046,0.036,0.003,0.082,0.031,0.016,0.25,0.017,0.052,0.28,0.05,0.07,0.252,0.071,0.073,0.169,0.03,0.052,0.043735643959902176,0.048677758,0.0620057843474314,0.065822752,0.1809001457358254,0.181579784,0.18831444446862616,0.19302566000000004,0.15731241916405192,0.16486565800000003,0.10053945909837164,0.10303917600000001,50.388098187184454
2021-03-23 08:00:00,636.9,49.297231614870974,688.8766562070022,288.85999999999996,45.75,0.1045,0.079,0.1288,0.0268,0.123,0.0768,30.78,67.24,25.2,0.375391,0.046,0.036,0.003,0.082,0.031,0.016,0.25,0.017,0.052,0.28,0.05,0.07,0.252,0.071,0.073,0.169,0.03,0.052,0.04674433490029641,0.048677758,0.06410744866179555,0.065822752,0.18047671893733433,0.181579784,0.1900929907143879,0.19302566000000004,0.16080046187495273,0.16486565800000003,0.10124200084510171,0.10303917600000001,64.28941472510226
2021-03-23 09:00:00,424.7,62.03575531669658,460.5351440822426,289.59,44.47,0.0805,0.0573,0.079,0.025,0.0853,0.0495,30.78,74.24,25.2,0.375391,0.046,0.036,0.003,0.082,0.031,0.016,0.25,0.017,0.052,0.28,0.05,0.07,0.252,0.071,0.073,0.169,0.03,0.052,0.05250614794693409,0.048677758,0.06845998965090155,0.065822752,0.1809014552906833,0.181579784,0.1951071486238861,0.19302566000000004,0.16911893637832823,0.16486565800000003,0.10379656745750972,0.10303917600000001,73.93320732901796
2021-03-24 06:00:00,823.0,28.34170311207012,975.3129981029662,291.65,53.1,0.1415,0.1203,0.2068,0.0283,0.194,0.1325,30.78,57.24,25.2,0.375391,0.045,0.038,0.002,0.081,0.035,0.015,0.242,0.019,0.039,0.268,0.056,0.051,0.256,0.072,0.074,0.165,0.036,0.047,0.042825766412967925,0.049433748,0.06162189826071247,0.06695711000000001,0.19073238672492687,0.191867238,0.20134047392761256,0.20833558200000002,0.15916463455199859,0.16767722,0.10337692346506322,0.10706239,28.71102413714428
2021-03-24 07:00:00,759.7,37.45293417744153,866.4501300587195,293.31,50.06,0.131,0.1043,0.1713,0.029,0.1575,0.1035,30.78,61.16,25.2,0.375391,0.045,0.038,0.002,0.081,0.035,0.015,0.242,0.019,0.039,0.268,0.056,0.051,0.256,0.072,0.074,0.165,0.036,0.047,0.044135680957385376,0.049433748,0.06251592326069061,0.06695711000000001,0.19048491550892205,0.191867238,0.20212971473858377,0.20833558200000002,0.15997921002774124,0.16767722,0.10354673002182571,0.10706239,50.936877270597336
2021-03-24 08:00:00,596.9,49.136353734632486,690.9414153494363,293.60999999999996,49.65,0.111,0.0823,0.1228,0.0273,0.1223,0.0758,30.78,66.9,25.2,0.375391,0.045,0.038,0.002,0.081,0.035,0.015,0.242,0.019,0.039,0.268,0.056,0.051,0.256,0.072,0.074,0.165,0.036,0.047,0.04733874390144566,0.049433748,0.06498519648307291,0.06695711000000001,0.1906975606159919,0.191867238,0.20509371158245,0.20833558200000002,0.16348200185131112,0.16767722,0.10493262952177901,0.10706239,64.774483459604
2021-03-27 05:00:00,913.9,23.69493063621158,1017.8285909814969,288.73999999999995,66.05,0.1518,0.1373,0.2318,0.0293,0.2188,0.1563,30.78,54.44,25.2,0.375391,0.044,0.032,0.003,0.079,0.044,0.013,0.232,0.138,0.023,0.261,0.108,0.04,0.236,0.096,0.049,0.161,0.049,0.045,0.04013412113763239,0.045921022,0.06205467035975433,0.06941501,0.20214255839954026,0.226422086,0.2088046399258029,0.22632699200000003,0.17198660587153286,0.186658186,0.10213226791310581,0.108277026,3.825136996430359
2021-03-27 06:00:00,874.2,27.411981559058283,982.5396780640422,290.19,61.04,0.1473,0.126,0.2058,0.0278,0.193,0.1325,30.78,56.120000000000005,25.2,0.375391,0.044,0.032,0.003,0.079,0.044,0.013,0.232,0.138,0.023,0.261,0.108,0.04,0.236,0.096,0.049,0.161,0.049,0.045,0.04036037799837196,0.045921022,0.06229475980474896,0.06941501,0.2030377755347044,0.226422086,0.20932921058422393,0.22632699200000003,0.17234531453365115,0.186658186,0.10215541118213685,0.108277026,30.330803931884645
2021-03-27 07:00:00,747.7,36.80882772757994,872.8496044364724,291.64,56.03,0.141,0.1093,0.1738,0.026,0.1633,0.1095,30.78,60.120000000000005,25.2,0.375391,0.044,0.032,0.003,0.079,0.044,0.013,0.232,0.138,0.023,0.261,0.108,0.04,0.236,0.096,0.049,0.161,0.049,0.045,0.0414025276692811,0.045921022,0.06351417114396223,0.06941501,0.20728992868216078,0.226422086,0.21212763296959095,0.22632699200000003,0.1745093096498747,0.186658186,0.10277897404682623,0.108277026,52.61228514728214
2021-03-27 08:00:00,570.8,48.66914266965699,696.8226911597494,292.34,54.41,0.118,0.0875,0.125,0.0275,0.1255,0.0758,30.78,65.94,25.2,0.375391,0.044,0.032,0.003,0.079,0.044,0.013,0.232,0.138,0.023,0.261,0.108,0.04,0.236,0.096,0.049,0.161,0.049,0.045,0.04401349512420881,0.045921022,0.06677755468573879,0.06941501,0.21817931618288447,0.226422086,0.2198399225892534,0.22632699200000003,0.18086977614423963,0.186658186,0.10528962766495714,0.108277026,66.23962332273442
2021-03-27 09:00:00,383.7,61.536895949646755,468.1809538236672,293.03,52.79,0.0893,0.064,0.0775,0.026,0.0888,0.0463,30.78,73.02,25.2,0.375391,0.044,0.032,0.003,0.079,0.044,0.013,0.232,0.138,0.023,0.261,0.108,0.04,0.236,0.096,0.049,0.161,0.049,0.045,0.04905688773005093,0.045921022,0.07330705579108107,0.06941501,0.2394695710198167,0.226422086,0.23549751163512456,0.22632699200000003,0.19417386392147018,0.186658186,0.11116768632538532,0.108277026,75.65812036962089
2021-03-28 04:00:00,909.1,27.66126331752431,979.218519146662,291.59999999999997,70.56,0.1518,0.1408,0.2335,0.0275,0.2085,0.146,30.78,54.96,25.2,0.375391,0.045,0.03,0.003,0.08,0.043,0.014,0.238,0.128,0.027,0.267,0.092,0.045,0.247,0.071,0.057,0.164,0.037,0.047,0.041357861101637944,0.046542654,0.06198564164768406,0.068848204,0.20373090617541906,0.22501975799999996,0.20861183160430558,0.222411938,0.1725639241288541,0.18190761000000003,0.10239684970645965,0.106251574,37.49158120103178
2021-03-28 05:00:00,958.3,23.302598208552013,1020.4628935113011,293.35999999999996,63.77,0.1983,0.215,0.2968,0.0305,0.2828,0.1865,30.78,54.06,25.2,0.375391,0.045,0.03,0.003,0.08,0.043,0.014,0.238,0.128,0.027,0.267,0.092,0.045,0.247,0.071,0.057,0.164,0.037,0.047,0.0411124839771807,0.046542654,0.06172473127415366,0.068848204,0.20281688286044838,0.22501975799999996,0.20819444761238876,0.222411938,0.17245028715689265,0.18190761000000003,0.1024995275169176,0.106251574,3.6567284589862936
2021-03-28 06:00:00,937.4,27.107883912341443,984.8165815056163,295.13,56.97,0.1503,0.1368,0.222,0.0333,0.2165,0.148,30.78,55.76,25.2,0.375391,0.045,0.03,0.003,0.08,0.043,0.014,0.238,0.128,0.027,0.267,0.092,0.045,0.247,0.071,0.057,0.164,0.037,0.047,0.04132021880122035,0.046542654,0.061943895409022676,0.068848204,0.20358817012994398,0.22501975799999996,0.2085414505323051,0.222411938,0.17253763791728138,0.18190761000000003,0.1024049184813961,0.106251574,30.891389620346985
2021-03-28 07:00:00,763.3,36.60057600393661,874.8626737612494,296.89,50.17,0.1545,0.136,0.197,0.0328,0.1813,0.1293,30.78,59.78,25.2,0.375391,0.045,0.03,0.003,0.08,0.043,0.014,0.238,0.128,0.027,0.267,0.092,0.045,0.247,0.071,0.057,0.164,0.037,0.047,0.0422835451209972,0.046542654,0.06309027993346512,0.068848204,0.20735524475259579,0.22501975799999996,0.21063060809366446,0.222411938,0.1736117657013896,0.18190761000000003,0.1025467536656784,0.106251574,53.17966232078837
2021-03-29 05:00:00,954.2,22.911460439127552,1023.0284553072096,294.72999999999996,52.3,0.1303,0.122,0.2375,0.0288,0.2218,0.1598,30.78,53.68,25.2,0.375391,0.045,0.029,0.003,0.08,0.043,0.013,0.238,0.127,0.026,0.267,0.09,0.045,0.247,0.071,0.056,0.163,0.037,0.047,0.041095058794697034,0.04635347,0.06301717899483614,0.07022582599999999,0.20406481493002981,0.22620819600000003,0.2081695979101297,0.22203357000000004,0.17375837601447047,0.18328523200000002,0.10151257079718307,0.105251574,3.4833202405411328
2021-03-29 06:00:00,893.3,26.80683514511356,987.0278871879038,296.02,47.14,0.123,0.1068,0.2093,0.0258,0.1915,0.1313,30.78,55.38,25.2,0.375391,0.045,0.029,0.003,0.08,0.043,0.013,0.238,0.127,0.026,0.267,0.09,0.045,0.247,0.071,0.056,0.163,0.037,0.047,0.04129218921531695,0.04635347,0.06323933396774092,0.07022582599999999,0.20482261460375523,0.22620819600000003,0.20848865285038062,0.22203357000000004,0.17384193243442247,0.18328523200000002,0.10140997877428848,0.105251574,31.462187177455803
2021-03-29 07:00:00,791.9,36.39556795016773,876.8168461880323,300.16999999999996,33.46,0.117,0.0933,0.171,0.0278,0.159,0.1033,30.78,59.44,25.2,0.375391,0.045,0.029,0.003,0.08,0.043,0.013,0.238,0.127,0.026,0.267,0.09,0.045,0.247,0.071,0.056,0.163,0.037,0.047,0.042212164957032144,0.04635347,0.06439594020844393,0.07022582599999999,0.2085393936284182,0.22620819600000003,0.21047779001455594,0.22203357000000004,0.17491373658436143,0.18328523200000002,0.10153622220621893,0.105251574,53.75108896158551
2021-03-29 08:00:00,617.9,48.3702752697256,700.4914879235566,300.67999999999995,30.8,0.1013,0.0788,0.1283,0.0278,0.1243,0.0803,30.78,65.32000000000001,25.2,0.375391,0.045,0.029,0.003,0.08,0.043,0.013,0.238,0.127,0.026,0.267,0.09,0.045,0.247,0.071,0.056,0.163,0.037,0.047,0.04454539642293444,0.04635347,0.06753936525167681,0.07022582599999999,0.21828177230765927,0.22620819600000003,0.21639925311266392,0.22203357000000004,0.17882713984700935,0.18328523200000002,0.10291683388621095,0.105251574,67.2226373069771
2021-03-30 04:00:00,799.0,26.91802013238423,985.1337808019695,295.52,45.03,0.1403,0.1225,0.2065,0.0303,0.1848,0.1308,30.78,54.16,25.2,0.375391,0.046,0.029,0.004,0.079,0.043,0.013,0.237,0.126,0.026,0.267,0.088,0.045,0.246,0.07,0.056,0.163,0.037,0.046,0.04098183148942077,0.045975848,0.0622474666360647,0.06922582599999999,0.20384106845617062,0.22501901200000002,0.2084839365660382,0.22165520200000002,0.1728381053059446,0.182096048,0.10272533507663337,0.10662919600000001,38.094605250945136
2021-03-30 05:00:00,867.7,22.52161178630911,1025.5251080872765,297.28999999999996,37.88,0.1455,0.1323,0.2253,0.0298,0.212,0.1555,30.78,53.28,25.2,0.375391,0.046,0.029,0.004,0.079,0.043,0.013,0.237,0.126,0.026,0.267,0.088,0.045,0.246,0.07,0.056,0.163,0.037,0.046,0.040771767415672476,0.045975848,0.06200112738655071,0.06922582599999999,0.20300780928188958,0.22501901200000002,0.20814929938334586,0.22165520200000002,0.17275808594559405,0.182096048,0.1028341524838412,0.10662919600000001,3.304951234323511
2021-03-30 06:00:00,805.3,26.508913316117294,989.1739677327064,299.06,30.73,0.1415,0.125,0.2008,0.0288,0.185,0.1305,30.78,55.02,25.2,0.375391,0.046,0.029,0.004,0.079,0.043,0.013,0.237,0.126,0.026,0.267,0.088,0.045,0.246,0.07,0.056,0.163,0.037,0.046,0.04095765192486557,0.045975848,0.06221806468747294,0.06922582599999999,0.20374387889169918,0.22501901200000002,0.20844055109557588,0.22165520200000002,0.1728220310073903,0.182096048,0.10273180384302025,0.10662919600000001,32.04310891878856
2021-03-30 07:00:00,703.3,36.19380447145777,878.7129381374485,300.82,23.58,0.1365,0.1095,0.1715,0.0293,0.157,0.1038,30.78,59.1,25.2,0.375391,0.046,0.029,0.004,0.079,0.043,0.013,0.237,0.126,0.026,0.267,0.088,0.045,0.246,0.07,0.056,0.163,0.037,0.046,0.041844500302277106,0.045975848,0.06336082969318382,0.06922582599999999,0.20738706136819537,0.22501901200000002,0.21033107784635607,0.22165520200000002,0.17383362758452656,0.182096048,0.10286696128588871,0.10662919600000001,54.3263159532147
2021-03-31 03:00:00,730.2,36.483772076998314,874.2248422655363,293.89,52.79,0.1248,0.098,0.1773,0.027,0.156,0.0993,30.78,57.120000000000005,25.2,0.375391,0.045,0.028,0.004,0.079,0.043,0.013,0.238,0.125,0.026,0.267,0.086,0.045,0.246,0.07,0.056,0.163,0.038,0.046,0.040839455497952606,0.044786664,0.06341145293886297,0.06922582599999999,0.20850216253918086,0.225829828,0.21033362369880826,0.221276834,0.1738877450485546,0.182096048,0.10292530510201381,0.10681838000000002,60.15231866913555
2021-03-31 04:00:00,843.9,26.549138591389898,987.9874219830978,296.19,43.39,0.1353,0.1195,0.2085,0.029,0.1873,0.1253,30.78,53.78,25.2,0.375391,0.045,0.028,0.004,0.079,0.043,0.013,0.238,0.125,0.026,0.267,0.086,0.045,0.246,0.07,0.056,0.163,0.038,0.046,0.03995219787419153,0.044786664,0.0622208923131422,0.06922582599999999,0.20474545713339337,0.225829828,0.20842912341470718,0.221276834,0.17282352543639712,0.182096048,0.10273891678348598,0.10681838000000002,38.4068006731471
2021-03-31 05:00:00,904.2,22.133145598052124,1027.9527517069844,297.25,40.23,0.1408,0.1285,0.2313,0.0303,0.2138,0.1478,30.78,52.9,25.2,0.375391,0.045,0.028,0.004,0.079,0.043,0.013,0.238,0.125,0.026,0.267,0.086,0.045,0.246,0.07,0.056,0.163,0.038,0.046,0.039758527528387634,0.044786664,0.061986148021546034,0.06922582599999999,0.2039552875302345,0.225829828,0.20813330519293477,0.221276834,0.1727598146574303,0.182096048,0.10284692343931796,0.10681838000000002,3.1216636940413025
2021-03-31 06:00:00,840.5,26.214193534787967,991.2552537352467,298.29999999999995,37.06,0.1368,0.1188,0.2098,0.027,0.1905,0.1285,30.78,54.66,25.2,0.375391,0.045,0.028,0.004,0.079,0.043,0.013,0.238,0.125,0.026,0.267,0.086,0.045,0.246,0.07,0.056,0.163,0.038,0.046,0.039933834103862545,0.044786664,0.062197763528842626,0.06922582599999999,0.20466949987101263,0.225829828,0.20839692150814657,0.221276834,0.17281164550814165,0.182096048,0.10274400811788123,0.10681838000000002,32.634056378314455
2021-03-31 07:00:00,795.3,35.995282595928785,880.5518100977015,301.77,22.79,0.135,0.108,0.1783,0.0275,0.1598,0.1055,30.78,58.76,25.2,0.375391,0.045,0.028,0.004,0.079,0.043,0.013,0.238,0.125,0.026,0.267,0.086,0.045,0.246,0.07,0.056,0.163,0.038,0.046,0.04077822786366563,0.044786664,0.06332678876207451,0.06922582599999999,0.20823994460745554,0.225829828,0.21019024136169498,0.221276834,0.17379749263427524,0.182096048,0.10289761397935857,0.10681838000000002,54.90508965112821
2021-03-31 08:00:00,587.0,48.081148856382065,703.9685882936086,301.29999999999995,25.82,0.1265,0.0973,0.1493,0.03,0.1323,0.0858,30.78,64.68,25.2,0.375391,0.045,0.028,0.004,0.079,0.043,0.013,0.238,0.125,0.026,0.267,0.086,0.045,0.246,0.07,0.056,0.163,0.038,0.046,0.042968596549792355,0.044786664,0.06643597511449648,0.06922582599999999,0.21771604571276,0.225829828,0.215703176165096,0.221276834,0.1775655120618881,0.182096048,0.10436390859466742,0.10681838000000002,68.20877939195614
2021-04-02 03:00:00,724.7,35.8728267007568,880.6752485302153,289.5,71.08,0.131,0.1065,0.1893,0.028,0.1645,0.1025,30.78,56.34,25.2,0.375391,0.042,0.032,0.001,0.076,0.047,0.011,0.237,0.126,0.025,0.264,0.088,0.043,0.247,0.068,0.056,0.16,0.043,0.044,0.04194306540252005,0.046676266,0.06314607261000738,0.069737806,0.2085555401281203,0.22639663399999999,0.20991506115683894,0.22141044600000004,0.1746953900370653,0.18271768,0.1027711468709527,0.10751954400000001,60.98857748294634
2021-04-02 04:00:00,920.6,25.817616782952456,993.4835799466537,291.19,63.68,0.1413,0.1218,0.2283,0.0298,0.1945,0.1313,30.78,52.98,25.2,0.375391,0.042,0.032,0.001,0.076,0.047,0.011,0.237,0.126,0.025,0.264,0.088,0.043,0.247,0.068,0.056,0.16,0.043,0.044,0.040882087599469485,0.046676266,0.06182590387025649,0.069737806,0.20490419571160962,0.22639663399999999,0.2080030358775377,0.22141044600000004,0.17378690240957934,0.18271768,0.10241124282539767,0.10751954400000001,39.054302555987846
2021-04-02 05:00:00,962.2,21.360738810572627,1032.600860840873,291.94,60.46,0.1403,0.132,0.2485,0.028,0.2225,0.1548,30.78,52.14,25.2,0.375391,0.042,0.032,0.001,0.076,0.047,0.011,0.237,0.126,0.025,0.264,0.088,0.043,0.247,0.068,0.056,0.16,0.043,0.044,0.04064608007220639,0.046676266,0.06156497948441841,0.069737806,0.20416432481224112,0.22639663399999999,0.20771597134392653,0.22141044600000004,0.1737698681150836,0.18271768,0.10247770256085884,0.10751954400000001,2.740497405840955
2021-04-02 06:00:00,940.0,25.634658345844755,995.2253192925143,292.67999999999995,57.25,0.1338,0.1183,0.2305,0.03,0.198,0.135,30.78,53.94,25.2,0.375391,0.042,0.032,0.001,0.076,0.047,0.011,0.237,0.126,0.025,0.264,0.088,0.043,0.247,0.068,0.056,0.16,0.043,0.044,0.04086998785946565,0.046676266,0.06181190777806879,0.069737806,0.20486489600251018,0.22639663399999999,0.20798570492503368,0.22141044600000004,0.1737825307611715,0.18271768,0.10241188026628259,0.10751954400000001,33.8455813587324
2021-04-24 03:00:00,806.1,30.169213642094448,931.3792093664345,294.82,80.08,0.2888,0.2925,0.355,0.0298,0.2443,0.2155,30.78,48.38,25.2,0.375391,0.041,0.017,0.005,0.084,0.0,0.029,0.302,0.055,0.065,0.29,0.059,0.046,0.244,0.067,0.056,0.152,0.077,0.04,0.03467547421502238,0.037328018000000004,0.045577537315296276,0.044048962000000004,0.2168513942082284,0.22285969,0.2300953287108571,0.237791244,0.17098739741039812,0.17952849599999998,0.10036248971634354,0.11146228799999999,71.44274213994564
2021-04-24 04:00:00,944.0,18.66498549959715,1034.1268607902007,296.09,76.02,0.2173,0.2048,0.2873,0.0305,0.2435,0.1805,30.78,44.94,25.2,0.375391,0.041,0.017,0.005,0.084,0.0,0.029,0.302,0.055,0.065,0.29,0.059,0.046,0.244,0.067,0.056,0.152,0.077,0.04,0.034418386254352444,0.037328018000000004,0.04626774326793654,0.044048962000000004,0.2171816490630415,0.22285969,0.22988488813931465,0.237791244,0.17083797583879035,0.17952849599999998,0.09961103604464559,0.11146228799999999,48.8960392508728
2021-04-24 05:00:00,957.7,13.481540557440454,1065.2079517974212,296.96999999999997,69.83,0.236,0.2068,0.2995,0.0318,0.2528,0.1958,30.78,44.28,25.2,0.375391,0.041,0.017,0.005,0.084,0.0,0.029,0.302,0.055,0.065,0.29,0.059,0.046,0.244,0.067,0.056,0.152,0.077,0.04,0.034404688603628164,0.037328018000000004,0.04648641534177929,0.044048962000000004,0.21750548287315158,0.22285969,0.2300533599842886,0.237791244,0.17105766373778364,0.17952849599999998,0.09967984214549,0.11146228799999999,2.7274159193905234
2021-04-29 01:00:00,482.9,55.73351216918151,557.0487802043056,285.65,90.16,0.068,0.049,0.0898,0.028,0.09,0.0438,30.78,59.54,25.2,0.375391,0.05,0.008,0.016,0.083,0.006,0.027,0.302,0.076,0.065,0.299,0.087,0.065,0.239,0.066,0.054,0.149,0.094,0.037,0.02920664333334531,0.029471520000000005,0.04634847714178766,0.046939310000000005,0.22659084274446412,0.22683255400000002,0.22588285185320517,0.225913578,0.17694863536284972,0.17709455599999996,0.11664687977290206,0.115811282,92.33590999410083
2021-04-29 02:00:00,710.2,42.32269479714457,773.0157776679779,287.96999999999997,78.55,0.083,0.0618,0.1445,0.0268,0.1215,0.0688,30.78,52.46,25.2,0.375391,0.05,0.008,0.016,0.083,0.006,0.027,0.302,0.076,0.065,0.299,0.087,0.065,0.239,0.066,0.054,0.149,0.094,0.037,0.028880640264274636,0.029471520000000005,0.046778596973400276,0.046939310000000005,0.2195810052144821,0.22683255400000002,0.21743531430757473,0.225913578,0.17075107494925534,0.17709455599999996,0.106025147568271,0.115811282,84.89765302670693
2021-04-29 03:00:00,881.8,29.20906743549267,937.618437178033,290.28999999999996,66.94,0.097,0.0813,0.1883,0.0283,0.155,0.0955,30.78,46.82,25.2,0.375391,0.05,0.008,0.016,0.083,0.006,0.027,0.302,0.076,0.065,0.299,0.087,0.065,0.239,0.066,0.054,0.149,0.094,0.037,0.028956413682483976,0.029471520000000005,0.04737847538227484,0.046939310000000005,0.21715117228520897,0.22683255400000002,0.2143131989220204,0.225913578,0.16855235425435114,0.17709455599999996,0.1014487985570407,0.115811282,74.05200277852484
2021-04-30 02:00:00,674.4,42.17100273107352,774.5047568047039,289.84999999999997,72.2,0.1135,0.0978,0.1655,0.0345,0.1273,0.0808,30.78,52.18,25.2,0.375391,0.05,0.009,0.016,0.083,0.006,0.027,0.302,0.074,0.066,0.299,0.088,0.065,0.238,0.066,0.054,0.149,0.092,0.038,0.028956343614275973,0.029660704,0.04678494439864476,0.046939310000000005,0.21802003588346736,0.22507656399999998,0.21745094678821392,0.226102762,0.16970701144480854,0.17609455599999996,0.10443213621318381,0.114055292,85.29960001519348
2021-04-30 03:00:00,846.2,29.034510795655493,938.6547629878492,292.65999999999997,64.24,0.108,0.089,0.187,0.0298,0.154,0.0953,30.78,46.5,25.2,0.375391,0.05,0.009,0.016,0.083,0.006,0.027,0.302,0.074,0.066,0.299,0.088,0.065,0.238,0.066,0.054,0.149,0.092,0.038,0.02897324607309338,0.029660704,0.04738667643132513,0.046939310000000005,0.21578912322866506,0.22507656399999998,0.21431042175634601,0.226102762,0.167541409583094,0.17609455599999996,0.10006597805102899,0.114055292,74.5777342477468
2021-04-30 04:00:00,952.8,17.130056088185526,1039.1522704118718,295.46,56.28,0.1225,0.1035,0.2183,0.0313,0.189,0.1188,30.78,43.04,25.2,0.375391,0.05,0.009,0.016,0.083,0.006,0.027,0.302,0.074,0.066,0.299,0.088,0.065,0.238,0.066,0.054,0.149,0.092,0.038,0.02917019403945337,0.029660704,0.04790206357347928,0.046939310000000005,0.21586689348878585,0.22507656399999998,0.21408576218626493,0.226102762,0.16749637192271988,0.17609455599999996,0.09912670690459334,0.114055292,52.64500601495783
2021-04-30 05:00:00,1017.0,11.607924684791229,1068.7325980551968,296.46,52.62,0.1165,0.1038,0.2348,0.0285,0.1998,0.132,30.78,42.38,25.2,0.375391,0.05,0.009,0.016,0.083,0.006,0.027,0.302,0.074,0.066,0.299,0.088,0.065,0.238,0.066,0.054,0.149,0.092,0.038,0.02926643113524126,0.029660704,0.04808495843963293,0.046939310000000005,0.21618161360049715,0.22507656399999998,0.21436198257667516,0.226102762,0.16774170261626525,0.17609455599999996,0.09919772519944955,0.114055292,4.610118290439658
2021-04-30 06:00:00,935.0,19.18937577298064,1025.298043233729,297.46,48.97,0.114,0.0958,0.2078,0.0283,0.1835,0.121,30.78,44.72,25.2,0.375391,0.05,0.009,0.016,0.083,0.006,0.027,0.302,0.074,0.066,0.299,0.088,0.065,0.238,0.066,0.054,0.149,0.092,0.038,0.0291322873745554,0.029660704,0.047822312511349815,0.046939310000000005,0.2157738774989208,0.22507656399999998,0.21402013285051788,0.226102762,0.16742963850770323,0.17609455599999996,0.09915800802157615,0.114055292,54.01875147557385
2021-04-30 07:00:00,855.0,31.491755343797024,911.9739989506613,300.96999999999997,37.67,0.1095,0.0913,0.1683,0.033,0.1533,0.0945,30.78,49.56,25.2,0.375391,0.05,0.009,0.016,0.083,0.006,0.027,0.302,0.074,0.066,0.299,0.088,0.065,0.238,0.066,0.054,0.149,0.092,0.038,0.02894720740996914,0.029660704,0.04727079115693319,0.046939310000000005,0.21597047270870734,0.22507656399999998,0.21460743397307958,0.226102762,0.16773249962097336,0.17609455599999996,0.10055718305820324,0.114055292,72.52504828259302
2021-05-01 03:00:00,871.3,28.865913176396027,939.6221810494421,294.42999999999995,58.12,0.1015,0.0823,0.1895,0.0293,0.16,0.0935,30.78,46.22,25.2,0.375391,0.044,0.029,0.01,0.083,0.02,0.026,0.301,0.127,0.061,0.296,0.207,0.054,0.238,0.065,0.054,0.149,0.11,0.037,0.031180768244648563,0.035710116,0.04890873885259585,0.05096550800000001,0.2221170039220282,0.240991426,0.22746870145626316,0.2607695,0.16751746104370654,0.175905372,0.10160594355529758,0.118838226,75.10398646506721
2021-05-01 04:00:00,962.6,16.896671673033453,1039.7790116942415,296.87,49.73,0.1198,0.1013,0.2263,0.0308,0.187,0.1193,30.78,42.72,25.2,0.375391,0.044,0.029,0.01,0.083,0.02,0.026,0.301,0.127,0.061,0.296,0.207,0.054,0.238,0.065,0.054,0.149,0.11,0.037,0.030847094258503786,0.035710116,0.04912702654223576,0.05096550800000001,0.2210596326548385,0.240991426,0.2246790218823041,0.2607695,0.16751098160717554,0.175905372,0.10031842980394887,0.118838226,53.31767505947485
2021-05-01 05:00:00,1008.3,11.309763168395591,1069.148060033428,298.35999999999996,46.31,0.1168,0.105,0.2348,0.0313,0.2008,0.1305,30.78,42.08,25.2,0.375391,0.044,0.029,0.01,0.083,0.02,0.026,0.301,0.127,0.061,0.296,0.207,0.054,0.238,0.065,0.054,0.149,0.11,0.037,0.030858073479115934,0.035710116,0.04927276246391275,0.05096550800000001,0.2212321614675304,0.240991426,0.22463169643564032,0.2607695,0.1677640347278065,0.175905372,0.10035334149675117,0.118838226,4.9361484779507805
2021-05-01 07:00:00,814.6,31.384270384279183,912.4054790878357,301.33,39.46,0.1253,0.1073,0.1813,0.0373,0.1505,0.0973,30.78,49.3,25.2,0.375391,0.044,0.029,0.01,0.083,0.02,0.026,0.301,0.127,0.061,0.296,0.207,0.054,0.238,0.065,0.054,0.149,0.11,0.037,0.031349356425872624,0.035710116,0.04890731058832126,0.05096550800000001,0.22274929253111758,0.240991426,0.2287791458620761,0.2607695,0.16770072909509853,0.175905372,0.10225115205228394,0.118838226,73.07179758155513
2021-05-02 02:00:00,663.4,41.88287451576466,777.2509667959996,293.96999999999997,68.63,0.1093,0.083,0.1528,0.0263,0.1403,0.0798,30.78,51.620000000000005,25.2,0.375391,0.044,0.029,0.009,0.082,0.021,0.026,0.301,0.127,0.061,0.295,0.209,0.053,0.238,0.065,0.054,0.149,0.111,0.036,0.03394764504650509,0.037087738,0.048274106323521,0.050154692000000015,0.22767571893364766,0.240991426,0.2386557197710748,0.26152548999999997,0.1695500689366919,0.175905372,0.10841737828958282,0.120405032,86.09756297084024
2021-05-02 04:00:00,950.3,16.670056809818618,1040.3483796579746,297.0,58.09,0.13,0.1073,0.215,0.029,0.2008,0.1215,30.78,42.42,25.2,0.375391,0.044,0.029,0.009,0.082,0.021,0.026,0.301,0.127,0.061,0.295,0.209,0.053,0.238,0.065,0.054,0.149,0.111,0.036,0.03214416734818678,0.037087738,0.04812695750906469,0.050154692000000015,0.2210616594891327,0.240991426,0.22495269686441915,0.26152548999999997,0.16751982718935277,0.175905372,0.10160670714963849,0.120405032,54.00353719388582
2021-05-02 05:00:00,987.9,11.015800673903556,1069.5178612021982,298.0,54.91,0.141,0.115,0.2388,0.0273,0.2168,0.1415,30.78,41.8,25.2,0.375391,0.044,0.029,0.009,0.082,0.021,0.026,0.301,0.127,0.061,0.295,0.209,0.053,0.238,0.065,0.054,0.149,0.111,0.036,0.03215081709680801,0.037087738,0.048272003576832125,0.050154692000000015,0.22124615148981575,0.240991426,0.2249152414953578,0.26152548999999997,0.1677782120614116,0.175905372,0.10164332845514779,0.120405032,5.264920038872191
2021-05-03 08:00:00,686.3,44.44989523875208,738.9540210514516,298.96999999999997,50.16,0.1085,0.0768,0.1338,0.0283,0.1265,0.0703,30.78,55.4,25.2,0.375391,0.05,0.017,0.015,0.084,0.0,0.029,0.304,0.096,0.066,0.299,0.151,0.061,0.235,0.065,0.054,0.158,0.01,0.051,0.031104398505674827,0.03255179800000001,0.04440134395690923,0.044048962000000004,0.222837764830632,0.231238612,0.22979779042041687,0.243531842,0.16733045553276515,0.172905372,0.08929419712728116,0.08963311800000001,83.52649466146059
2021-05-03 09:00:00,459.0,57.87760455648196,516.8067288542188,298.98999999999995,49.17,0.0903,0.0608,0.0843,0.0268,0.1005,0.0483,30.78,63.02,25.2,0.375391,0.05,0.017,0.015,0.084,0.0,0.029,0.304,0.096,0.066,0.299,0.151,0.061,0.235,0.065,0.054,0.158,0.01,0.051,0.03285739176345,0.03255179800000001,0.043066781432798504,0.044048962000000004,0.23359785430794092,0.231238612,0.24869271994456588,0.243531842,0.17418737714489602,0.172905372,0.08838443387163697,0.08963311800000001,90.36906566942534
2021-05-09 06:00:00,977.3,17.81516392345911,1027.3290341696916,299.53,55.89,0.1303,0.1043,0.2153,0.0283,0.1893,0.1198,30.78,42.3,25.2,0.375391,0.048,0.015,0.011,0.083,0.0,0.029,0.304,0.1,0.066,0.295,0.123,0.06,0.227,0.062,0.052,0.156,0.001,0.051,0.03362510616367376,0.03568391800000001,0.045307818198863245,0.043048962,0.21769873074202056,0.231995348,0.2163777288315845,0.235612312,0.15909220015120462,0.167093064,0.08970855862227455,0.08593046200000001,60.912245864882635
2021-05-10 02:00:00,668.8,40.93603269865738,785.2331917013638,293.09999999999997,82.85,0.0943,0.0738,0.151,0.0275,0.1255,0.0655,30.78,49.56,25.2,0.375391,0.043,0.013,0.01,0.078,0.0,0.027,0.307,0.101,0.066,0.289,0.121,0.059,0.225,0.062,0.051,0.149,0.001,0.049,0.030343345866001955,0.031683171999999996,0.04142723092963588,0.040804206,0.22450531360479395,0.235184532,0.21735455168774845,0.23061156600000002,0.16015707096769694,0.166470686,0.08269556732553773,0.08168570600000001,89.17569649397964
2021-06-05 05:00:00,924.6,3.9356635827636097,1071.4604291493497,297.81,36.9,0.1633,0.1705,0.2805,0.0353,0.2248,0.182,30.78,34.660000000000004,25.2,0.375391,0.043,0.014,0.01,0.073,0.0,0.025,0.333,0.11,0.072,0.333,0.139,0.068,0.235,0.065,0.054,0.141,0.001,0.046,0.030033868805080605,0.031872356,0.040857995799073225,0.038559449999999995,0.23957201028701983,0.254621456,0.2444882626790315,0.26561828000000004,0.1650656696084507,0.172905372,0.08185090301925554,0.077818572,13.008883145213844
2021-06-06 03:00:00,896.1,26.511956705821845,946.0424418034992,295.42999999999995,55.23,0.102,0.0828,0.212,0.0283,0.1538,0.0863,30.78,39.26,25.2,0.375391,0.043,0.014,0.01,0.074,0.0,0.025,0.333,0.11,0.072,0.334,0.139,0.068,0.235,0.065,0.054,0.141,0.001,0.046,0.029944076724257612,0.031872356,0.041090665841756496,0.039559449999999996,0.2390681992407624,0.254621456,0.24555701422315962,0.26661828000000004,0.16441638644612802,0.172905372,0.08045452589080015,0.077818572,90.60730566158705
2021-06-06 04:00:00,991.0,13.182441087007504,1041.9852797067222,297.82,44.87,0.1135,0.092,0.238,0.028,0.1788,0.1025,30.78,35.34,25.2,0.375391,0.043,0.014,0.01,0.074,0.0,0.025,0.333,0.11,0.072,0.334,0.139,0.068,0.235,0.065,0.054,0.141,0.001,0.046,0.02996176914780214,0.031872356,0.041669916906865063,0.039559449999999996,0.23905495086006945,0.254621456,0.24500778338115875,0.26661828000000004,0.16467396016373193,0.172905372,0.08150506156470713,0.077818572,79.03505872242172
2021-07-26 04:00:00,945.7,16.193233996533806,1017.3779443883881,299.06,64.65,0.126,0.0958,0.2643,0.029,0.1778,0.09,30.78,38.9,25.2,0.375391,0.032,0.01,0.007,0.061,0.0,0.021,0.37,0.122,0.08,0.331,0.138,0.067,0.206,0.056,0.047,0.118,0.001,0.039,0.022856252664061404,0.024248486,0.03375776848971976,0.032069938,0.2654514277470497,0.282870688,0.2432148607023471,0.264806718,0.14467647178635404,0.15184607,0.06740098398813313,0.064461926,70.1282012189487
2021-07-27 01:00:00,446.0,56.10074771561304,531.8229321643593,293.76,89.92,0.0713,0.0488,0.1235,0.027,0.0895,0.034,30.78,56.74,25.2,0.375391,0.033,0.01,0.008,0.061,0.0,0.021,0.382,0.126,0.083,0.353,0.148,0.072,0.206,0.056,0.047,0.123,0.001,0.04,0.023890444890045798,0.023870864,0.031493290078076344,0.032069938,0.2922300549769695,0.291494558,0.28337436248588055,0.281810448,0.15189531224957875,0.15184607,0.0670098526347471,0.068084304,98.60114484593711
2021-07-29 02:00:00,661.6,42.83095074951773,743.0748536504766,295.45,84.56,0.0925,0.0623,0.183,0.026,0.113,0.0485,30.78,49.74,25.2,0.375391,0.034,0.006,0.008,0.058,0.025,0.014,0.377,0.045,0.086,0.384,0.073,0.114,0.217,0.06,0.05,0.122,0.04,0.037,0.023604532656402416,0.024114128,0.04098603941317744,0.043442892,0.2636643749075517,0.267037788,0.23484898064298163,0.240761524,0.15385642658187004,0.15946994,0.07491626105239887,0.078595346,91.89789599324328
2021-07-29 03:00:00,841.5,29.44200531745998,909.5087766400952,297.21999999999997,76.76,0.118,0.0908,0.2365,0.027,0.1615,0.075,30.78,43.62,25.2,0.375391,0.034,0.006,0.008,0.058,0.025,0.014,0.377,0.045,0.086,0.384,0.073,0.114,0.217,0.06,0.05,0.122,0.04,0.037,0.023507322639885267,0.024114128,0.039861361835644545,0.043442892,0.26390308591607814,0.267037788,0.23428663450125703,0.240761524,0.1517676501100774,0.15946994,0.07366022606423524,0.078595346,83.73122117365509
2021-07-30 02:00:00,636.5,42.90083034366182,742.2931043004604,296.92999999999995,80.12,0.0965,0.067,0.1825,0.027,0.1203,0.0535,30.78,49.94,25.2,0.375391,0.034,0.006,0.008,0.058,0.025,0.014,0.377,0.046,0.087,0.384,0.074,0.114,0.217,0.06,0.05,0.122,0.04,0.037,0.023605792404794455,0.024114128,0.04099549963048771,0.043442892,0.26238932093659656,0.26584935000000004,0.23494242634734716,0.240950708,0.15387555878839235,0.15946994,0.07492821716842905,0.078595346,91.56083105835077
2021-07-30 03:00:00,823.2,29.519368268371885,908.9628427539956,298.92999999999995,70.55,0.1108,0.0823,0.2323,0.0278,0.1483,0.072,30.78,43.84,25.2,0.375391,0.034,0.006,0.008,0.058,0.025,0.014,0.377,0.046,0.087,0.384,0.074,0.114,0.217,0.06,0.05,0.122,0.04,0.037,0.023507220217797227,0.024114128,0.03986453536637831,0.043442892,0.2625897905778043,0.26584935000000004,0.23429793294290832,0.240950708,0.15177221254521514,0.15946994,0.07366258487414709,0.078595346,83.2697281305669
2021-07-30 04:00:00,955.9,16.636372683396672,1015.8111771948675,300.91999999999996,60.97,0.1423,0.114,0.2668,0.0285,0.1833,0.1045,30.78,39.82,25.2,0.375391,0.034,0.006,0.008,0.058,0.025,0.014,0.377,0.046,0.087,0.384,0.074,0.114,0.217,0.06,0.05,0.122,0.04,0.037,0.023580573515669855,0.024114128,0.03967858139773214,0.043442892,0.263804797562412,0.26584935000000004,0.23559250748994617,0.240950708,0.1517429292501416,0.15946994,0.07373629577756247,0.078595346,67.23795545767214
2021-07-30 05:00:00,956.2,7.9529761688440175,1055.0294450362912,301.9,54.99,0.1318,0.105,0.2858,0.03,0.1978,0.1028,30.78,38.68,25.2,0.375391,0.034,0.006,0.008,0.058,0.025,0.014,0.377,0.046,0.087,0.384,0.074,0.114,0.217,0.06,0.05,0.122,0.04,0.037,0.02364727357132447,0.024114128,0.03976500175538375,0.043442892,0.2645703928221436,0.26584935000000004,0.23656701807661443,0.240950708,0.15211278000182848,0.15946994,0.07401918125483653,0.078595346,8.255108785068927
2021-08-01 01:00:00,457.3,56.46539437466603,526.3456197828474,294.21999999999997,78.3,0.0678,0.045,0.125,0.0265,0.0903,0.034,30.78,57.72,25.2,0.375391,0.033,0.015,0.008,0.056,0.028,0.013,0.382,0.039,0.092,0.382,0.078,0.113,0.248,0.121,0.078,0.122,0.04,0.037,0.025017214611943762,0.024816784,0.04381782144790233,0.043388066,0.2611097836466191,0.26263695200000003,0.2400732636198514,0.241085066,0.1646661446697023,0.16343674800000002,0.07867912756917012,0.078595346,97.23034456629657
2021-08-01 02:00:00,674.5,43.041953675364034,740.7244732805453,296.65,69.37,0.084,0.058,0.1868,0.027,0.1168,0.0508,30.78,50.36,25.2,0.375391,0.033,0.015,0.008,0.056,0.028,0.013,0.382,0.039,0.092,0.382,0.078,0.113,0.248,0.121,0.078,0.122,0.04,0.037,0.023353253091854743,0.024816784,0.04062406064078271,0.043388066,0.2600132373341907,0.26263695200000003,0.2346594896968764,0.241085066,0.15185439274776347,0.16343674800000002,0.0749525636142452,0.078595346,90.86503931722538
2021-08-02 02:00:00,681.8,43.113259198412074,739.9365085481253,296.78,68.36,0.0865,0.0585,0.162,0.0308,0.1153,0.0508,30.78,50.58,25.2,0.375391,0.033,0.015,0.008,0.056,0.029,0.013,0.384,0.034,0.094,0.384,0.076,0.115,0.248,0.12,0.079,0.123,0.04,0.038,0.023359214328489076,0.024816784,0.04071890094144137,0.043577250000000005,0.2588739528353723,0.26093578800000006,0.233785504793888,0.23995145400000004,0.15045494492705963,0.16186994200000002,0.07460371631946759,0.07821772399999999,90.50657688758801
2021-08-02 03:00:00,771.5,29.759210916144973,907.2780377276638,299.08,61.52,0.1658,0.154,0.2673,0.0483,0.1518,0.1035,30.78,44.52,25.2,0.375391,0.033,0.015,0.008,0.056,0.029,0.013,0.384,0.034,0.094,0.384,0.076,0.115,0.248,0.12,0.079,0.123,0.04,0.038,0.02265431089225841,0.024816784,0.03926398735056513,0.043577250000000005,0.2601088776479749,0.26093578800000006,0.2329944268526816,0.23995145400000004,0.14537578671253346,0.16186994200000002,0.07334627301765155,0.07821772399999999,81.83180825207702
2021-08-02 04:00:00,930.0,17.002375858343044,1014.4735984402332,301.37,54.67,0.1425,0.1168,0.2885,0.0308,0.1918,0.112,30.78,40.54,25.2,0.375391,0.033,0.015,0.008,0.056,0.029,0.013,0.384,0.034,0.094,0.384,0.076,0.115,0.248,0.12,0.079,0.123,0.04,0.038,0.022525500438657305,0.024816784,0.03895217160639497,0.043577250000000005,0.2617478841571842,0.26093578800000006,0.23423713095095997,0.23995145400000004,0.14472708673566548,0.16186994200000002,0.07342698253242731,0.07821772399999999,64.97103371986279
2021-08-03 01:00:00,436.2,56.61215377714229,524.1606421912518,294.38,76.83,0.0735,0.0488,0.1218,0.0268,0.0875,0.0343,30.78,58.120000000000005,25.2,0.375391,0.033,0.015,0.008,0.057,0.029,0.013,0.385,0.03,0.096,0.385,0.076,0.116,0.249,0.118,0.079,0.123,0.041,0.038,0.02504213376817182,0.024816784,0.0450851891062495,0.044577250000000006,0.25653084631091705,0.258423808,0.23850475040275151,0.23957383200000001,0.16379364021351184,0.162491574,0.07855022568587527,0.078406908,96.63919268380491
2021-08-03 02:00:00,649.1,43.18510180043329,739.1453813812816,296.79999999999995,68.49,0.0863,0.0613,0.1833,0.027,0.1178,0.051,30.78,50.8,25.2,0.375391,0.033,0.015,0.008,0.057,0.029,0.013,0.385,0.03,0.096,0.385,0.076,0.116,0.249,0.118,0.079,0.123,0.041,0.038,0.02336524795715631,0.024816784,0.04173112055475839,0.044577250000000006,0.2568124038843821,0.258423808,0.23343785616802418,0.23957383200000001,0.15133223378028524,0.162491574,0.07469986252352458,0.078406908,90.1412499937413
2021-08-03 03:00:00,825.3,29.841961641925657,906.6978577216802,299.22999999999996,60.16,0.1053,0.0798,0.2325,0.0278,0.1465,0.0713,30.78,44.76,25.2,0.375391,0.033,0.015,0.008,0.057,0.029,0.013,0.385,0.03,0.096,0.385,0.076,0.116,0.249,0.118,0.079,0.123,0.041,0.038,0.022656512525614583,0.024816784,0.040268739212236566,0.044577250000000006,0.2583838900442548,0.258423808,0.2326665127732014,0.23957383200000001,0.14635713058760072,0.162491574,0.07336542534360671,0.078406908,81.33547619503244
2021-08-03 04:00:00,945.0,17.131307587115913,1013.9908761726405,301.65,51.82,0.129,0.0948,0.2653,0.0283,0.1773,0.0963,30.78,40.8,25.2,0.375391,0.033,0.015,0.008,0.057,0.029,0.013,0.385,0.03,0.096,0.385,0.076,0.116,0.249,0.118,0.079,0.123,0.041,0.038,0.02252525342738579,0.024816784,0.03995218219945691,0.044577250000000006,0.2601577855625212,0.258423808,0.23392248361306517,0.23957383200000001,0.14573353876924128,0.162491574,0.07341732724091733,0.078406908,64.20021256098411
2021-08-04 01:00:00,424.1,56.68574602333658,523.0688187590896,294.63,77.83,0.072,0.0505,0.1228,0.0263,0.088,0.0345,30.78,58.34,25.2,0.375391,0.033,0.011,0.007,0.056,0.024,0.011,0.386,0.05,0.103,0.385,0.091,0.119,0.249,0.117,0.079,0.123,0.044,0.039,0.025578632435312672,0.025437670000000003,0.04582043268703394,0.045386574,0.2521006967387953,0.253564134,0.23763898727272767,0.238278726,0.1636673514628451,0.16230239,0.07783552139638766,0.077596838,96.33483345922158
2021-08-04 02:00:00,639.6,43.25751261130584,738.3505350087732,296.77,70.25,0.0863,0.0628,0.181,0.0273,0.117,0.0515,30.78,51.02,25.2,0.375391,0.033,0.011,0.007,0.056,0.024,0.011,0.386,0.05,0.103,0.385,0.091,0.119,0.249,0.117,0.079,0.123,0.044,0.039,0.024395731951890008,0.025437670000000003,0.04304523705024446,0.045386574,0.24996119577002515,0.253564134,0.23063156325514225,0.238278726,0.15129231715295297,0.16230239,0.07360419487605752,0.077596838,89.76919623806177
2021-08-04 03:00:00,817.7,29.926221883557034,906.1069179653924,298.90999999999997,62.67,0.111,0.0823,0.2345,0.0278,0.155,0.0745,30.78,45.0,25.2,0.375391,0.033,0.011,0.007,0.056,0.024,0.011,0.386,0.05,0.103,0.385,0.091,0.119,0.249,0.117,0.079,0.123,0.044,0.039,0.023915541621534028,0.025437670000000003,0.0418378179151389,0.045386574,0.2504395652986093,0.253564134,0.22894289508451643,0.238278726,0.1463547649310059,0.16230239,0.07209465628088452,0.077596838,80.8310358331199
2021-08-04 04:00:00,934.6,17.263850482433057,1013.4878597279362,301.04999999999995,55.09,0.1278,0.107,0.2728,0.0275,0.184,0.1008,30.78,41.06,25.2,0.375391,0.033,0.011,0.007,0.056,0.024,0.011,0.386,0.05,0.103,0.385,0.091,0.119,0.249,0.117,0.079,0.123,0.044,0.039,0.023846303129120082,0.025437670000000003,0.04157798858818119,0.045386574,0.2519367989281475,0.253564134,0.2299251909204255,0.238278726,0.1457340250260653,0.16230239,0.07209771053600753,0.077596838,63.42296582707078
2021-08-04 05:00:00,1003.6,9.216497006302504,1052.6355363048312,302.03999999999996,50.5,0.1323,0.1085,0.2803,0.0263,0.2003,0.1083,30.78,39.96,25.2,0.375391,0.033,0.011,0.007,0.056,0.024,0.011,0.386,0.05,0.103,0.385,0.091,0.119,0.249,0.117,0.079,0.123,0.044,0.039,0.02388729592507466,0.025437670000000003,0.04162544560612982,0.045386574,0.25282252890199686,0.253564134,0.23086456369562255,0.238278726,0.14621470080987184,0.16230239,0.07236976254876679,0.077596838,6.97869486047793
2021-08-04 06:00:00,972.3,16.076935607377095,1020.7238276410928,303.03,45.92,0.1363,0.1143,0.276,0.0283,0.1935,0.1105,30.78,41.96,25.2,0.375391,0.033,0.011,0.007,0.056,0.024,0.011,0.386,0.05,0.103,0.385,0.091,0.119,0.249,0.117,0.079,0.123,0.044,0.039,0.023850400572604395,0.025437670000000003,0.041579303248517205,0.045386574,0.25208245653099337,0.253564134,0.2300681123229277,0.238278726,0.14578571885723868,0.16230239,0.07213373118609802,0.077596838,55.632596842571246
2021-08-05 01:00:00,418.2,56.75948712853788,521.9772205627102,294.71999999999997,79.55,0.073,0.0513,0.1243,0.0265,0.0898,0.0348,30.78,58.56,25.2,0.375391,0.033,0.011,0.007,0.056,0.025,0.011,0.386,0.047,0.103,0.385,0.091,0.119,0.249,0.117,0.079,0.123,0.044,0.039,0.025587587934702838,0.025437670000000003,0.04606289943543026,0.04557575800000001,0.25145712636171336,0.25299658199999997,0.23769685486100514,0.238278726,0.16376139865377856,0.16230239,0.07786842304170433,0.077596838,96.02475505611764
2021-08-05 02:00:00,646.3,43.33052293327166,737.5514052988628,296.84999999999997,71.02,0.0895,0.0638,0.1823,0.0263,0.1198,0.052,30.78,51.26,25.2,0.375391,0.033,0.011,0.007,0.056,0.025,0.011,0.386,0.047,0.103,0.385,0.091,0.119,0.249,0.117,0.079,0.123,0.044,0.039,0.02440001064303987,0.025437670000000003,0.04314041738150305,0.04557575800000001,0.2497097468268076,0.25299658199999997,0.23065297275908633,0.238278726,0.1513367861728941,0.16230239,0.07361879115871683,0.077596838,89.39055527154349
2021-08-05 03:00:00,825.5,30.012055515072156,905.5043270728394,298.97999999999996,62.5,0.109,0.0803,0.2323,0.0275,0.15,0.073,30.78,45.24,25.2,0.375391,0.033,0.011,0.007,0.056,0.025,0.011,0.386,0.047,0.103,0.385,0.091,0.119,0.249,0.117,0.079,0.123,0.044,0.039,0.023917013780984556,0.025437670000000003,0.041859079368715094,0.04557575800000001,0.2503798990522087,0.25299658199999997,0.22894229384975853,0.238278726,0.14636947246077064,0.16230239,0.0720982437564609,0.077596838,80.31873572650827
2021-08-05 04:00:00,936.0,17.400084848276762,1012.9634270243478,301.10999999999996,53.97,0.1218,0.093,0.2608,0.0283,0.18,0.0913,30.78,41.32,25.2,0.375391,0.033,0.011,0.007,0.056,0.025,0.011,0.386,0.047,0.103,0.385,0.091,0.119,0.249,0.117,0.079,0.123,0.044,0.039,0.023845904794015757,0.025437670000000003,0.041572519141304436,0.04557575800000001,0.2519364199347345,0.25299658199999997,0.22990894815612084,0.238278726,0.14572882483736332,0.16230239,0.07209378588451668,0.077596838,62.639988582811014
2021-08-06 02:00:00,607.9,43.40416404897087,736.7474234556257,297.72999999999996,73.43,0.1068,0.0753,0.1813,0.0273,0.122,0.0523,30.78,51.48,25.2,0.375391,0.033,0.011,0.007,0.056,0.025,0.011,0.386,0.047,0.103,0.385,0.091,0.119,0.249,0.116,0.079,0.123,0.044,0.039,0.02440434734173192,0.025437670000000003,0.043151408329093005,0.04557575800000001,0.24971138023506528,0.25299658199999997,0.2306747269523763,0.238278726,0.15129645402059838,0.16211320599999998,0.0736335951290763,0.077596838,89.00546872422288
2021-08-06 03:00:00,772.9,30.099525498245015,904.8891907166866,299.65,65.52,0.1245,0.0905,0.228,0.0303,0.1585,0.075,30.78,45.48,25.2,0.375391,0.033,0.011,0.007,0.056,0.025,0.011,0.386,0.047,0.103,0.385,0.091,0.119,0.249,0.116,0.079,0.123,0.044,0.039,0.02391853170162432,0.025437670000000003,0.04186357801124184,0.04557575800000001,0.25037076890563725,0.25299658199999997,0.228941799175035,0.238278726,0.14636721690360394,0.16211320599999998,0.07210196529883847,0.077596838,79.79882812799107
2021-08-06 04:00:00,889.2,17.540085724306294,1012.4164561879659,301.57,57.62,0.1523,0.121,0.2635,0.0283,0.1885,0.1133,30.78,41.58,25.2,0.375391,0.033,0.011,0.007,0.056,0.025,0.011,0.386,0.047,0.103,0.385,0.091,0.119,0.249,0.116,0.079,0.123,0.044,0.039,0.023845511992755898,0.025437670000000003,0.04157270300933798,0.04557575800000001,0.251918712251554,0.25299658199999997,0.22989230095231541,0.238278726,0.1457290520630391,0.16211320599999998,0.07208980230209727,0.077596838,61.85197096249121
2021-08-06 06:00:00,925.8,16.45044937906313,1019.1888513570123,302.48999999999995,52.89,0.1578,0.141,0.274,0.0308,0.1973,0.1143,30.78,42.5,25.2,0.375391,0.033,0.011,0.007,0.056,0.025,0.011,0.386,0.047,0.103,0.385,0.091,0.119,0.249,0.116,0.079,0.123,0.044,0.039,0.023848995472591054,0.025437670000000003,0.041572440052143105,0.04557575800000001,0.2520553866790618,0.25299658199999997,0.23002291384915885,0.238278726,0.1457744213401665,0.16211320599999998,0.07212206538394245,0.077596838,54.21142149867981
2021-08-06 07:00:00,828.9,28.852082026730322,917.914517023958,302.94,50.53,0.1455,0.1238,0.2358,0.033,0.1698,0.0878,30.78,47.12,25.2,0.375391,0.033,0.011,0.007,0.056,0.025,0.011,0.386,0.047,0.103,0.385,0.091,0.119,0.249,0.116,0.079,0.123,0.044,0.039,0.02389854281374182,0.025437670000000003,0.04180341035126169,0.04557575800000001,0.2505047997827086,0.25299658199999997,0.2289598473755277,0.238278726,0.14617198216265953,0.16211320599999998,0.07205503461193645,0.077596838,73.86467887895495
2021-09-14 08:00:00,606.2,50.43324182763765,648.326886593509,300.37,59.58,0.1118,0.0755,0.1505,0.0265,0.122,0.061,30.78,66.54,25.2,0.375391,0.044,0.034,0.011,0.061,0.044,0.013,0.376,0.067,0.103,0.375,0.089,0.116,0.254,0.118,0.081,0.12,0.059,0.04,0.03376721419441595,0.035278413999999994,0.04946874270383468,0.051415010000000004,0.2431832759441407,0.246780262,0.2274136263926175,0.232033224,0.15916560566383542,0.16473633,0.07327541982449004,0.076056976,68.5865008401615
2021-09-20 02:00:00,635.5,48.13631101835046,689.9217855699487,290.19,81.13,0.0815,0.0588,0.161,0.027,0.1183,0.0563,30.78,64.3,25.2,0.375391,0.043,0.034,0.011,0.061,0.043,0.013,0.376,0.067,0.103,0.375,0.089,0.116,0.254,0.118,0.081,0.12,0.059,0.04,0.0320880875533934,0.03427841399999999,0.04845558470994347,0.051225825999999995,0.24247496103161423,0.246780262,0.22631144361508862,0.232033224,0.15714036464148565,0.16473633,0.07225892611658413,0.076056976,67.72396246854888
2021-09-20 03:00:00,815.3,36.696339542982514,856.319314484219,292.97999999999996,69.27,0.0988,0.0765,0.217,0.0273,0.156,0.0803,30.78,59.42,25.2,0.375391,0.043,0.034,0.011,0.061,0.043,0.013,0.376,0.067,0.103,0.375,0.089,0.116,0.254,0.118,0.081,0.12,0.059,0.04,0.02973646865444065,0.03427841399999999,0.04544924916124934,0.051225825999999995,0.24071553360146491,0.246780262,0.2232383113567046,0.232033224,0.1504926009266384,0.16473633,0.06891737013011805,0.076056976,53.203739609800465
2021-09-21 02:00:00,622.7,48.28995542535027,688.1841892283525,292.19,78.07,0.0768,0.0578,0.1585,0.0268,0.1225,0.0598,30.78,64.64,25.2,0.375391,0.043,0.034,0.011,0.061,0.043,0.013,0.376,0.067,0.103,0.376,0.089,0.116,0.255,0.119,0.081,0.12,0.059,0.04,0.03213113349280893,0.03427841399999999,0.048510492205014966,0.051225825999999995,0.2425181296950895,0.246780262,0.2273794523574715,0.233033224,0.1583939743816598,0.165925514,0.07232291164133112,0.076056976,67.23095727989207
2021-09-21 03:00:00,793.2,36.9148979130857,854.3193508095093,295.0,68.44,0.0958,0.0795,0.2125,0.0278,0.1633,0.086,30.78,59.76,25.2,0.375391,0.043,0.034,0.011,0.061,0.043,0.013,0.376,0.067,0.103,0.376,0.089,0.116,0.255,0.119,0.081,0.12,0.059,0.04,0.029767233314940356,0.03427841399999999,0.04548872041468542,0.051225825999999995,0.24072594154685778,0.246780262,0.22426499354820076,0.233033224,0.15161815156464817,0.165925514,0.068957843041833,0.076056976,52.64767613194712
2021-09-23 04:00:00,774.4,29.056189465534665,948.8341505112356,297.71999999999997,61.08,0.3878,0.4308,0.4913,0.0288,0.4593,0.35,30.78,57.74,25.2,0.375391,0.042,0.0,0.004,0.068,0.012,0.016,0.342,0.066,0.07,0.321,0.127,0.066,0.245,0.114,0.078,0.12,0.074,0.031,0.036711102772910356,0.036489512,0.047015840271928566,0.048228256,0.2503871590175105,0.258052604,0.23554748791105992,0.254103316,0.14349508128447985,0.15911246,0.08006819310182603,0.09129333399999999,28.464678324887103
2021-09-23 05:00:00,919.1,26.647549451967173,973.2968645976435,298.25,59.28,0.4265,0.509,0.5773,0.031,0.4733,0.3175,30.78,57.44,25.2,0.375391,0.042,0.0,0.004,0.068,0.012,0.016,0.342,0.066,0.07,0.321,0.127,0.066,0.245,0.114,0.078,0.12,0.074,0.031,0.036733301543011194,0.036489512,0.04702938422026461,0.048228256,0.250361756267905,0.258052604,0.23511735980334478,0.254103316,0.1432130715468068,0.15911246,0.07977618492235913,0.09129333399999999,3.5904356914851405
2021-09-26 04:00:00,889.8,30.03378901419447,941.053744099342,297.9,60.4,0.149,0.1228,0.2697,0.029,0.2528,0.175,30.78,58.88,25.2,0.375391,0.042,0.032,0.011,0.062,0.033,0.012,0.308,0.17,0.042,0.314,0.124,0.064,0.244,0.114,0.077,0.092,0.166,0.007,0.02798075775112814,0.032900046,0.046673399921628125,0.051711608000000006,0.2552955814505432,0.282301156,0.23136250998522292,0.24929100799999998,0.1439707172903204,0.15949008200000003,0.08558703453754239,0.11376119000000001,27.064992652133554
2021-09-27 06:00:00,808.9,33.04070851840015,907.708742191406,299.92999999999995,50.13,0.1705,0.182,0.28,0.0278,0.2525,0.1708,30.78,61.2,25.2,0.375391,0.042,0.032,0.011,0.063,0.033,0.012,0.307,0.174,0.041,0.314,0.124,0.064,0.244,0.113,0.077,0.092,0.167,0.007,0.028235658573627913,0.032900046,0.047931271493328154,0.05271160800000001,0.25721826726823643,0.283435514,0.2321875595948877,0.24929100799999998,0.1445631944573621,0.15930089800000002,0.08731817772876055,0.113950374,32.18026491434176
2021-09-29 02:00:00,612.9,49.613195044124076,672.4993479739181,292.77,70.56,0.0775,0.0598,0.142,0.0255,0.1305,0.0618,30.78,67.26,25.2,0.375391,0.046,0.003,0.008,0.068,0.02,0.015,0.293,0.197,0.036,0.315,0.124,0.064,0.254,0.118,0.081,0.115,0.076,0.02,0.035357143651592975,0.035546575999999996,0.05004142383457428,0.05111935000000001,0.2705964706769108,0.280674856,0.24374778912813477,0.250291008,0.15841275269824015,0.16473633,0.09790794747102524,0.101825544,63.38358693292085
2021-09-29 03:00:00,792.1,38.77022491700607,836.3249869812303,295.14,60.25,0.0918,0.081,0.2043,0.0258,0.1743,0.0883,30.78,62.6,25.2,0.375391,0.046,0.003,0.008,0.068,0.02,0.015,0.293,0.197,0.036,0.315,0.124,0.064,0.254,0.118,0.081,0.115,0.076,0.02,0.035380890562485556,0.035546575999999996,0.04888300437044364,0.05111935000000001,0.2553474783361394,0.280674856,0.23556945191402856,0.250291008,0.15132045634181002,0.16473633,0.09223502068490261,0.101825544,48.419026642544935
2021-09-30 03:00:00,730.2,39.01465535915368,833.8256425231813,294.96,65.66,0.101,0.0828,0.1843,0.0265,0.1738,0.0865,30.78,62.96,25.2,0.375391,0.045,0.003,0.008,0.074,0.021,0.016,0.291,0.196,0.035,0.314,0.124,0.064,0.25,0.116,0.079,0.12,0.08,0.021,0.034379366789806576,0.034546575999999996,0.05360812395402739,0.055930912,0.2548902140201374,0.279863294,0.23469753681454758,0.24929100799999998,0.15001231995534192,0.16311320599999998,0.09620498987355072,0.10620465799999998,47.92057074249354
2021-10-05 03:00:00,739.4,40.27314314017704,820.5161850397312,296.4,66.04,0.1098,0.085,0.1828,0.026,0.1785,0.095,30.78,64.74,25.2,0.375391,0.046,0.003,0.008,0.072,0.021,0.016,0.291,0.195,0.035,0.315,0.124,0.064,0.254,0.118,0.08,0.122,0.08,0.021,0.0353721249762977,0.035546575999999996,0.051706838391250426,0.053930912,0.25617443158999464,0.27967411,0.23639425606808184,0.250291008,0.15336843526975322,0.166113952,0.09873027413864774,0.10820465799999998,45.538887984298384
2021-10-05 05:00:00,830.1,31.38022538950913,934.214987004914,298.94,54.79,0.135,0.13,0.2605,0.028,0.269,0.1548,30.78,62.14,25.2,0.375391,0.046,0.003,0.008,0.072,0.021,0.016,0.291,0.195,0.035,0.315,0.124,0.064,0.254,0.118,0.08,0.122,0.08,0.021,0.03544160898441256,0.035546575999999996,0.051208192030427285,0.053930912,0.2487473498037313,0.27967411,0.23269936561931498,0.250291008,0.15032260433885838,0.166113952,0.0958468071969534,0.10820465799999998,4.647482160071149
2021-10-05 08:00:00,501.2,56.48952592834532,557.9440446422831,300.71,46.78,0.0923,0.0653,0.0993,0.0253,0.123,0.0728,30.78,74.64,25.2,0.375391,0.046,0.003,0.008,0.072,0.021,0.016,0.291,0.195,0.035,0.315,0.124,0.064,0.254,0.118,0.08,0.122,0.08,0.021,0.03540280857796835,0.035546575999999996,0.054078732696394426,0.053930912,0.2843238134566616,0.27967411,0.252043238893465,0.250291008,0.16723036361703553,0.166113952,0.10992060307420118,0.10820465799999998,61.44920076384591
2021-11-06 05:00:00,760.9,42.668074130567355,812.8754322376931,292.71999999999997,65.85,0.1153,0.1015,0.1925,0.0293,0.2038,0.126,30.78,73.42,25.2,0.375391,0.04,0.002,0.007,0.07,0.02,0.015,0.238,0.16,0.029,0.295,0.116,0.06,0.29,0.135,0.092,0.117,0.077,0.02,0.030641137286939072,0.030735013999999998,0.05120384502556312,0.05311935000000001,0.2113783050447174,0.22831840199999998,0.22269860566129612,0.23428802399999998,0.17570468787608903,0.18879861599999997,0.0959696365101545,0.10401472800000001,4.540692029753501
2021-11-10 02:00:00,450.8,58.494606015258604,545.4605469733297,280.38,62.52,0.0815,0.0593,0.0935,0.0278,0.115,0.0633,30.78,80.5,25.2,0.375391,0.041,0.002,0.007,0.07,0.02,0.015,0.238,0.16,0.029,0.294,0.116,0.06,0.289,0.134,0.091,0.116,0.076,0.02,0.031595341850678804,0.031735014,0.05370878267442836,0.05311935000000001,0.23632004574552257,0.22831840199999998,0.23768175464852603,0.23328802399999998,0.19327931591126238,0.18898705400000002,0.1064015282392403,0.102825544,48.70022659732709
2021-11-10 03:00:00,614.1,49.965480418275,698.6857520041227,282.09999999999997,53.78,0.0963,0.0763,0.1425,0.027,0.156,0.0898,30.78,76.56,25.2,0.375391,0.041,0.002,0.007,0.07,0.02,0.015,0.238,0.16,0.029,0.294,0.116,0.06,0.289,0.134,0.091,0.116,0.076,0.02,0.031599374810942674,0.031735014,0.052094024229831254,0.05311935000000001,0.22066355978331925,0.22831840199999998,0.2275036579012198,0.23328802399999998,0.1821745554879392,0.18898705400000002,0.09915202328163089,0.102825544,34.46533507585363
2021-11-10 04:00:00,711.4,44.67242775162124,785.297487081998,283.81,45.05,0.1078,0.0883,0.1695,0.0273,0.1873,0.1133,30.78,74.54,25.2,0.375391,0.041,0.002,0.007,0.07,0.02,0.015,0.238,0.16,0.029,0.294,0.116,0.06,0.289,0.134,0.091,0.116,0.076,0.02,0.031626855146761904,0.031735014,0.05140849414448186,0.05311935000000001,0.21359040376666433,0.22831840199999998,0.2230561469884547,0.23328802399999998,0.17741562813948653,0.18898705400000002,0.09590096645892063,0.102825544,16.297678098893442
2021-11-10 05:00:00,742.3,43.81163107861637,798.6892411270209,285.33,42.9,0.1088,0.0933,0.1843,0.0255,0.1968,0.1218,30.78,74.58,25.2,0.375391,0.041,0.002,0.007,0.07,0.02,0.015,0.238,0.16,0.029,0.294,0.116,0.06,0.289,0.134,0.091,0.116,0.076,0.02,0.0316327571949451,0.031735014,0.05131712536469159,0.05311935000000001,0.21261062765911246,0.22831840199999998,0.22245238060996564,0.23328802399999998,0.17677748098788426,0.18898705400000002,0.09545259413789893,0.102825544,4.255980707598354
2021-11-10 06:00:00,697.2,47.62488637630032,737.8654708103946,286.84,40.75,0.1005,0.0833,0.158,0.027,0.1703,0.1008,30.78,76.7,25.2,0.375391,0.041,0.002,0.007,0.07,0.02,0.015,0.238,0.16,0.029,0.294,0.116,0.06,0.289,0.134,0.091,0.116,0.076,0.02,0.03160953001943743,0.031735014,0.051763688032058566,0.05311935000000001,0.21730629140609156,0.22831840199999998,0.22537569006989372,0.23328802399999998,0.17988670407766505,0.18898705400000002,0.09760620270353741,0.102825544,23.60192873371915
2021-11-10 07:00:00,575.2,55.14709902645227,607.4059006368066,288.35999999999996,38.6,0.0858,0.0648,0.1053,0.027,0.1308,0.072,30.78,80.68,25.2,0.375391,0.041,0.002,0.007,0.07,0.02,0.015,0.238,0.16,0.029,0.294,0.116,0.06,0.289,0.134,0.091,0.116,0.076,0.02,0.031590125756698235,0.031735014,0.05299342146067048,0.05311935000000001,0.22949986103673875,0.22831840199999998,0.23320708856515385,0.23328802399999998,0.18837184300449286,0.18898705400000002,0.10323700271539257,0.102825544,39.25432408274327
2021-11-18 05:00:00,674.6,45.84333677093864,772.3013668640265,285.12,72.32,0.1115,0.0895,0.167,0.0265,0.1848,0.111,30.78,76.62,25.2,0.375391,0.049,0.003,0.008,0.078,0.023,0.017,0.247,0.166,0.03,0.312,0.123,0.063,0.285,0.133,0.09,0.125,0.083,0.022,0.03835400864210132,0.038546576,0.05711516726980766,0.058931658,0.22325436582753289,0.237075884,0.23855101076141386,0.248479446,0.1756077230194431,0.186175492,0.10353753538528788,0.11039458799999999,3.5411024854867037
2021-11-18 06:00:00,642.7,49.403155665789434,713.5146685018558,287.77,63.47,0.1055,0.0813,0.1425,0.0273,0.1608,0.0938,30.78,78.66,25.2,0.375391,0.049,0.003,0.008,0.078,0.023,0.017,0.247,0.166,0.03,0.312,0.123,0.063,0.285,0.133,0.09,0.125,0.083,0.022,0.038356596408965285,0.038546576,0.05765757343778788,0.058931658,0.22826174715840158,0.237075884,0.2417807217179372,0.248479446,0.1788421307931669,0.186175492,0.10595871553145542,0.11039458799999999,22.13169959731971
2021-11-18 07:00:00,548.6,56.59707475837083,585.5769398501029,290.42999999999995,54.62,0.088,0.0663,0.1023,0.0283,0.1293,0.0705,30.78,82.54,25.2,0.375391,0.049,0.003,0.008,0.078,0.023,0.017,0.247,0.166,0.03,0.312,0.123,0.063,0.285,0.133,0.09,0.125,0.083,0.022,0.038403986653569123,0.038546576,0.05913484718677346,0.058931658,0.24125294189335483,0.237075884,0.2503822863300265,0.248479446,0.18759328733433403,0.186175492,0.11227842628729685,0.11039458799999999,37.435824214352294
2021-12-21 04:00:00,612.1,51.54942184080049,690.02545590956,281.41999999999996,63.8,0.0973,0.0778,0.138,0.028,0.1598,0.0945,30.78,81.04,25.2,0.375391,0.052,0.003,0.009,0.081,0.024,0.018,0.22,0.148,0.027,0.261,0.103,0.053,0.292,0.136,0.092,0.113,0.075,0.02,0.039975353527233914,0.040168954,0.059812288950379905,0.060743220000000014,0.20602383188902268,0.210803438,0.20375421087062728,0.207471986,0.1858269449285432,0.19098779999999999,0.09714197614685265,0.09963636,18.505655987085873
2021-12-21 05:00:00,655.3,49.819888981437636,720.2287447386651,282.96999999999997,58.06,0.1008,0.0818,0.1488,0.0273,0.171,0.1055,30.78,80.62,25.2,0.375391,0.052,0.003,0.009,0.081,0.024,0.018,0.22,0.148,0.027,0.261,0.103,0.053,0.292,0.136,0.092,0.113,0.075,0.02,0.03997458016425363,0.040168954,0.05948659144436279,0.060743220000000014,0.20351834744297848,0.210803438,0.2022129418128087,0.207471986,0.18392215709774715,0.19098779999999999,0.09590968515668179,0.09963636,0.8416445226663711
2021-12-21 06:00:00,625.2,52.22422974038609,678.0491627098097,284.53,52.33,0.0968,0.0733,0.1313,0.0278,0.1573,0.0933,30.78,82.14,25.2,0.375391,0.052,0.003,0.009,0.081,0.024,0.018,0.22,0.148,0.027,0.261,0.103,0.053,0.292,0.136,0.092,0.113,0.075,0.02,0.03997653170392009,0.040168954,0.05994782235154453,0.060743220000000014,0.20705578917703268,0.210803438,0.2043925068784241,0.207471986,0.1866183208661937,0.19098779999999999,0.09765017385055187,0.09963636,16.60636742253314
2021-12-21 07:00:00,527.1,58.25078211663077,566.6980860688599,286.08,46.6,0.0828,0.0595,0.0928,0.0275,0.1288,0.0708,30.78,85.5,25.2,0.375391,0.052,0.003,0.009,0.081,0.024,0.018,0.22,0.148,0.027,0.261,0.103,0.053,0.292,0.136,0.092,0.113,0.075,0.02,0.04001122184786223,0.040168954,0.06138346976246534,0.060743220000000014,0.21771047794786336,0.210803438,0.21107391149455282,0.207471986,0.19496812402055674,0.19098779999999999,0.10291401787824711,0.09963636,31.684045181857954
2021-12-22 04:00:00,572.5,51.58045045040508,689.7746080963195,282.46,65.01,0.113,0.0845,0.1305,0.027,0.1578,0.0943,30.78,81.06,25.2,0.375391,0.052,0.003,0.009,0.081,0.024,0.018,0.22,0.148,0.027,0.263,0.104,0.053,0.292,0.136,0.092,0.114,0.075,0.02,0.03997539666796574,0.040168954,0.05981841532620656,0.060743220000000014,0.20607060426213245,0.210803438,0.2059424117758213,0.20966117,0.18586273166007425,0.19098779999999999,0.09816500200300514,0.10063636,18.645282274733944
2021-12-22 05:00:00,606.7,49.81679249783042,720.5851136710761,284.21,58.84,0.1088,0.0855,0.1448,0.0278,0.1715,0.104,30.78,80.60000000000001,25.2,0.375391,0.052,0.003,0.009,0.081,0.024,0.018,0.22,0.148,0.027,0.263,0.104,0.053,0.292,0.136,0.092,0.114,0.075,0.02,0.039974581588565504,0.040168954,0.05948603573461954,0.060743220000000014,0.2035140384040801,0.210803438,0.20435123958432147,0.20966117,0.18391890305656536,0.19098779999999999,0.0969075678687594,0.10063636,0.9904041427175798
2021-12-22 06:00:00,590.1,52.18767439245533,678.9962289338141,285.96,52.66,0.1075,0.081,0.127,0.0263,0.155,0.0925,30.78,82.12,25.2,0.375391,0.052,0.003,0.009,0.081,0.024,0.018,0.22,0.148,0.027,0.263,0.104,0.053,0.292,0.136,0.092,0.114,0.075,0.02,0.03997645489532677,0.040168954,0.0599403563057843,0.060743220000000014,0.20699909055282337,0.210803438,0.20652335748394038,0.20966117,0.18657474446299438,0.19098779999999999,0.09862224301927812,0.10063636,16.47011849225339
2021-12-22 07:00:00,482.5,58.18791125741345,568.1725545459669,287.71,46.49,0.097,0.0668,0.0898,0.0265,0.1255,0.0708,30.78,85.48,25.2,0.375391,0.052,0.003,0.009,0.081,0.024,0.018,0.22,0.148,0.027,0.263,0.104,0.053,0.292,0.136,0.092,0.114,0.075,0.02,0.04001061838012506,0.040168954,0.061366293968032115,0.060743220000000014,0.21758535246713603,0.210803438,0.21323604558695003,0.20966117,0.19486850784237292,0.19098779999999999,0.1038520543187095,0.10063636,31.572583945084347
