0,1,1,1,1,1
10,1.006495288,1.005141637,1.012703654,1.005462185,1.002673675
20,1.012990575,1.010283275,1.025407307,1.010924369,1.00534735
30,1.019485863,1.015424912,1.038110961,1.016386554,1.008021024
40,1.025981151,1.02056655,1.050814614,1.021848739,1.010694699
50,1.032476438,1.025708187,1.063518268,1.027310923,1.013368374
60,1.038971726,1.030849825,1.076221922,1.032773108,1.016042049
70,1.045467013,1.035991462,1.088925575,1.038235293,1.018715724
80,1.051962301,1.0411331,1.101629229,1.043697477,1.021389398
90,1.058457589,1.046274737,1.114332882,1.049159662,1.024063073
100,1.064952876,1.051416375,1.127036536,1.054621847,1.026736748
110,1.071448164,1.056558012,1.13974019,1.060084031,1.029410423
120,1.077943452,1.061699649,1.152443843,1.065546216,1.032084098
130,1.084438739,1.066841287,1.165147497,1.0710084,1.034757772
140,1.090934027,1.071982924,1.17785115,1.076470585,1.037431447
150,1.097429314,1.077124562,1.190554804,1.08193277,1.040105122
160,1.103924602,1.082266199,1.203258458,1.087394954,1.042778797
170,1.11041989,1.087407837,1.215962111,1.092857139,1.045452472
180,1.116915177,1.092549474,1.228665765,1.098319324,1.048126146
190,1.123410465,1.097691112,1.241369419,1.103781508,1.050799821
200,1.129905753,1.102832749,1.254073072,1.109243693,1.053473496
210,1.13640104,1.107974386,1.266776726,1.114705878,1.056147171
220,1.141760302,1.113116024,1.279480379,1.115623958,1.058820846
230,1.146957706,1.118257661,1.292184033,1.115894609,1.061494521
240,1.149923177,1.123399299,1.295959954,1.11616526,1.064168195
250,1.152702654,1.128540936,1.298991897,1.116435911,1.06684187
260,1.15548213,1.133682574,1.30202384,1.116706563,1.069515545
270,1.158261607,1.138824211,1.305055783,1.116977214,1.07218922
280,1.161041083,1.143965849,1.308087726,1.117247865,1.074862895
290,1.162962357,1.145674672,1.311119668,1.117518516,1.077536569
300,1.163261577,1.145899035,1.314151611,1.117789167,1.075206494
310,1.162206211,1.146123399,1.317183554,1.118059819,1.067458072
320,1.161150845,1.146347762,1.320215497,1.11833047,1.059709649
330,1.160095478,1.146572125,1.32324744,1.118601121,1.051961227
340,1.159040112,1.146796488,1.326279383,1.118871772,1.044212804
350,1.157984746,1.147020852,1.329311326,1.119142424,1.036464382
360,1.15692938,1.147245215,1.332343269,1.119413075,1.02871596
370,1.155571917,1.147469578,1.335375212,1.118475341,1.020967537
380,1.153909884,1.147693941,1.338407155,1.116319323,1.013219115
390,1.15224785,1.147918305,1.341439098,1.114163305,1.005470692
400,1.150585816,1.148142668,1.344471041,1.112007288,0.99772227
410,1.148923783,1.148367031,1.347502983,1.10985127,0.989973847
420,1.147261749,1.148591394,1.350534926,1.107695252,0.982225425
430,1.145599716,1.148815758,1.353566869,1.105539234,0.974477003
440,1.143937682,1.149040121,1.356598812,1.103383216,0.96672858
450,1.142275649,1.149264484,1.359630755,1.101227199,0.958980158
460,1.140613615,1.149488848,1.362662698,1.099071181,0.951231735
470,1.138951582,1.149713211,1.365694641,1.096915163,0.943483313
480,1.137289548,1.149937574,1.368726584,1.094759145,0.93573489
490,1.135627515,1.150161937,1.371758527,1.092603127,0.927986468
500,1.133446908,1.148312006,1.37479047,1.09044711,0.920238046
510,1.130489019,1.146337617,1.377013065,1.088291092,0.910314302
520,1.127379149,1.144363228,1.37923566,1.086135074,0.899782632
530,1.124269278,1.14238884,1.381458256,1.083979056,0.889250962
540,1.121159408,1.140414451,1.383680851,1.081823038,0.878719291
550,1.118049537,1.138440062,1.385903446,1.079667021,0.868187621
560,1.114939667,1.136465673,1.388126041,1.077511003,0.857655951
570,1.111829797,1.134491284,1.390348637,1.075354985,0.847124281
580,1.108629936,1.132516895,1.392571232,1.072839007,0.83659261
590,1.105179176,1.130542506,1.394793827,1.069319431,0.82606094
600,1.101728416,1.128568117,1.397016422,1.065799854,0.81552927
610,1.098277656,1.126593728,1.399239018,1.062280278,0.804997599
620,1.094826896,1.12461934,1.401461613,1.058760702,0.794465929
630,1.091376136,1.122644951,1.403684208,1.055241126,0.783934259
640,1.087925376,1.120670562,1.405906803,1.051721549,0.773402589
650,1.084474616,1.118696173,1.408129399,1.048201973,0.762870918
660,1.080954127,1.116721784,1.410073079,1.044682397,0.752339248
670,1.077390058,1.114747395,1.411842439,1.041162821,0.741807578
680,1.073807363,1.112698501,1.413611798,1.037643244,0.731275907
690,1.069996495,1.109736918,1.415381157,1.034123668,0.720744237
700,1.066185627,1.106775334,1.417150516,1.030604092,0.710212567
710,1.062382848,1.103813751,1.418919875,1.027084515,0.699713249
720,1.059093414,1.100852168,1.420689234,1.023564939,0.691267314
730,1.05580398,1.097890584,1.422458593,1.020045363,0.68282138
740,1.052514546,1.094929001,1.424227952,1.016525787,0.674375446
750,1.049225113,1.091967418,1.425997311,1.01300621,0.665929511
760,1.045935679,1.089005834,1.42776667,1.009486634,0.657483577
770,1.042646245,1.086044251,1.42953603,1.005967058,0.649037642
780,1.039356811,1.083082668,1.431305389,1.002447481,0.640591708
790,1.036067378,1.080121084,1.433074748,0.998927905,0.632145774
800,1.032275602,1.077159501,1.434844107,0.993398961,0.623699839
810,1.028473062,1.074197918,1.436613466,0.98782696,0.615253905
820,1.024670522,1.071236334,1.438382825,0.982254958,0.60680797
830,1.020867982,1.068274751,1.440152184,0.976682956,0.598362036
840,1.017065442,1.065313168,1.441921543,0.971110954,0.589916102
850,1.01293605,1.062351584,1.442383494,0.965538953,0.581470167
860,1.008283694,1.059390001,1.440753591,0.959966951,0.573024233
870,1.003605727,1.056325973,1.439123688,0.954394949,0.564578299
880,0.998829972,1.052870792,1.437493785,0.948822948,0.556132364
890,0.994054217,1.049415611,1.435863881,0.943250946,0.54768643
900,0.989278462,1.045960429,1.434233978,0.937678944,0.539240495
910,0.984502707,1.042505248,1.432604075,0.932106943,0.530794561
920,0.979884198,1.039050067,1.430974172,0.926534941,0.522977613
930,0.975632432,1.035594886,1.429344269,0.920962939,0.516627635
940,0.971380666,1.032139705,1.427714366,0.915390937,0.510277657
950,0.9671289,1.028684523,1.426084463,0.909818936,0.50392768
960,0.962877135,1.025229342,1.42445456,0.904246934,0.497577702
970,0.958625369,1.021774161,1.422824657,0.898674932,0.491227724
980,0.954373603,1.01831898,1.421194754,0.893102931,0.484877747
990,0.950191981,1.014863799,1.41956485,0.887811504,0.478527769
1000,0.946065727,1.011408617,1.417934947,0.882741553,0.472177791
1010,0.941939474,1.007953436,1.416305044,0.877671602,0.465827814
1020,0.937813221,1.004498255,1.414675141,0.872601651,0.459477836
1030,0.933686968,1.001043074,1.413045238,0.8675317,0.453127859
1040,0.929473554,0.997587893,1.411066693,0.862461749,0.446777881
1050,0.924780757,0.994132712,1.407170616,0.857391798,0.440427903
1060,0.919962233,0.99017462,1.403274539,0.852321847,0.434077926
1070,0.914899238,0.985238648,1.399378461,0.847251895,0.427727948
1080,0.909836244,0.980302676,1.395482384,0.842181944,0.42137797
1090,0.904773249,0.975366704,1.391586307,0.837111993,0.415027993
1100,0.899710255,0.970430731,1.38769023,0.832042042,0.408678015
1110,0.89464726,0.965494759,1.383794153,0.826972091,0.402328037
1120,0.889584266,0.960558787,1.379898076,0.82190214,0.39597806
1130,0.884744116,0.955622815,1.376001999,0.816832189,0.390519462
1140,0.880031878,0.950686843,1.372105922,0.811762238,0.385572508
1150,0.875319639,0.94575087,1.368209845,0.806692287,0.380625555
1160,0.870607401,0.940814898,1.364313768,0.801622336,0.375678601
1170,0.865895162,0.935878926,1.36041769,0.796552385,0.370731647
1180,0.861182924,0.930942954,1.356521613,0.791482434,0.365784694
1190,0.856470685,0.926006981,1.352625536,0.786412483,0.36083774
1200,0.851635089,0.921071009,1.348729459,0.780849101,0.355890786
1210,0.846350737,0.916135037,1.344833382,0.773490695,0.350943833
1220,0.841066384,0.911199065,1.340937305,0.766132289,0.345996879
1230,0.835782032,0.906263093,1.337041228,0.758773883,0.341049925
1240,0.830558692,0.90132712,1.333389199,0.751415477,0.336102972
1250,0.825340436,0.896391148,1.329757508,0.744057071,0.331156018
1260,0.82012218,0.891455176,1.326125817,0.736698665,0.326209064
1270,0.814903925,0.886519204,1.322494126,0.729340259,0.321262111
1280,0.809685669,0.881583232,1.318862434,0.721981853,0.316315157
1290,0.804144363,0.87535506,1.315230743,0.714623447,0.311368203
1300,0.79846336,0.868568099,1.311599052,0.707265041,0.30642125
1310,0.792782357,0.861781138,1.307967361,0.699906635,0.301474296
1320,0.787101354,0.854994177,1.304335669,0.692548229,0.296527342
1330,0.78142145,0.848207216,1.300703978,0.685189823,0.291584785
1340,0.775994486,0.841420255,1.297072287,0.677831417,0.287653985
1350,0.770567521,0.834633294,1.293440596,0.670473011,0.283723184
1360,0.765140556,0.827846333,1.289808904,0.663114605,0.279792384
1370,0.759713592,0.821059372,1.286177213,0.655756199,0.275861584
1380,0.754479531,0.814272411,1.282545522,0.649169407,0.271930784
1390,0.749335371,0.80748545,1.278913831,0.642942219,0.267999983
1400,0.74419121,0.800698489,1.275282139,0.636715031,0.264069183
1410,0.73904705,0.793911528,1.271650448,0.630487842,0.260138383
1420,0.73390289,0.787124567,1.268018757,0.624260654,0.256207582
1430,0.72875873,0.780337606,1.264387066,0.618033466,0.252276782
1440,0.723961696,0.774939151,1.260755374,0.611806277,0.248345982
1450,0.719392464,0.770451904,1.257123683,0.605579089,0.244415182
1460,0.714823233,0.765964656,1.253491992,0.599351901,0.240484381
1470,0.709862505,0.761477409,1.248294317,0.593124712,0.236553581
1480,0.704830596,0.756990162,1.242811918,0.586897524,0.232622781
1490,0.699798687,0.752502914,1.237329518,0.580670336,0.22869198
1500,0.694766778,0.748015667,1.231847119,0.574443148,0.22476118
1510,0.689734869,0.743528419,1.226364719,0.568215959,0.22083038
1520,0.68470296,0.739041172,1.22088232,0.561988771,0.216899579
1530,0.679671051,0.734553924,1.215399921,0.555761583,0.212968777
1540,0.674639142,0.730066677,1.209917521,0.549534394,0.209037974
1550,0.669607232,0.725579429,1.204435122,0.543307206,0.205107172
1560,0.664575323,0.721092182,1.198952722,0.537080018,0.20117637
1570,0.659543414,0.716604934,1.193470323,0.530852829,0.197245568
1580,0.654511504,0.712117687,1.187987924,0.524625641,0.193314766
1590,0.649579255,0.707630439,1.182505524,0.518797092,0.189383963
1600,0.644884988,0.703143192,1.177023125,0.513920474,0.185453161
1610,0.640190722,0.698655945,1.171540725,0.509043857,0.181522359
1620,0.635496455,0.694168697,1.166058326,0.50416724,0.177591557
1630,0.630802188,0.68968145,1.160575927,0.499290623,0.173660755
1640,0.626107922,0.685194202,1.155093527,0.494414006,0.169729952
1650,0.621493029,0.681024449,1.149611128,0.489537388,0.16579915
1660,0.616717925,0.676911138,1.143431443,0.484660771,0.161868348
1670,0.611833871,0.672797828,1.136815956,0.479784154,0.157937546
1680,0.606949817,0.668684518,1.130200468,0.474907537,0.154006744
1690,0.602065762,0.664571208,1.123584981,0.470030919,0.150075941
1700,0.597181708,0.660457898,1.116969493,0.465154302,0.146145139
1710,0.59270909,0.656344588,1.110354005,0.460277685,0.143860083
1720,0.588275965,0.652231277,1.103738518,0.455401068,0.141732997
1730,0.58384284,0.648117967,1.09712303,0.45052445,0.139605911
1740,0.579409714,0.644004657,1.090507543,0.445647833,0.137478824
1750,0.574976589,0.639891347,1.083892055,0.440771216,0.135351738
1760,0.570543464,0.635778037,1.077276568,0.435894599,0.133224652
1770,0.566110339,0.631664727,1.07066108,0.431017982,0.131097566
1780,0.561677213,0.627551416,1.064045592,0.426141364,0.12897048
1790,0.557244088,0.623438106,1.057430105,0.421264747,0.126843394
1800,0.552810963,0.619324796,1.050814617,0.41638813,0.124716308
1810,0.548517113,0.615211486,1.04419913,0.412068614,0.122589222
1820,0.544229186,0.611098176,1.037583642,0.40777279,0.120462135
1830,0.539941259,0.606984865,1.030968154,0.403476966,0.118335049
1840,0.535653332,0.602871555,1.024352667,0.399181142,0.116207963
1850,0.531442661,0.598758245,1.018046203,0.394885318,0.114080877
1860,0.527355599,0.594644935,1.012234176,0.390589494,0.111953791
1870,0.523257866,0.59048894,1.00642215,0.38629367,0.109826705
1880,0.519119388,0.586169964,1.000610123,0.381997846,0.107699619
1890,0.51498091,0.581850989,0.994798097,0.377702022,0.105572533
1900,0.510842432,0.577532013,0.988986071,0.373406198,0.103445446
1910,0.506796621,0.573213038,0.983174044,0.369110374,0.101689026
1920,0.502923701,0.568894063,0.977362018,0.36481455,0.100624172
1930,0.49905078,0.564575087,0.971549991,0.360518726,0.099559317
1940,0.49517786,0.560256112,0.965737965,0.356222902,0.098494463
1950,0.49130494,0.555937136,0.959925938,0.351927078,0.097429608
1960,0.48743202,0.551618161,0.954113912,0.347631254,0.096364754
1970,0.4835591,0.547299186,0.948301886,0.34333543,0.095299899
1980,0.47968618,0.54298021,0.942489859,0.339039606,0.094235045
1990,0.47581326,0.538661235,0.936677833,0.334743782,0.093170191
2000,0.47194034,0.534342259,0.930865806,0.330447958,0.092105336
2010,0.46806742,0.530023284,0.92505378,0.326152134,0.091040482
2020,0.4641945,0.525704309,0.919241753,0.32185631,0.089975627
2030,0.46032158,0.521385333,0.913429727,0.317560486,0.088910773
2040,0.45644866,0.517066358,0.907617701,0.313264663,0.087845918
2050,0.45257574,0.512747382,0.901805674,0.308968839,0.086781064
2060,0.448686973,0.508428407,0.895930258,0.304673016,0.085716209
2070,0.444745381,0.504109432,0.889843545,0.300377192,0.084651355
2080,0.440803789,0.499790456,0.883756831,0.296081369,0.0835865
2090,0.436862197,0.495471481,0.877670117,0.291785545,0.082521646
2100,0.432833295,0.490803262,0.871583404,0.287489722,0.081456792
2110,0.428737454,0.48586729,0.86549669,0.283193898,0.080391937
2120,0.424661214,0.480931318,0.859409976,0.278898075,0.079405486
2130,0.420589547,0.475995345,0.853323262,0.274602251,0.078437329
2140,0.416517881,0.471059373,0.847236549,0.270306428,0.077469173
2150,0.412446214,0.466123401,0.841149835,0.266010604,0.076501017
2160,0.408374548,0.461187429,0.835063121,0.261714781,0.07553286
2170,0.404302881,0.456251456,0.828976408,0.257418957,0.074564704
2180,0.400231215,0.451315484,0.822889694,0.253123134,0.073596547
2190,0.396233027,0.446379512,0.81680298,0.249121226,0.072628391
2200,0.392517547,0.44144354,0.810716267,0.246250148,0.071660234
2210,0.388802067,0.436507568,0.804629553,0.24337907,0.070692078
2220,0.385086587,0.431571595,0.798542839,0.240507992,0.069723921
2230,0.381371107,0.426635623,0.792456125,0.237636914,0.068755765
2240,0.377655627,0.421699651,0.786369412,0.234765836,0.067787608
2250,0.374096858,0.417390526,0.780282698,0.231894758,0.066819452
2260,0.370713607,0.413783469,0.774195984,0.22902368,0.065851295
2270,0.367330356,0.410176412,0.768109271,0.226152602,0.064883139
2280,0.363947105,0.406569355,0.762022557,0.223281524,0.063914982
2290,0.3605348,0.402962298,0.755819629,0.220410446,0.062946826
2300,0.356962701,0.399355241,0.748977525,0.217539368,0.06197867
2310,0.353390602,0.395748184,0.742135421,0.21466829,0.061010513
2320,0.349818503,0.392141128,0.735293316,0.211797212,0.060042357
2330,0.346246404,0.388534071,0.728451212,0.208926134,0.0590742
2340,0.342727887,0.384927014,0.721609108,0.206055056,0.058320372
2350,0.339397828,0.381319957,0.714767003,0.203183978,0.058320372
2360,0.336067768,0.3777129,0.707924899,0.2003129,0.058320372
2370,0.332737708,0.374105843,0.701082795,0.197441822,0.058320372
2380,0.329407648,0.370498786,0.69424069,0.194570744,0.058320372
2390,0.326077588,0.36689173,0.687398586,0.191699666,0.058320372
2400,0.322747529,0.363284673,0.680556482,0.188828588,0.058320372
2410,0.319417469,0.359677616,0.673714377,0.18595751,0.058320372
2420,0.316091079,0.356070559,0.666872273,0.183101111,0.058320372
2430,0.313047259,0.352463502,0.660030169,0.181374995,0.058320372
2440,0.31000344,0.348856445,0.653188064,0.179648879,0.058320372
2450,0.307355805,0.345249388,0.647930697,0.177922763,0.058320372
2460,0.304827025,0.341642331,0.643148751,0.176196647,0.058320372
2470,0.302298246,0.338035275,0.638366805,0.174470532,0.058320372
2480,0.299769466,0.334428218,0.633584858,0.172744416,0.058320372
2490,0.297240686,0.330821161,0.628802912,0.1710183,0.058320372
2500,0.294398483,0.32596041,0.624020966,0.169292184,0.058320372
2510,0.291457437,0.321024438,0.61923902,0.167566068,0.058000224
2520,0.288497754,0.316088466,0.614457073,0.165839952,0.057605526
2530,0.285538071,0.311152494,0.609675127,0.164113837,0.057210828
2540,0.282578388,0.306216521,0.604893181,0.162387721,0.056816129
2550,0.279618705,0.301280549,0.600111234,0.160661605,0.056421431
2560,0.276659022,0.296344577,0.595329288,0.158935489,0.056026733
2570,0.273699339,0.291408605,0.590547342,0.157209373,0.055632035
2580,0.270739656,0.286472633,0.585765396,0.155483257,0.055237336
2590,0.267779972,0.28153666,0.580983449,0.153757142,0.054842638
2600,0.264820289,0.276600688,0.576201503,0.152031026,0.05444794
2610,0.261860606,0.271664716,0.571419557,0.15030491,0.054053242
2620,0.258929238,0.266728744,0.566637611,0.148692056,0.053658543
2630,0.256008677,0.261792772,0.561855664,0.147122428,0.053263845
2640,0.253088116,0.256856799,0.557073718,0.145552799,0.052869147
2650,0.250604109,0.253667044,0.552291772,0.143983171,0.052474449
2660,0.248309862,0.250787728,0.547958428,0.142413543,0.05207975
2670,0.24608571,0.247908411,0.543905462,0.140843914,0.051685052
2680,0.243861557,0.245029094,0.539852495,0.139274286,0.051290354
2690,0.241671067,0.242149778,0.535799528,0.137704658,0.051030304
2700,0.239545589,0.239270461,0.531746561,0.136135029,0.051030304
2710,0.237420111,0.236391145,0.527693594,0.134565401,0.051030304
2720,0.235294633,0.233511828,0.523640628,0.132995773,0.051030304
2730,0.233169155,0.230632512,0.519587661,0.131426144,0.051030304
2740,0.231043677,0.227753195,0.515534694,0.129856516,0.051030304
2750,0.228918199,0.224873878,0.511481727,0.128286888,0.051030304
2760,0.226792721,0.221994562,0.50742876,0.126717259,0.051030304
2770,0.224667243,0.219115245,0.503375794,0.125147631,0.051030304
2780,0.222541765,0.216235929,0.499322827,0.123578003,0.051030304
2790,0.220416288,0.213356612,0.49526986,0.122008374,0.051030304
2800,0.21829081,0.210477295,0.491216893,0.120438746,0.051030304
2810,0.216165332,0.207597979,0.487163927,0.118869118,0.051030304
2820,0.214039854,0.204718662,0.48311096,0.117299489,0.051030304
2830,0.211931065,0.201839346,0.479057993,0.115796619,0.051030304
2840,0.209838206,0.198960029,0.475005026,0.114357464,0.051030304
2850,0.207745346,0.196080713,0.470952059,0.11291831,0.051030304
2860,0.205577327,0.193201396,0.466899093,0.111479156,0.050729665
2870,0.203412265,0.190356227,0.462846126,0.110040002,0.050406705
2880,0.201279798,0.187641442,0.458793159,0.108600848,0.050083744
2890,0.199147332,0.184926657,0.454740192,0.107161694,0.049760784
2900,0.197014865,0.182211872,0.450687225,0.105722539,0.049437824
2910,0.194758363,0.179497087,0.446138114,0.104283385,0.049114864
2920,0.192424337,0.176782302,0.441278913,0.102844231,0.048791904
2930,0.190090312,0.174067517,0.436419711,0.101405077,0.048468943
2940,0.187756287,0.171352732,0.43156051,0.099965923,0.048145983
2950,0.185422262,0.168637947,0.426701308,0.098526768,0.047823023
2960,0.183088237,0.165923162,0.421842107,0.097087614,0.047500063
2970,0.180754211,0.163208377,0.416982905,0.09564846,0.047177103
2980,0.178420186,0.160493592,0.412123704,0.094209306,0.046854142
2990,0.176086161,0.157778807,0.407264502,0.092770152,0.046531182
3000,0.173773723,0.155064022,0.402405301,0.091417349,0.046208222
3010,0.171574406,0.152349237,0.3975461,0.090517026,0.045885262
3020,0.169375089,0.149634452,0.392686898,0.089616704,0.045562302
3030,0.167175771,0.146919667,0.387827697,0.088716381,0.045239341
3040,0.164976454,0.144204882,0.382968495,0.087816058,0.044916381
3050,0.162777137,0.141490097,0.378109294,0.086915736,0.044593421
3060,0.160826859,0.139278222,0.373743341,0.086015413,0.044270461
3070,0.159532094,0.13804423,0.371021553,0.085115091,0.043947501
3080,0.15821731,0.136810237,0.368299765,0.084214768,0.04354447
3090,0.156866682,0.135576244,0.365577977,0.083314445,0.042998062
3100,0.155516054,0.134342252,0.362856189,0.082414123,0.042451654
3110,0.154165427,0.133108259,0.360134401,0.0815138,0.041905246
3120,0.152814799,0.131874266,0.357412613,0.080613478,0.041358838
3130,0.151464171,0.130640273,0.354690825,0.079713155,0.04081243
3140,0.150113543,0.129406281,0.351969037,0.078812832,0.040266023
3150,0.148762915,0.128172288,0.349247249,0.07791251,0.039719615
3160,0.147412287,0.126938295,0.34652546,0.077012187,0.039173207
3170,0.14606166,0.125704302,0.343803672,0.076111865,0.038626799
3180,0.144711032,0.12447031,0.341081884,0.075211542,0.038080391
3190,0.143360404,0.123236317,0.338360096,0.074311219,0.037533983
3200,0.142009776,0.122002324,0.335638308,0.073410897,0.036987575
3210,0.140659148,0.120768332,0.33291652,0.072510574,0.036441167
3220,0.139308521,0.119534339,0.330194732,0.071610252,0.03589476
3230,0.137959235,0.118300346,0.327472944,0.070715297,0.035348352
3240,0.136637214,0.117066353,0.324751156,0.069929403,0.034801944
3250,0.135301965,0.115779445,0.322029368,0.06914351,0.034255536
3260,0.133951899,0.114433271,0.31930758,0.068357616,0.033709128
3270,0.132587967,0.113087098,0.316530326,0.067571722,0.03316272
3280,0.131057637,0.111740924,0.313087484,0.066785829,0.032616312
3290,0.129527308,0.110394751,0.309644642,0.065999935,0.032069904
3300,0.127996979,0.109048577,0.3062018,0.065214041,0.031523496
3310,0.126466649,0.107702403,0.302758959,0.064428148,0.030977089
3320,0.12493632,0.10635623,0.299316117,0.063642254,0.030430681
3330,0.123405991,0.105010056,0.295873275,0.06285636,0.029884273
3340,0.121875662,0.103663882,0.292430433,0.062070467,0.029337865
3350,0.12043751,0.102317709,0.288987591,0.061284573,0.029160168
3360,0.119043783,0.100971535,0.285544749,0.060498679,0.029160168
3370,0.117650056,0.099625361,0.282101908,0.059712785,0.029160168
3380,0.116256328,0.098279188,0.278659066,0.058926892,0.029160168
3390,0.114862601,0.096933014,0.275216224,0.058140998,0.029160168
3400,0.113468874,0.09558684,0.271773382,0.057355104,0.029160168
3410,0.112075147,0.094240667,0.26833054,0.056569211,0.029160168
3420,0.110681419,0.092894493,0.264887699,0.055783317,0.029160168
3430,0.109287692,0.09154832,0.261444857,0.054997423,0.029160168
3440,0.107893965,0.090202146,0.258002015,0.05421153,0.029160168
3450,0.106500237,0.088855972,0.254559173,0.053425636,0.029160168
3460,0.105267373,0.088153252,0.251116331,0.052639742,0.029160168
3470,0.104241823,0.087704527,0.248248749,0.051853849,0.029160168
3480,0.103242421,0.087255801,0.245485758,0.051067955,0.029160168
3490,0.102243018,0.086807076,0.242722768,0.050282061,0.029160168
3500,0.101243616,0.086358351,0.239959778,0.049496167,0.029160168
3510,0.100244214,0.085909625,0.237196788,0.048710274,0.029160168
3520,0.099244812,0.0854609,0.234433798,0.04792438,0.029160168
3530,0.098245409,0.085012175,0.231670808,0.047138486,0.029160168
3540,0.097246007,0.084563449,0.228907818,0.046352593,0.029160168
3550,0.096246605,0.084114724,0.226144828,0.045566699,0.029160168
3560,0.095247202,0.083665999,0.223381838,0.044780805,0.029160168
3570,0.0942478,0.083217273,0.220618847,0.043994912,0.029160168
3580,0.093248398,0.082768548,0.217855857,0.043209018,0.029160168
3590,0.092248996,0.082319823,0.215092867,0.042423124,0.029160168
3600,0.091249593,0.081871097,0.212329877,0.04163723,0.029160168
3610,0.090250191,0.081422372,0.209566887,0.040851337,0.029160168
3620,0.089250789,0.080973647,0.206803897,0.040065443,0.029160168
3630,0.088251386,0.080524921,0.204040907,0.039279549,0.029160168
3640,0.087145773,0.080076196,0.201277917,0.038493656,0.028735323
3650,0.086035368,0.079627471,0.198514927,0.037707762,0.028291315
3660,0.085178812,0.079178745,0.196379492,0.037309706,0.027847307
3670,0.084425262,0.078568098,0.19463628,0.03709337,0.027403299
3680,0.083670124,0.077951102,0.192893068,0.036877035,0.026959291
3690,0.082914986,0.077334105,0.191149857,0.0366607,0.026515283
3700,0.082159848,0.076717108,0.189406645,0.036444364,0.026071275
3710,0.08140471,0.076100111,0.187663433,0.036228029,0.025627267
3720,0.080649572,0.075483114,0.185920221,0.036011693,0.025183259
3730,0.079894434,0.074866118,0.184177009,0.035795358,0.024739251
3740,0.079139296,0.074249121,0.182433797,0.035579023,0.024295243
3750,0.078384158,0.073632124,0.180690585,0.035362687,0.023851235
3760,0.07762902,0.073015127,0.178947373,0.035146352,0.023407227
3770,0.076873882,0.07239813,0.177204161,0.034930017,0.022963219
3780,0.076118744,0.071781134,0.175460949,0.034713681,0.022519211
3790,0.075363606,0.071164137,0.173717737,0.034497346,0.022075203
3800,0.074608468,0.07054714,0.171974526,0.034281011,0.021631195
3810,0.07385333,0.069930143,0.170231314,0.034064675,0.021187187
3820,0.073098192,0.069313146,0.168488102,0.03384834,0.020743179
3830,0.072343054,0.06869615,0.16674489,0.033632004,0.020299171
3840,0.071587916,0.068079153,0.165001678,0.033415669,0.019855162
3850,0.070761026,0.067462156,0.163258466,0.032912328,0.019411154
3860,0.069843881,0.066845159,0.161515254,0.032047964,0.018967146
3870,0.068926736,0.066228162,0.159772042,0.0311836,0.018523138
3880,0.06800959,0.065611166,0.15802883,0.030319235,0.01807913
3890,0.067067297,0.064954588,0.156224606,0.029454871,0.017635122
3900,0.066090975,0.064214193,0.154368085,0.028590507,0.017191114
3910,0.065114653,0.063473799,0.152511564,0.027726143,0.016747106
3920,0.064138331,0.062733404,0.150655044,0.026861779,0.016303098
3930,0.063162009,0.061993009,0.148798523,0.025997415,0.01585909
3940,0.062185687,0.061252614,0.146942002,0.02513305,0.015415082
3950,0.061209365,0.060512219,0.145085481,0.024268686,0.014971074
3960,0.060246302,0.059771824,0.143228961,0.023404322,0.014580102
3970,0.059380982,0.059031429,0.14137244,0.022539958,0.014580102
3980,0.058515662,0.058291035,0.139515919,0.021675594,0.014580102
3990,0.057650342,0.05755064,0.137659398,0.02081123,0.014580102
4000,0.056785023,0.056810245,0.135802878,0.019946865,0.014580102
4010,0.055919703,0.05606985,0.133946357,0.019082501,0.014580102
4020,0.055054383,0.055329455,0.132089836,0.018218137,0.014580102
4030,0.054189063,0.05458906,0.130233316,0.017353773,0.014580102
4040,0.053363284,0.053848666,0.128376795,0.016647573,0.014580102
4050,0.052714055,0.053108271,0.126520274,0.016647573,0.014580102
4060,0.052064826,0.052367876,0.124663753,0.016647573,0.014580102
4070,0.051415597,0.051627481,0.122807233,0.016647573,0.014580102
4080,0.050871276,0.051129227,0.121128203,0.016647573,0.014580102
4090,0.050499941,0.050923561,0.119848527,0.016647573,0.014580102
4100,0.050128605,0.050717895,0.118568851,0.016647573,0.014580102
4110,0.04975727,0.050512228,0.117289175,0.016647573,0.014580102
4120,0.049385934,0.050306562,0.116009499,0.016647573,0.014580102
4130,0.049014599,0.050100896,0.114729823,0.016647573,0.014580102
4140,0.048643263,0.049895229,0.113450148,0.016647573,0.014580102
4150,0.048271927,0.049689563,0.112170472,0.016647573,0.014580102
4160,0.047900592,0.049483897,0.110890796,0.016647573,0.014580102
4170,0.047529256,0.04927823,0.10961112,0.016647573,0.014580102
4180,0.047157921,0.049072564,0.108331444,0.016647573,0.014580102
4190,0.046786585,0.048866898,0.107051768,0.016647573,0.014580102
4200,0.04641525,0.048661231,0.105772092,0.016647573,0.014580102
4210,0.046043914,0.048455565,0.104492417,0.016647573,0.014580102
4220,0.045672579,0.048249899,0.103212741,0.016647573,0.014580102
4230,0.045301243,0.048044232,0.101933065,0.016647573,0.014580102
4240,0.044801231,0.047838566,0.100653389,0.016132869,0.014580102
4250,0.044294762,0.0476329,0.099373713,0.015592334,0.014580102
4260,0.043788293,0.047427233,0.098094037,0.0150518,0.014580102
4270,0.043281824,0.047221567,0.096814362,0.014511266,0.014580102
4280,0.042775355,0.047015901,0.095534686,0.013970732,0.014580102
4290,0.042268006,0.046810234,0.094251488,0.013430197,0.014580102
4300,0.041755814,0.046604568,0.092948923,0.012889663,0.014580102
4310,0.04109762,0.045814891,0.091646358,0.012349129,0.014580102
4320,0.040405472,0.044889397,0.090343793,0.011808595,0.014580102
4330,0.039713323,0.043963904,0.089041228,0.01126806,0.014580102
4340,0.039021175,0.04303841,0.087738663,0.010727526,0.014580102
4350,0.038329027,0.042112917,0.086436097,0.010186992,0.014580102
4360,0.037636879,0.041187423,0.085133532,0.009646458,0.014580102
4370,0.03694473,0.04026193,0.083830967,0.009105923,0.014580102
4380,0.036252582,0.039336436,0.082528402,0.008565389,0.014580102
4390,0.035560434,0.038410943,0.081225837,0.008024855,0.014580102
4400,0.034868286,0.037485449,0.079923271,0.007484321,0.014580102
4410,0.034176137,0.036559955,0.078620706,0.006943786,0.014580102
4420,0.033483989,0.035634462,0.077318141,0.006403252,0.014580102
4430,0.032791841,0.034708968,0.076015576,0.005862718,0.014580102
4440,0.032099693,0.033783475,0.074713011,0.005322184,0.014580102
4450,0.031407544,0.032857981,0.073410445,0.004781649,0.014580102
4460,0.030807557,0.032301132,0.07210788,0.004241115,0.014580102
4470,0.030365737,0.031889801,0.070999004,0.003994042,0.014580102
4480,0.02994532,0.031478469,0.069925344,0.003797366,0.014580102
4490,0.029524903,0.031067137,0.068851685,0.00360069,0.014580102
4500,0.029104486,0.030655806,0.067778025,0.003404013,0.014580102
4510,0.02868407,0.030244474,0.066704365,0.003207337,0.014580102
4520,0.028263653,0.029833143,0.065630705,0.003010661,0.014580102
4530,0.027843236,0.029421811,0.064557045,0.002813984,0.014580102
4540,0.027422819,0.02901048,0.063483386,0.002617308,0.014580102
4550,0.027002402,0.028599148,0.062409726,0.002420632,0.014580102
4560,0.026581985,0.028187816,0.061336066,0.002223955,0.014580102
4570,0.026161568,0.027776485,0.060262406,0.002027279,0.014580102
4580,0.025741151,0.027365153,0.059188746,0.001830603,0.014580102
4590,0.025320734,0.026953822,0.058115087,0.001633926,0.014580102
4600,0.024900317,0.02654249,0.057041427,0.00143725,0.014580102
4610,0.0244799,0.026131159,0.055967767,0.001240574,0.014580102
4620,0.024059483,0.025719827,0.054894107,0.001043897,0.014580102
4630,0.023639066,0.025308496,0.053820447,0.000847221,0.014580102
4640,0.02321865,0.024897164,0.052746788,0.000650545,0.014580102
4650,0.022798233,0.024485832,0.051673128,0.000453868,0.014580102
4660,0.022377816,0.024074501,0.050599468,0.000257192,0.014580102
4670,0.021957399,0.023663169,0.049525808,6.05E-05,0.014580102
4680,0.021663243,0.023299815,0.048773057,0,0.014580102
4690,0.021566803,0.023524177,0.048162932,0,0.014580102
4700,0.021470362,0.023748539,0.047552808,0,0.014580102
4710,0.021373921,0.023972901,0.046942683,0,0.014580102
4720,0.021277481,0.024197263,0.046332558,0,0.014580102
4730,0.02118104,0.024421625,0.045722434,0,0.014580102
4740,0.021084599,0.024645987,0.045112309,0,0.014580102
4750,0.020988159,0.024870349,0.044502184,0,0.014580102
4760,0.020891718,0.025094711,0.043892059,0,0.014580102
4770,0.020795277,0.025319073,0.043281935,0,0.014580102
4780,0.020698837,0.025543435,0.04267181,0,0.014580102
4790,0.020602396,0.025767797,0.042061685,0,0.014580102
4800,0.020505956,0.025992159,0.041451561,0,0.014580102
4810,0.020409515,0.026216522,0.040841436,0,0.014580102
4820,0.020313074,0.026440884,0.040231311,0,0.014580102
4830,0.020216634,0.026665246,0.039621187,0,0.014580102
4840,0.020120193,0.026889608,0.039011062,0,0.014580102
4850,0.020023752,0.02711397,0.038400937,0,0.014580102
4860,0.019927312,0.027338332,0.037790812,0,0.014580102
4870,0.019830871,0.027562694,0.037180688,0,0.014580102
4880,0.01973443,0.027787056,0.036570563,0,0.014580102
4890,0.019598009,0.027851496,0.035960438,0,0.014580102
4900,0.019376923,0.027577275,0.035350314,0,0.014580102
4910,0.019088045,0.027303055,0.034469023,0,0.014580102
4920,0.018756798,0.027028835,0.033418254,0,0.014580102
4930,0.01842555,0.026754614,0.032367485,0,0.014580102
4940,0.018094303,0.026480394,0.031316716,0,0.014580102
4950,0.017763056,0.026206174,0.030265946,0,0.014580102
4960,0.017431808,0.025931953,0.029215177,0,0.014580102
4970,0.017100561,0.025657733,0.028164408,0,0.014580102
4980,0.016769313,0.025383513,0.027113639,0,0.014580102
4990,0.016438066,0.025109292,0.02606287,0,0.014580102
5000,0.016106819,0.024835072,0.025012101,0,0.014580102
5010,0.015775571,0.024560852,0.023961332,0,0.014580102
5020,0.015444324,0.024286631,0.022910563,0,0.014580102
5030,0.015113077,0.024012411,0.021859793,0,0.014580102
5040,0.014781829,0.023738191,0.020809024,0,0.014580102
5050,0.014450582,0.02346397,0.019758255,0,0.014580102
5060,0.014107693,0.023143184,0.018707486,0,0.014580102
5070,0.013742168,0.022731854,0.017656717,0,0.014580102
5080,0.013454119,0.022320524,0.016915852,0,0.014580102
5090,0.013340392,0.021909193,0.016872273,0,0.014580102
5100,0.013226664,0.021497863,0.016828693,0,0.014580102
5110,0.013112937,0.021086532,0.016785113,0,0.014580102
5120,0.012999209,0.020675202,0.016741534,0,0.014580102
5130,0.012885482,0.020263871,0.016697954,0,0.014580102
5140,0.012771754,0.019852541,0.016654374,0,0.014580102
5150,0.012658027,0.01944121,0.016610795,0,0.014580102
5160,0.012544299,0.01902988,0.016567215,0,0.014580102
5170,0.012430572,0.018618549,0.016523636,0,0.014580102
5180,0.012316844,0.018207219,0.016480056,0,0.014580102
5190,0.012203117,0.017795888,0.016436476,0,0.014580102
5200,0.012089389,0.017384558,0.016392897,0,0.014580102
5210,0.011975662,0.016973227,0.016349317,0,0.014580102
5220,0.011861934,0.016561897,0.016305737,0,0.014580102
5230,0.011748207,0.016150566,0.016262158,0,0.014580102
5240,0.011634479,0.015739236,0.016218578,0,0.014580102
5250,0.011520751,0.015327905,0.016174998,0,0.014580102
5260,0.011407024,0.014916575,0.016131419,0,0.014580102
5270,0.011293296,0.014505245,0.016087839,0,0.014580102
5280,0.011179569,0.014093914,0.01604426,0,0.014580102
5290,0.011059734,0.013813108,0.015845728,0,0.014580102
5300,0.010740951,0.013588745,0.014794958,0,0.014580102
5310,0.010422168,0.013364381,0.013744188,0,0.014580102
5320,0.010103385,0.013140018,0.012693419,0,0.014580102
5330,0.009784601,0.012915655,0.011642649,0,0.014580102
5340,0.009465818,0.012691292,0.010591879,0,0.014580102
5350,0.009147035,0.012466928,0.00954111,0,0.014580102
5360,0.008828252,0.012242565,0.00849034,0,0.014580102
5370,0.008509469,0.012018202,0.00743957,0,0.014580102
5380,0.008190685,0.011793838,0.006388801,0,0.014580102
5390,0.007871902,0.011569475,0.005338031,0,0.014580102
5400,0.007553119,0.011345112,0.004287261,0,0.014580102
5410,0.007234336,0.011120749,0.003236492,0,0.014580102
5420,0.006915552,0.010896385,0.002185722,0,0.014580102
5430,0.006596769,0.010672022,0.001134952,0,0.014580102
5440,0.006277986,0.010447659,8.42E-05,0,0.014580102
5450,0.006200849,0.010223296,0,0,0.014580102
5460,0.006144759,0.009998932,0,0,0.014580102
5470,0.006088668,0.009774569,0,0,0.014580102
5480,0.006032577,0.009550206,0,0,0.014580102
5490,0.005976486,0.009325843,0,0,0.014580102
5500,0.005973311,0.009313143,0,0,0.014580102
5510,0.005973311,0.009313143,0,0,0.014580102
5520,0.005973311,0.009313143,0,0,0.014580102
5530,0.005973311,0.009313143,0,0,0.014580102
5540,0.005973311,0.009313143,0,0,0.014580102
5550,0.005973311,0.009313143,0,0,0.014580102
5560,0.005973311,0.009313143,0,0,0.014580102
5570,0.005973311,0.009313143,0,0,0.014580102
5580,0.005973311,0.009313143,0,0,0.014580102
5590,0.005973311,0.009313143,0,0,0.014580102
5600,5.97E-03,0.009313143,0,0,0.014580102
5610,0.005973311,0.009313143,0,0,0.014580102
5620,0.005973311,0.009313143,0,0,0.014580102
5630,0.005973311,0.009313143,0,0,0.014580102
5640,0.005973311,0.009313143,0,0,0.014580102
5650,0.005973311,0.009313143,0,0,0.014580102
5660,0.005973311,0.009313143,0,0,0.014580102
5670,0.005946324,0.009205195,0,0,0.014580102
5680,0.005918279,0.009093014,0,0,0.014580102
5690,0.005890234,0.008980833,0,0,0.014580102
5700,0.005862188,0.008868652,0,0,0.014580102
5710,0.005834143,0.008756471,0,0,0.014580102
5720,0.005806098,0.00864429,0,0,0.014580102
5730,0.005778053,0.008532109,0,0,0.014580102
5740,0.005750007,0.008419928,0,0,0.014580102
5750,0.005721962,0.008307747,0,0,0.014580102
5760,0.005693917,0.008195566,0,0,0.014580102
5770,0.005665872,0.008083385,0,0,0.014580102
5780,0.005637826,0.007971204,0,0,0.014580102
5790,0.005609781,0.007859023,0,0,0.014580102
5800,0.005581736,0.007746841,0,0,0.014580102
5810,0.005553691,0.00763466,0,0,0.014580102
5820,0.005525645,0.007522479,0,0,0.014580102
5830,0.0054976,0.007410298,0,0,0.014580102
5840,0.005469555,0.007298117,0,0,0.014580102
5850,0.00544151,0.007185936,0,0,0.014580102
5860,0.005413464,0.007073755,0,0,0.014580102
5870,0.005385419,0.006961574,0,0,0.014580102
5880,0.005357374,0.006849393,0,0,0.014580102
5890,0.005329329,0.006737212,0,0,0.014580102
5900,0.005301283,0.006625031,0,0,0.014580102
5910,0.005273238,0.00651285,0,0,0.014580102
5920,0.005245193,0.006400669,0,0,0.014580102
5930,0.005217147,0.006288488,0,0,0.014580102
5940,0.005189102,0.006176307,0,0,0.014580102
5950,0.005161057,0.006064126,0,0,0.014580102
5960,0.005133012,0.005951945,0,0,0.014580102
5970,0.005104966,0.005839764,0,0,0.014580102
5980,0.005076921,0.005727583,0,0,0.014580102
5990,0.005048876,0.005615402,0,0,0.014580102
6000,0.005020831,0.005503221,0,0,0.014580102
6010,0.004992785,0.00539104,0,0,0.014580102
6020,0.00496474,0.005278859,0,0,0.014580102
6030,0.004936695,0.005166678,0,0,0.014580102
6040,0.00490865,0.005054497,0,0,0.014580102
6050,0.004880604,0.004942316,0,0,0.014580102
6060,0.004852559,0.004830134,0,0,0.014580102
6070,0.004824514,0.004717953,0,0,0.014580102
6080,0.004776298,0.004525092,0,0,0.014580102
6090,0.004703711,0.004234741,0,0,0.014580102
6100,0.004631123,0.00394439,0,0,0.014580102
6110,0.004558535,0.003654039,0,0,0.014580102
6120,0.004485947,0.003363688,0,0,0.014580102
6130,0.00441336,0.003073337,0,0,0.014580102
6140,0.004340772,0.002782986,0,0,0.014580102
6150,0.004268184,0.002492635,0,0,0.014580102
6160,0.004195597,0.002202284,0,0,0.014580102
6170,0.004123009,0.001911933,0,0,0.014580102
6180,0.004050421,0.001621583,0,0,0.014580102
6190,0.003977833,0.001331232,0,0,0.014580102
6200,0.003905246,0.001040881,0,0,0.014580102
6210,0.003832658,0.00075053,0,0,0.014580102
6220,0.00376007,0.000460179,0,0,0.014580102
6230,0.003687482,0.000169828,0,0,0.014580102
6240,0.003645025,0,0,0,0.014580102
6250,0.003645025,0,0,0,0.014580102
6260,0.003645025,0,0,0,0.014580102
6270,0.003645025,0,0,0,0.014580102
6280,0.003645025,0,0,0,0.014580102
6290,0.003645025,0,0,0,0.014580102
6300,0.003645025,0,0,0,0.014580102
6310,0.003645025,0,0,0,0.014580102
6320,0.003645025,0,0,0,0.014580102
6330,0.003645025,0,0,0,0.014580102
6340,0.003645025,0,0,0,0.014580102
6350,0.003645025,0,0,0,0.014580102
6360,0.003645025,0,0,0,0.014580102
6370,0.003645025,0,0,0,0.014580102
6380,0.003645025,0,0,0,0.014580102
6390,0.003645025,0,0,0,0.014580102
6400,0.003645025,0,0,0,0.014580102
6410,0.003645025,0,0,0,0.014580102
6420,0.003645025,0,0,0,0.014580102
6430,0.003645025,0,0,0,0.014580102
6440,0.003645025,0,0,0,0.014580102
6450,0.003645025,0,0,0,0.014580102
6460,0.003645025,0,0,0,0.014580102
6470,0.003645025,0,0,0,0.014580102
6480,0.003645025,0,0,0,0.014580102
6490,0.003645025,0,0,0,0.014580102
6500,0.003645025,0,0,0,0.014580102
6510,0.003645025,0,0,0,0.014580102
6520,0.003645025,0,0,0,0.014580102
6530,0.003645025,0,0,0,0.014580102
6540,0.003645025,0,0,0,0.014580102
6550,0.003645025,0,0,0,0.014580102
6560,0.003645025,0,0,0,0.014580102
6570,0.003645025,0,0,0,0.014580102
6580,0.003645025,0,0,0,0.014580102
6590,0.003645025,0,0,0,0.014580102
6600,0.003645025,0,0,0,0.014580102
6610,0.003645025,0,0,0,0.014580102
6620,0.003645025,0,0,0,0.014580102
6630,0.003645025,0,0,0,0.014580102
6640,0.003645025,0,0,0,0.014580102
6650,0.003645025,0,0,0,0.014580102
6660,0.003645025,0,0,0,0.014580102
6670,0.003645025,0,0,0,0.014580102
6680,0.003645025,0,0,0,0.014580102
6690,0.003645025,0,0,0,0.014580102
6700,0.003645025,0,0,0,0.014580102
6710,0.003645025,0,0,0,0.014580102
6720,0.003645025,0,0,0,0.014580102
6730,0.003645025,0,0,0,0.014580102
6740,0.003645025,0,0,0,0.014580102
6750,0.003645025,0,0,0,0.014580102
6760,0.003645025,0,0,0,0.014580102
6770,0.003645025,0,0,0,0.014580102
6780,0.003645025,0,0,0,0.014580102
6790,0.003645025,0,0,0,0.014580102
6800,0.00376144,0.000465657,0,0,0.014580102
6810,0.003915689,0.001082653,0,0,0.014580102
6820,0.004069938,0.001699649,0,0,0.014580102
6830,0.004224187,0.002316644,0,0,0.014580102
6840,0.004378435,0.00293364,0,0,0.014580102
6850,0.004532684,0.003550636,0,0,0.014580102
6860,0.004686933,0.004167631,0,0,0.014580102
6870,0.004809168,0.004656571,0,0,0.014580102
6880,0.004809168,0.004656571,0,0,0.014580102
6890,0.004809168,0.004656571,0,0,0.014580102
6900,0.004809168,0.004656571,0,0,0.014580102
6910,0.004809168,0.004656571,0,0,0.014580102
6920,0.004809168,0.004656571,0,0,0.014580102
6930,0.004809168,0.004656571,0,0,0.014580102
6940,0.004809168,0.004656571,0,0,0.014580102
6950,0.004809168,0.004656571,0,0,0.014580102
6960,0.004809168,0.004656571,0,0,0.014580102
6970,0.004809168,0.004656571,0,0,0.014580102
6980,0.004809168,0.004656571,0,0,0.014580102
6990,0.004809168,0.004656571,0,0,0.014580102
7000,0.004809168,0.004656571,0,0,0.014580102
7010,0.004809168,0.004656571,0,0,0.014580102
7020,0.004809168,0.004656571,0,0,0.014580102
7030,0.004809168,0.004656571,0,0,0.014580102
7040,0.004809168,0.004656571,0,0,0.014580102
7050,0.004809168,0.004656571,0,0,0.014580102
7060,0.004809168,0.004656571,0,0,0.014580102
7070,0.004809168,0.004656571,0,0,0.014580102
7080,0.004809168,0.004656571,0,0,0.014580102
7090,0.004809168,0.004656571,0,0,0.014580102
7100,0.004809168,0.004656571,0,0,0.014580102
7110,0.004809168,0.004656571,0,0,0.014580102
7120,0.004809168,0.004656571,0,0,0.014580102
7130,0.004809168,0.004656571,0,0,0.014580102
7140,0.004809168,0.004656571,0,0,0.014580102
7150,0.004809168,0.004656571,0,0,0.014580102
7160,0.004809168,0.004656571,0,0,0.014580102
7170,0.004809168,0.004656571,0,0,0.014580102
7180,0.004809168,0.004656571,0,0,0.014580102
7190,0.004809168,0.004656571,0,0,0.014580102
7200,0.004809168,0.004656571,0,0,0.014580102
7210,0.004809168,0.004656571,0,0,0.014580102
7220,0.004809168,0.004656571,0,0,0.014580102
7230,0.004809168,0.004656571,0,0,0.014580102
7240,0.004809168,0.004656571,0,0,0.014580102
7250,0.004809168,0.004656571,0,0,0.014580102
7260,0.004809168,0.004656571,0,0,0.014580102
7270,0.004809168,0.004656571,0,0,0.014580102
7280,0.004809168,0.004656571,0,0,0.014580102
7290,0.004809168,0.004656571,0,0,0.014580102
7300,0.004809168,0.004656571,0,0,0.014580102
7310,0.004809168,0.004656571,0,0,0.014580102
7320,0.004809168,0.004656571,0,0,0.014580102
7330,0.004809168,0.004656571,0,0,0.014580102
7340,0.004809168,0.004656571,0,0,0.014580102
7350,0.004809168,0.004656571,0,0,0.014580102
7360,0.004809168,0.004656571,0,0,0.014580102
7370,0.004809168,0.004656571,0,0,0.014580102
7380,0.004809168,0.004656571,0,0,0.014580102
7390,0.004809168,0.004656571,0,0,0.014580102
7400,0.004809168,0.004656571,0,0,0.014580102
7410,0.004809168,0.004656571,0,0,0.014580102
7420,0.004809168,0.004656571,0,0,0.014580102
7430,0.004809168,0.004656571,0,0,0.014580102
7440,0.004809168,0.004656571,0,0,0.014580102
7450,0.004809168,0.004656571,0,0,0.014580102
7460,0.004809168,0.004656571,0,0,0.014580102
7470,0.004809168,0.004656571,0,0,0.014580102
7480,0.004809168,0.004656571,0,0,0.014580102
7490,0.004809168,0.004656571,0,0,0.014580102
7500,0.004809168,0.004656571,0,0,0.014580102
7510,0.004809168,0.004656571,0,0,0.014580102
7520,0.004809168,0.004656571,0,0,0.014580102
7530,0.004809168,0.004656571,0,0,0.014580102
7540,0.004809168,0.004656571,0,0,0.014580102
7550,0.004809168,0.004656571,0,0,0.014580102
7560,0.004809168,0.004656571,0,0,0.014580102
7570,0.004809168,0.004656571,0,0,0.014580102
7580,0.004809168,0.004656571,0,0,0.014580102
7590,0.004809168,0.004656571,0,0,0.014580102
7600,0.004809168,0.004656571,0,0,0.014580102
7610,0.004809168,0.004656571,0,0,0.014580102
7620,0.004809168,0.004656571,0,0,0.014580102
7630,0.004809168,0.004656571,0,0,0.014580102
7640,0.004809168,0.004656571,0,0,0.014580102
7650,0.004809168,0.004656571,0,0,0.014580102
7660,0.004809168,0.004656571,0,0,0.014580102
7670,0.004809168,0.004656571,0,0,0.014580102
7680,0.004809168,0.004656571,0,0,0.014580102
7690,0.004809168,0.004656571,0,0,0.014580102
7700,0.004809168,0.004656571,0,0,0.014580102
7710,0.004809168,0.004656571,0,0,0.014580102
7720,0.004809168,0.004656571,0,0,0.014580102
7730,0.004809168,0.004656571,0,0,0.014580102
7740,0.004809168,0.004656571,0,0,0.014580102
7750,0.004809168,0.004656571,0,0,0.014580102
7760,0.004809168,0.004656571,0,0,0.014580102
7770,0.004809168,0.004656571,0,0,0.014580102
7780,0.004809168,0.004656571,0,0,0.014580102
7790,0.004809168,0.004656571,0,0,0.014580102
7800,0.004809168,0.004656571,0,0,0.014580102
7810,0.004809168,0.004656571,0,0,0.014580102
7820,0.004809168,0.004656571,0,0,0.014580102
7830,0.004809168,0.004656571,0,0,0.014580102
7840,0.004809168,0.004656571,0,0,0.014580102
7850,0.004809168,0.004656571,0,0,0.014580102
7860,0.004809168,0.004656571,0,0,0.014580102
7870,0.004809168,0.004656571,0,0,0.014580102
7880,0.004809168,0.004656571,0,0,0.014580102
7890,0.004809168,0.004656571,0,0,0.014580102
7900,0.004809168,0.004656571,0,0,0.014580102
7910,0.004809168,0.004656571,0,0,0.014580102
7920,0.004809168,0.004656571,0,0,0.014580102
7930,0.004809168,0.004656571,0,0,0.014580102
7940,0.004809168,0.004656571,0,0,0.014580102
7950,0.004809168,0.004656571,0,0,0.014580102
7960,0.004809168,0.004656571,0,0,0.014580102
7970,0.004809168,0.004656571,0,0,0.014580102
7980,0.004809168,0.004656571,0,0,0.014580102
7990,0.004809168,0.004656571,0,0,0.014580102
8000,0.004809168,0.004656571,0,0,0.014580102
8010,0.004809168,0.004656571,0,0,0.014580102
8020,0.004809168,0.004656571,0,0,0.014580102
8030,0.004809168,0.004656571,0,0,0.014580102
8040,0.004809168,0.004656571,0,0,0.014580102
8050,0.004809168,0.004656571,0,0,0.014580102
8060,0.004809168,0.004656571,0,0,0.014580102
8070,0.004809168,0.004656571,0,0,0.014580102
8080,0.004809168,0.004656571,0,0,0.014580102
8090,0.004809168,0.004656571,0,0,0.014580102
8100,0.004809168,0.004656571,0,0,0.014580102
8110,0.004809168,0.004656571,0,0,0.014580102
8120,0.004809168,0.004656571,0,0,0.014580102
8130,0.004809168,0.004656571,0,0,0.014580102
8140,0.004809168,0.004656571,0,0,0.014580102
8150,0.004809168,0.004656571,0,0,0.014580102
8160,0.004809168,0.004656571,0,0,0.014580102
8170,0.004809168,0.004656571,0,0,0.014580102
8180,0.004809168,0.004656571,0,0,0.014580102
8190,0.004809168,0.004656571,0,0,0.014580102
8200,0.004809168,0.004656571,0,0,0.014580102
8210,0.004809168,0.004656571,0,0,0.014580102
8220,0.004809168,0.004656571,0,0,0.014580102
8230,0.004809168,0.004656571,0,0,0.014580102
8240,0.004809168,0.004656571,0,0,0.014580102
8250,0.004809168,0.004656571,0,0,0.014580102
8260,0.004809168,0.004656571,0,0,0.014580102
8270,0.004809168,0.004656571,0,0,0.014580102
8280,0.004809168,0.004656571,0,0,0.014580102
8290,0.004809168,0.004656571,0,0,0.014580102
8300,0.004809168,0.004656571,0,0,0.014580102
8310,0.004809168,0.004656571,0,0,0.014580102
8320,0.004809168,0.004656571,0,0,0.014580102
8330,0.004809168,0.004656571,0,0,0.014580102
8340,0.004809168,0.004656571,0,0,0.014580102
8350,0.004809168,0.004656571,0,0,0.014580102
8360,0.004809168,0.004656571,0,0,0.014580102
8370,0.004809168,0.004656571,0,0,0.014580102
8380,0.004809168,0.004656571,0,0,0.014580102
8390,0.004809168,0.004656571,0,0,0.014580102
8400,0.004809168,0.004656571,0,0,0.014580102
8410,0.004809168,0.004656571,0,0,0.014580102
8420,0.004809168,0.004656571,0,0,0.014580102
8430,0.004809168,0.004656571,0,0,0.014580102
8440,0.004809168,0.004656571,0,0,0.014580102
8450,0.004809168,0.004656571,0,0,0.014580102
8460,0.004809168,0.004656571,0,0,0.014580102
8470,0.004809168,0.004656571,0,0,0.014580102
8480,0.004809168,0.004656571,0,0,0.014580102
8490,0.004809168,0.004656571,0,0,0.014580102
8500,0.004809168,0.004656571,0,0,0.014580102
8510,0.004809168,0.004656571,0,0,0.014580102
8520,0.004809168,0.004656571,0,0,0.014580102
8530,0.004809168,0.004656571,0,0,0.014580102
8540,0.004809168,0.004656571,0,0,0.014580102
8550,0.004809168,0.004656571,0,0,0.014580102
8560,0.004809168,0.004656571,0,0,0.014580102
8570,0.004809168,0.004656571,0,0,0.014580102
8580,0.004809168,0.004656571,0,0,0.014580102
8590,0.004809168,0.004656571,0,0,0.014580102
8600,0.004809168,0.004656571,0,0,0.014580102
8610,0.004809168,0.004656571,0,0,0.014580102
8620,0.004809168,0.004656571,0,0,0.014580102
8630,0.004809168,0.004656571,0,0,0.014580102
8640,0.004809168,0.004656571,0,0,0.014580102
8650,0.004809168,0.004656571,0,0,0.014580102
8660,0.004809168,0.004656571,0,0,0.014580102
8670,0.004809168,0.004656571,0,0,0.014580102
8680,0.004809168,0.004656571,0,0,0.014580102
8690,0.004809168,0.004656571,0,0,0.014580102
8700,0.004809168,0.004656571,0,0,0.014580102
8710,0.004809168,0.004656571,0,0,0.014580102
8720,0.004809168,0.004656571,0,0,0.014580102
8730,0.004809168,0.004656571,0,0,0.014580102
8740,0.004809168,0.004656571,0,0,0.014580102
8750,0.004809168,0.004656571,0,0,0.014580102
8760,0.004809168,0.004656571,0,0,0.014580102
8770,0.004809168,0.004656571,0,0,0.014580102
8780,0.004809168,0.004656571,0,0,0.014580102
8790,0.004809168,0.004656571,0,0,0.014580102
8800,0.004809168,0.004656571,0,0,0.014580102
8810,0.004809168,0.004656571,0,0,0.014580102
8820,0.004809168,0.004656571,0,0,0.014580102
8830,0.004809168,0.004656571,0,0,0.014580102
8840,0.004809168,0.004656571,0,0,0.014580102
8850,0.004809168,0.004656571,0,0,0.014580102
8860,0.004809168,0.004656571,0,0,0.014580102
8870,0.004809168,0.004656571,0,0,0.014580102
8880,0.004809168,0.004656571,0,0,0.014580102
8890,0.004809168,0.004656571,0,0,0.014580102
8900,0.004809168,0.004656571,0,0,0.014580102
8910,0.004809168,0.004656571,0,0,0.014580102
8920,0.004809168,0.004656571,0,0,0.014580102
8930,0.004809168,0.004656571,0,0,0.014580102
8940,0.004809168,0.004656571,0,0,0.014580102
8950,0.004809168,0.004656571,0,0,0.014580102
8960,0.004809168,0.004656571,0,0,0.014580102
8970,0.004809168,0.004656571,0,0,0.014580102
8980,0.004809168,0.004656571,0,0,0.014580102
8990,0.004809168,0.004656571,0,0,0.014580102
9000,0.004809168,0.004656571,0,0,0.014580102
9010,0.004809168,0.004656571,0,0,0.014580102
9020,0.004809168,0.004656571,0,0,0.014580102
9030,0.004809168,0.004656571,0,0,0.014580102
9040,0.004809168,0.004656571,0,0,0.014580102
9050,0.004809168,0.004656571,0,0,0.014580102
9060,0.004809168,0.004656571,0,0,0.014580102
9070,0.004809168,0.004656571,0,0,0.014580102
9080,0.004809168,0.004656571,0,0,0.014580102
9090,0.004809168,0.004656571,0,0,0.014580102
9100,0.004809168,0.004656571,0,0,0.014580102
9110,0.004809168,0.004656571,0,0,0.014580102
9120,0.004809168,0.004656571,0,0,0.014580102
9130,0.004809168,0.004656571,0,0,0.014580102
9140,0.004809168,0.004656571,0,0,0.014580102
9150,0.004809168,0.004656571,0,0,0.014580102
9160,0.004809168,0.004656571,0,0,0.014580102
9170,0.004809168,0.004656571,0,0,0.014580102
9180,0.004809168,0.004656571,0,0,0.014580102
9190,0.004809168,0.004656571,0,0,0.014580102
9200,0.004809168,0.004656571,0,0,0.014580102
9210,0.004809168,0.004656571,0,0,0.014580102
9220,0.004809168,0.004656571,0,0,0.014580102
9230,0.004809168,0.004656571,0,0,0.014580102
9240,0.004809168,0.004656571,0,0,0.014580102
9250,0.004809168,0.004656571,0,0,0.014580102
9260,0.004809168,0.004656571,0,0,0.014580102
9270,0.004809168,0.004656571,0,0,0.014580102
9280,0.004809168,0.004656571,0,0,0.014580102
9290,0.004809168,0.004656571,0,0,0.014580102
9300,0.004809168,0.004656571,0,0,0.014580102
9310,0.004809168,0.004656571,0,0,0.014580102
9320,0.004809168,0.004656571,0,0,0.014580102
9330,0.004809168,0.004656571,0,0,0.014580102
9340,0.004809168,0.004656571,0,0,0.014580102
9350,0.004809168,0.004656571,0,0,0.014580102
9360,0.004809168,0.004656571,0,0,0.014580102
9370,0.004809168,0.004656571,0,0,0.014580102
9380,0.004809168,0.004656571,0,0,0.014580102
9390,0.004809168,0.004656571,0,0,0.014580102
9400,0.004809168,0.004656571,0,0,0.014580102
9410,0.004809168,0.004656571,0,0,0.014580102
9420,0.004809168,0.004656571,0,0,0.014580102
9430,0.004809168,0.004656571,0,0,0.014580102
9440,0.004809168,0.004656571,0,0,0.014580102
9450,0.004809168,0.004656571,0,0,0.014580102
9460,0.004809168,0.004656571,0,0,0.014580102
9470,0.004809168,0.004656571,0,0,0.014580102
9480,0.004809168,0.004656571,0,0,0.014580102
9490,0.004809168,0.004656571,0,0,0.014580102
9500,0.004809168,0.004656571,0,0,0.014580102
9510,0.004809168,0.004656571,0,0,0.014580102
9520,0.004809168,0.004656571,0,0,0.014580102
9530,0.004809168,0.004656571,0,0,0.014580102
9540,0.004809168,0.004656571,0,0,0.014580102
9550,0.004809168,0.004656571,0,0,0.014580102
9560,0.004809168,0.004656571,0,0,0.014580102
9570,0.004809168,0.004656571,0,0,0.014580102
9580,0.004809168,0.004656571,0,0,0.014580102
9590,0.004809168,0.004656571,0,0,0.014580102
9600,0.004809168,0.004656571,0,0,0.014580102
9610,0.004809168,0.004656571,0,0,0.014580102
9620,0.004809168,0.004656571,0,0,0.014580102
9630,0.004809168,0.004656571,0,0,0.014580102
9640,0.004809168,0.004656571,0,0,0.014580102
9650,0.004809168,0.004656571,0,0,0.014580102
9660,0.004809168,0.004656571,0,0,0.014580102
9670,0.004809168,0.004656571,0,0,0.014580102
9680,0.004809168,0.004656571,0,0,0.014580102
9690,0.004809168,0.004656571,0,0,0.014580102
9700,0.004809168,0.004656571,0,0,0.014580102
9710,0.004809168,0.004656571,0,0,0.014580102
9720,0.004809168,0.004656571,0,0,0.014580102
9730,0.004809168,0.004656571,0,0,0.014580102
9740,0.004809168,0.004656571,0,0,0.014580102
9750,0.004809168,0.004656571,0,0,0.014580102
9760,0.004809168,0.004656571,0,0,0.014580102
9770,0.004809168,0.004656571,0,0,0.014580102
9780,0.004809168,0.004656571,0,0,0.014580102
9790,0.004809168,0.004656571,0,0,0.014580102
9800,0.004809168,0.004656571,0,0,0.014580102
9810,0.004809168,0.004656571,0,0,0.014580102
9820,0.004809168,0.004656571,0,0,0.014580102
9830,0.004809168,0.004656571,0,0,0.014580102
9840,0.004809168,0.004656571,0,0,0.014580102
9850,0.004809168,0.004656571,0,0,0.014580102
9860,0.004809168,0.004656571,0,0,0.014580102
9870,0.004809168,0.004656571,0,0,0.014580102
9880,0.004809168,0.004656571,0,0,0.014580102
9890,0.004809168,0.004656571,0,0,0.014580102
9900,0.004809168,0.004656571,0,0,0.014580102
9910,0.004809168,0.004656571,0,0,0.014580102
9920,0.004809168,0.004656571,0,0,0.014580102
9930,0.004809168,0.004656571,0,0,0.014580102
9940,0.004809168,0.004656571,0,0,0.014580102
9950,0.004809168,0.004656571,0,0,0.014580102
9960,0.004809168,0.004656571,0,0,0.014580102
9970,0.004809168,0.004656571,0,0,0.014580102
9980,0.004809168,0.004656571,0,0,0.014580102
9990,0.004809168,0.004656571,0,0,0.014580102
10000,0.004809168,0.004656571,0,0,0.014580102
