Time,index,ghi,Sun_Zen,Sun_Azi,ghi_clear,T_a,rh,C01,C02,C03,C04,C05,C06,Sat_Azi,Sat_Zen,Sun_Azi_sat,Sun_Gli,ele,Abdo_C01_p0,Abdo_C01_p1,Abdo_C01_p2,Abdo_C02_p0,Abdo_C02_p1,Abdo_C02_p2,Abdo_C03_p0,Abdo_C03_p1,Abdo_C03_p2,Abdo_C05_p0,Abdo_C05_p1,Abdo_C05_p2,Abdo_C06_p0,Abdo_C06_p1,Abdo_C06_p2,BSA_C01,WSA_C01,BSA_C02,WSA_C02,BSA_C03,WSA_C03,BSA_C05,WSA_C05,BSA_C06,WSA_C06,site
2021-04-14 04:00:00,174,879.9,30.713313114098973,172.75346520557946,879.0557718758753,291.91999999999996,16.07,0.1513,0.145,0.2023,0.0283,0.1898,0.1403,197.72,47.8,173.46,76.54,1.32,0.097,0.034,0.021,0.15,0.076,0.036,0.267,0.117,0.066,0.23,0.008,0.054,0.184,0.025,0.047,0.069808483185649,0.074502194,0.1037297443987782,0.114783592,0.1817377850489291,0.198211476,0.1585375219872978,0.157121884,0.1221512132585088,0.123981366,BJC
2021-04-17 06:00:00,184,730.1,37.61324870599389,225.81930543207403,796.229874369915,290.73999999999995,12.15,0.1488,0.142,0.1998,0.032,0.1858,0.14,197.72,47.8,226.28,82.44,1.32,0.097,0.034,0.021,0.15,0.076,0.036,0.267,0.117,0.066,0.231,0.008,0.054,0.184,0.025,0.047,0.0704213762632081,0.074502194,0.1053020670958193,0.114783592,0.1839627064705077,0.198211476,0.1587745266252036,0.158121884,0.1220182779071992,0.123981366,BJC
2021-04-08 06:00:00,164,700.6,40.06327188737915,222.25440288782005,777.305646254212,290.25,26.71,0.162,0.148,0.182,0.0293,0.19,0.138,197.72,47.8,222.72,85.5,1.32,0.096,0.004,0.019,0.158,0.075,0.044,0.277,0.106,0.081,0.23,0.008,0.054,0.194,0.08,0.058,0.0705650066438976,0.070581918,0.103231171423713,0.111573432,0.1741592506650238,0.185466122,0.1574992791016941,0.157121884,0.1206186583732406,0.129232644,BJC
2021-04-08 07:00:00,165,538.9,48.97762999128711,239.35138671826977,649.8792016659187,291.62,26.42,0.1498,0.1263,0.1498,0.0278,0.153,0.1068,197.72,47.8,239.68,88.76,1.32,0.096,0.004,0.019,0.158,0.075,0.044,0.277,0.106,0.081,0.23,0.008,0.054,0.194,0.08,0.058,0.0703049784723567,0.070581918,0.107217985970482,0.111573432,0.1792599847194635,0.185466122,0.1565251075169449,0.157121884,0.1245571641809743,0.129232644,BJC
2021-04-15 04:00:00,180,719.7,30.350679932024622,172.80193589815963,881.3313301506802,290.09999999999997,49.81,0.187,0.1743,0.2143,0.0318,0.1935,0.1443,197.72,47.8,173.52,76.2,1.32,0.097,0.034,0.021,0.15,0.076,0.036,0.267,0.117,0.066,0.23,0.008,0.054,0.184,0.025,0.047,0.0697871972983566,0.074502194,0.1036723580459696,0.114783592,0.1816589217518017,0.198211476,0.1585764829834714,0.157121884,0.1221638467685037,0.123981366,BJC
2021-04-06 04:00:00,151,689.4,33.705393344343626,172.32738374524433,858.3328330754301,290.16999999999996,32.96,0.1713,0.157,0.1903,0.035,0.1815,0.1377,197.72,47.8,172.98,79.3,1.32,0.094,0.004,0.018,0.159,0.076,0.044,0.271,0.103,0.079,0.224,0.008,0.053,0.201,0.083,0.061,0.0701108809372661,0.06995954,0.102622709097444,0.112762616,0.1687575027949033,0.181653814,0.1535446762640639,0.152499506,0.122158970817177,0.13266733,BJC
2021-04-30 07:00:00,224,683.5,44.36963560563232,247.73092713200265,691.6356673040168,284.40999999999997,54.57,0.1398,0.1113,0.1723,0.0308,0.1518,0.0973,197.72,47.8,248.04,81.62,1.32,0.09,0.031,0.019,0.132,0.067,0.032,0.313,0.137,0.078,0.236,0.008,0.056,0.171,0.023,0.043,0.0669345729938257,0.0696898859999999,0.094523932653814,0.1005914239999999,0.2192129466254692,0.231463692,0.160289529760759,0.1603666399999999,0.1144278128609921,0.116113486,BJC
2021-04-30 08:00:00,225,526.8,55.39643718461789,260.1070129135062,523.2656895902328,285.42999999999995,51.71,0.114,0.082,0.1133,0.0288,0.1145,0.0715,197.72,47.8,260.36,84.4,1.32,0.09,0.031,0.019,0.132,0.067,0.032,0.313,0.137,0.078,0.236,0.008,0.056,0.171,0.023,0.043,0.069677421337768,0.0696898859999999,0.1007905693130309,0.1005914239999999,0.2315574522751295,0.231463692,0.15908897937721,0.1603666399999999,0.1153833404449704,0.116113486,BJC
2021-04-19 05:00:00,197,710.2,30.51526528764709,202.74580183076665,874.5219639698859,296.62,29.63,0.1618,0.1543,0.2158,0.0303,0.2028,0.1488,197.72,47.8,203.4,78.34,1.32,0.097,0.034,0.021,0.15,0.076,0.036,0.267,0.117,0.066,0.231,0.008,0.054,0.184,0.025,0.047,0.0697967368755102,0.074502194,0.1036981216337789,0.114783592,0.1816942912793149,0.198211476,0.1595588199779672,0.158121884,0.1221580548879531,0.123981366,BJC
2021-04-18 06:00:00,191,713.6,37.35467269658244,226.21686282800076,798.2069595495457,295.17999999999995,17.61,0.1493,0.1395,0.198,0.029,0.1855,0.1365,197.72,47.8,226.68,82.12,1.32,0.097,0.034,0.021,0.15,0.076,0.036,0.267,0.117,0.066,0.231,0.008,0.054,0.184,0.025,0.047,0.0703905590923175,0.074502194,0.1052250892462263,0.114783592,0.1838520255905094,0.198211476,0.1588035608429521,0.158121884,0.1220189600362139,0.123981366,BJC
2021-04-07 06:00:00,159,633.0,40.3483726027136,221.8631695448896,774.9671861327387,292.25,29.15,0.1633,0.15,0.18,0.028,0.1853,0.1385,197.72,47.8,222.32,85.84,1.32,0.096,0.004,0.019,0.158,0.075,0.044,0.276,0.106,0.081,0.23,0.008,0.054,0.194,0.08,0.058,0.0705558436871076,0.070581918,0.1033259948700897,0.111573432,0.173277203180913,0.184466122,0.157467290859278,0.157121884,0.1207103536052641,0.129232644,BJC
2021-04-07 07:00:00,160,501.7,49.212564303973394,238.95489107689036,647.5881132052715,293.02,29.05,0.1543,0.132,0.1483,0.0273,0.1535,0.107,197.72,47.8,239.3,89.12,1.32,0.096,0.004,0.019,0.158,0.075,0.044,0.276,0.106,0.081,0.23,0.008,0.054,0.194,0.08,0.058,0.0702990704460655,0.070581918,0.1073541358990133,0.111573432,0.1784375324809696,0.184466122,0.1565006387606193,0.157121884,0.1246936393179852,0.129232644,BJC
2021-04-14 08:00:00,178,413.1,58.26883971249998,254.64433720240737,491.1889305193178,294.81,13.95,0.114,0.091,0.101,0.0278,0.1148,0.077,197.72,47.8,254.9,89.54,1.32,0.097,0.034,0.021,0.15,0.076,0.036,0.267,0.117,0.066,0.23,0.008,0.054,0.184,0.025,0.047,0.0755750203968523,0.074502194,0.1175677875342678,0.114783592,0.2021243417845923,0.198211476,0.1556430328688972,0.157121884,0.1236565012798926,0.123981366,BJC
2021-04-19 04:00:00,196,808.7,28.92984202544264,172.97941498954935,890.5094091424144,295.02,32.93,0.1558,0.148,0.2068,0.0295,0.1935,0.1388,197.72,47.8,173.72,74.88,1.32,0.097,0.034,0.021,0.15,0.076,0.036,0.267,0.117,0.066,0.231,0.008,0.054,0.184,0.025,0.047,0.0697129826102663,0.074502194,0.1034688944398204,0.114783592,0.1813820229417632,0.198211476,0.1597274884816019,0.158121884,0.1222176500018934,0.123981366,BJC
2021-04-20 03:00:00,200,701.8,32.76028360222216,145.13481789593078,849.3311174815889,294.78,46.86,0.1548,0.1408,0.1848,0.0288,0.1718,0.115,197.72,47.8,145.74,71.34,1.32,0.097,0.034,0.021,0.15,0.076,0.036,0.267,0.117,0.066,0.231,0.008,0.054,0.184,0.025,0.047,0.069947655143496,0.074502194,0.1040977954710898,0.114783592,0.1822493149750349,0.198211476,0.159314863391944,0.158121884,0.1220892473197368,0.123981366,BJC
2021-04-20 02:00:00,199,564.1,40.95690987691542,124.61614729605247,749.67381505779,293.48999999999995,52.73,0.1658,0.1575,0.1875,0.0428,0.153,0.1123,197.72,47.8,125.04,68.60000000000001,1.32,0.097,0.034,0.021,0.15,0.076,0.036,0.267,0.117,0.066,0.231,0.008,0.054,0.184,0.025,0.047,0.0708823615201029,0.074502194,0.1064404262489529,0.114783592,0.1856108318634132,0.198211476,0.1583990875738147,0.158121884,0.1220459478940548,0.123981366,BJC
2021-04-26 07:00:00,214,578.2,45.126213654604264,246.2980077220352,685.3473919982872,294.28,44.34,0.1818,0.185,0.1915,0.029,0.1948,0.1245,197.72,47.8,246.62,82.82000000000001,1.32,0.093,0.033,0.02,0.142,0.072,0.034,0.298,0.131,0.074,0.24,0.008,0.057,0.181,0.025,0.046,0.0689033220102505,0.071690632,0.1026044554654243,0.1087820999999999,0.2097204292761147,0.220839076,0.1628341575071849,0.1629890179999999,0.1205554815265247,0.122358988,BJC
2021-05-02 03:00:00,226,895.0,29.128190292655063,142.4647191175241,872.3592992907519,289.34,24.32,0.1388,0.1215,0.1943,0.029,0.1665,0.1135,197.72,47.8,143.12,67.68,1.32,0.09,0.031,0.019,0.132,0.067,0.032,0.313,0.137,0.078,0.236,0.008,0.056,0.171,0.023,0.043,0.06532379647882,0.0696898859999999,0.0906544389192746,0.1005914239999999,0.2118388179189761,0.231463692,0.1620617837787327,0.1603666399999999,0.1144703422612062,0.116113486,BJC
2021-05-03 03:00:00,232,815.6,28.857319411670296,142.21479450158984,873.7991846085433,290.83,42.48,0.1548,0.1343,0.192,0.0295,0.1635,0.108,197.72,47.8,142.88,67.4,1.32,0.091,0.032,0.019,0.133,0.068,0.032,0.314,0.138,0.078,0.236,0.008,0.056,0.17,0.023,0.043,0.0663256457348951,0.0708790699999999,0.091636671001292,0.101780608,0.2127962461147375,0.232652876,0.1620916164486139,0.1603666399999999,0.1134801447676765,0.115113486,BJC
2021-05-10 01:00:00,264,502.8,46.73551169006916,104.28470004120015,647.2426215353256,291.73999999999995,39.34,0.172,0.174,0.228,0.0645,0.1583,0.129,197.72,47.8,104.6,60.52,1.32,0.091,0.032,0.02,0.133,0.068,0.032,0.314,0.138,0.078,0.236,0.008,0.056,0.17,0.023,0.043,0.0671309303113008,0.069501448,0.0966932400574275,0.101780608,0.2223907187249882,0.232652876,0.1600169544405323,0.1603666399999999,0.1135460346086983,0.115113486,BJC
2021-05-11 02:00:00,266,648.0,35.84774445859258,118.43809479129015,789.447744532895,290.29999999999995,63.04,0.1623,0.1503,0.1973,0.0453,0.151,0.1078,197.72,47.8,118.88,62.440000000000005,1.32,0.093,0.032,0.02,0.134,0.069,0.033,0.312,0.137,0.077,0.239,0.008,0.056,0.171,0.023,0.043,0.067483769044308,0.071501448,0.092545754058435,0.10159217,0.214314114824753,0.231841314,0.1642928948646385,0.1633666399999999,0.1143094176923013,0.116113486,BJC
2021-05-12 01:00:00,268,582.5,46.40545620662121,103.74340481040495,649.9750104947954,290.62,57.11,0.13,0.101,0.146,0.0313,0.1293,0.0773,197.72,47.8,104.06,60.02,1.32,0.093,0.032,0.02,0.134,0.069,0.033,0.312,0.137,0.077,0.239,0.008,0.056,0.171,0.023,0.043,0.0690614188073344,0.071501448,0.0962716931873336,0.10159217,0.2213445401701018,0.231841314,0.1630546432860352,0.1633666399999999,0.1145269807623358,0.116113486,BJC
2021-05-07 04:00:00,250,938.0,23.26732352836264,173.1896551855266,918.419818126132,294.92999999999995,19.18,0.146,0.14,0.2245,0.03,0.1865,0.129,197.72,47.8,174.08,69.56,1.32,0.091,0.032,0.019,0.133,0.068,0.032,0.313,0.137,0.078,0.236,0.008,0.056,0.17,0.023,0.043,0.0661610400930556,0.0708790699999999,0.0911845567138607,0.101780608,0.211036956917889,0.231463692,0.1626766470141861,0.1603666399999999,0.1137203618257105,0.115113486,BJC
2021-05-23 06:00:00,303,850.0,30.184967820851146,238.13125985002637,842.1843332407033,297.85999999999996,14.99,0.1568,0.1433,0.2175,0.0305,0.1715,0.1188,197.72,47.8,238.58,72.82000000000001,1.32,0.056,0.02,0.012,0.077,0.039,0.019,0.318,0.14,0.079,0.238,0.008,0.056,0.17,0.023,0.043,0.0404545676317898,0.0432522159999999,0.0525161917371033,0.058203358,0.2158067289397029,0.235653622,0.163944330556853,0.1623666399999999,0.1134341805562615,0.115113486,BJC
2021-05-05 06:00:00,242,782.8,33.40848553684747,232.71600432700168,824.0691835544172,298.63,16.96,0.1493,0.1375,0.2063,0.031,0.1793,0.122,197.72,47.8,233.18,77.0,1.32,0.091,0.032,0.019,0.133,0.068,0.032,0.313,0.137,0.078,0.236,0.008,0.056,0.17,0.023,0.043,0.0666065660943529,0.0708790699999999,0.0923291663104437,0.101780608,0.21302336418665,0.231463692,0.1615772015597538,0.1603666399999999,0.1133473113766329,0.115113486,BJC
2021-05-02 07:00:00,230,627.4,44.00436933188854,248.42316285174917,694.5536070358564,293.44,20.07,0.137,0.1153,0.1655,0.0273,0.1478,0.0958,197.72,47.8,248.74,81.04,1.32,0.09,0.031,0.019,0.132,0.067,0.032,0.313,0.137,0.078,0.236,0.008,0.056,0.171,0.023,0.043,0.0668697770281818,0.0696898859999999,0.0943733799727727,0.1005914239999999,0.2189196710060216,0.231463692,0.1603320520058786,0.1603666399999999,0.1144132500706256,0.116113486,BJC
2021-05-29 08:00:00,324,581.0,51.29806409111311,266.86548263237177,568.1878964250257,299.42999999999995,29.57,0.1048,0.0783,0.1248,0.0293,0.1135,0.064,197.72,47.8,267.08,77.7,1.32,0.085,0.03,0.018,0.128,0.065,0.031,0.313,0.137,0.078,0.232,0.008,0.055,0.165,0.022,0.042,0.0647006817302444,0.065878324,0.0951237274936613,0.097590678,0.2261302113674687,0.231463692,0.1568993104627884,0.157744262,0.1101337317875716,0.111301924,BJC
2021-05-06 08:00:00,246,423.7,54.42551905237013,261.9018351580716,533.2329357224372,296.65999999999997,10.91,0.1273,0.117,0.1563,0.0308,0.1348,0.1075,197.72,47.8,262.14,82.7,1.32,0.091,0.032,0.019,0.133,0.068,0.032,0.313,0.137,0.078,0.236,0.008,0.056,0.17,0.023,0.043,0.0705611856193114,0.0708790699999999,0.1012851113941861,0.101780608,0.2301746182423301,0.231463692,0.1591856292288399,0.1603666399999999,0.1142543079698236,0.115113486,BJC
2021-05-29 03:00:00,319,932.9,23.912075417840796,134.82929269883186,896.0175948986471,295.15999999999997,40.26,0.1325,0.114,0.1938,0.0283,0.1648,0.1018,197.72,47.8,135.54,61.58,1.32,0.085,0.03,0.018,0.128,0.065,0.031,0.313,0.137,0.078,0.232,0.008,0.055,0.165,0.022,0.042,0.0614775836285352,0.065878324,0.0875214489871466,0.097590678,0.2110864745777708,0.231463692,0.159923410656225,0.157744262,0.1099981639431064,0.111301924,BJC
2021-05-03 05:00:00,234,796.7,26.461134881376076,206.95533148644876,896.2247944335211,293.87,38.31,0.1725,0.1545,0.2178,0.0278,0.1915,0.1285,197.72,47.8,207.66,74.10000000000001,1.32,0.091,0.032,0.019,0.133,0.068,0.032,0.314,0.138,0.078,0.236,0.008,0.056,0.17,0.023,0.043,0.0662337348286338,0.0708790699999999,0.0913953704352211,0.101780608,0.2123782582188983,0.232652876,0.1623500693938242,0.1603666399999999,0.1135752200237996,0.115113486,BJC
2021-05-03 06:00:00,235,659.8,33.82841543037374,231.9966514165739,821.7266229004616,294.97999999999996,38.4,0.1748,0.155,0.203,0.0313,0.1758,0.1205,197.72,47.8,232.46,77.56,1.32,0.091,0.032,0.019,0.133,0.068,0.032,0.314,0.138,0.078,0.236,0.008,0.056,0.17,0.023,0.043,0.0666403774728101,0.0708790699999999,0.0924103428049195,0.101780608,0.2142028298107287,0.232652876,0.1615285768035582,0.1603666399999999,0.1133389328980938,0.115113486,BJC
2021-05-03 07:00:00,236,540.1,43.82495422439818,248.76256142639488,695.958174313373,296.08,38.5,0.166,0.1473,0.176,0.0288,0.1598,0.1098,197.72,47.8,249.08,80.76,1.32,0.091,0.032,0.019,0.133,0.068,0.032,0.314,0.138,0.078,0.236,0.008,0.056,0.17,0.023,0.043,0.0679270411953382,0.0708790699999999,0.095389178789964,0.101780608,0.2198666011529694,0.232652876,0.160352974292165,0.1603666399999999,0.1134064449687453,0.115113486,BJC
2021-05-30 08:00:00,332,523.7,51.187287562357554,267.0002891568969,569.5243234904875,299.62,33.55,0.1155,0.084,0.1155,0.027,0.1143,0.062,197.72,47.8,267.22,77.54,1.32,0.085,0.03,0.018,0.128,0.065,0.031,0.313,0.137,0.078,0.232,0.008,0.055,0.165,0.022,0.042,0.0646720945089758,0.065878324,0.0950587400983623,0.097590678,0.2259980626386699,0.231463692,0.1569108160134538,0.157744262,0.1101237421224893,0.111301924,BJC
2021-05-12 08:00:00,271,468.0,53.512611179840995,263.5122290902399,542.1355977889907,298.64,32.86,0.13,0.0923,0.1228,0.027,0.117,0.0695,197.72,47.8,263.74,81.14,1.32,0.093,0.032,0.02,0.134,0.069,0.033,0.312,0.137,0.077,0.239,0.008,0.056,0.171,0.023,0.043,0.0708771618834069,0.071501448,0.1004310957083025,0.10159217,0.2293262179850302,0.231841314,0.1622785018034422,0.1633666399999999,0.1151416350918439,0.116113486,BJC
2021-05-22 03:00:00,296,774.4,24.82227512110893,136.86442497557482,892.0964304502953,299.92999999999995,58.0,0.1633,0.1433,0.1948,0.0303,0.1653,0.0993,197.72,47.8,137.58,62.82,1.32,0.055,0.019,0.012,0.076,0.039,0.018,0.318,0.14,0.079,0.239,0.008,0.056,0.17,0.023,0.043,0.0393254865945911,0.042063032,0.0525314192479059,0.05858098,0.2148708097217526,0.235653622,0.165520466833278,0.1633666399999999,0.1136475536178693,0.115113486,BJC
2021-05-22 02:00:00,295,698.9,34.171000127057034,115.20464087332032,800.3934091106582,298.16999999999996,61.62,0.152,0.1263,0.1708,0.0308,0.1433,0.0825,197.72,47.8,115.64,59.98,1.32,0.055,0.019,0.012,0.076,0.039,0.018,0.318,0.14,0.079,0.239,0.008,0.056,0.17,0.023,0.043,0.0395938175314503,0.042063032,0.0532311974999752,0.05858098,0.2170596506955491,0.235653622,0.1644887982871635,0.1633666399999999,0.1133326483709138,0.115113486,BJC
2021-05-22 01:00:00,294,567.7,45.090147624453515,101.1967022523304,662.2293003737386,296.41999999999996,65.25,0.1388,0.1093,0.148,0.027,0.1185,0.0655,197.72,47.8,101.5,57.78,1.32,0.055,0.019,0.012,0.076,0.039,0.018,0.318,0.14,0.079,0.239,0.008,0.056,0.17,0.023,0.043,0.0404589462494649,0.042063032,0.0552213831998099,0.05858098,0.2237388606247286,0.235653622,0.1632059635832737,0.1633666399999999,0.1134593714442624,0.115113486,BJC
2021-05-05 08:00:00,244,480.6,54.583418933085376,261.61478141919076,531.6455520788091,300.37,14.56,0.122,0.099,0.1383,0.0313,0.124,0.0783,197.72,47.8,261.86,82.96000000000001,1.32,0.091,0.032,0.019,0.133,0.068,0.032,0.313,0.137,0.078,0.236,0.008,0.056,0.17,0.023,0.043,0.0706122953092331,0.0708790699999999,0.1013984010108651,0.101780608,0.2303953007188697,0.231463692,0.159169758509617,0.1603666399999999,0.1142746402514917,0.115113486,BJC
2021-05-22 05:00:00,298,818.7,22.16717008559239,211.5612343498534,913.2358883481966,302.84,49.36,0.1708,0.1485,0.2123,0.029,0.1813,0.1125,197.72,47.8,212.34,69.58,1.32,0.055,0.019,0.012,0.076,0.039,0.018,0.318,0.14,0.079,0.239,0.008,0.056,0.17,0.023,0.043,0.0393040841997489,0.042063032,0.0524520647707678,0.05858098,0.2146627843652903,0.235653622,0.165783595788766,0.1633666399999999,0.1137737405023609,0.115113486,BJC
2021-05-22 06:00:00,299,736.4,30.336592671948196,237.8929141618117,841.1696730053783,303.98999999999995,44.35,0.1688,0.1478,0.1988,0.0298,0.172,0.1043,197.72,47.8,238.34,73.0,1.32,0.055,0.019,0.012,0.076,0.039,0.018,0.318,0.14,0.079,0.239,0.008,0.056,0.17,0.023,0.043,0.0394415735750405,0.042063032,0.0528532690383872,0.05858098,0.2158449042338814,0.235653622,0.1649273465390781,0.1633666399999999,0.1134292767897515,0.115113486,BJC
2021-06-01 01:00:00,333,657.5,44.32658259444974,99.05964369524378,668.7462529687386,291.4,66.3,0.1158,0.0893,0.132,0.0283,0.11,0.0613,197.72,47.8,99.36,56.1,1.32,0.085,0.03,0.018,0.128,0.065,0.031,0.313,0.137,0.078,0.233,0.008,0.055,0.165,0.022,0.042,0.0631995695914799,0.065878324,0.0916863615209556,0.097590678,0.2191780305226184,0.231463692,0.1586596149178942,0.158744262,0.1096987590385219,0.111301924,BJC
2021-06-03 03:00:00,341,970.9,23.458448131667907,133.46508513237006,897.3085558295385,295.63,29.21,0.1375,0.1165,0.1925,0.029,0.1585,0.1038,197.72,47.8,134.18,60.88,1.32,0.085,0.03,0.018,0.128,0.065,0.031,0.313,0.137,0.078,0.233,0.008,0.055,0.165,0.023,0.042,0.061470607230618,0.065878324,0.0874989828440195,0.097590678,0.2110507566214378,0.231463692,0.1609676753882198,0.158744262,0.1100211470754835,0.111491108,BJC
2021-06-03 06:00:00,344,895.1,28.741627270295425,240.12790224910825,851.1336004875689,298.57,20.85,0.1425,0.1228,0.2023,0.0283,0.1698,0.108,197.72,47.8,240.58,71.08,1.32,0.085,0.03,0.018,0.128,0.065,0.031,0.313,0.137,0.078,0.233,0.008,0.055,0.165,0.023,0.042,0.0616150887050394,0.065878324,0.0879045204568423,0.097590678,0.2117591149242066,0.231463692,0.1604258013069229,0.158744262,0.109805873381566,0.111491108,BJC
2021-06-04 02:00:00,348,872.3,33.11810799952936,111.97883970660588,806.079691968679,298.53999999999996,24.43,0.1148,0.0935,0.162,0.0275,0.1393,0.086,197.72,47.8,112.4,57.9,1.32,0.085,0.03,0.018,0.128,0.065,0.031,0.312,0.137,0.078,0.233,0.008,0.055,0.165,0.023,0.042,0.061860190131815,0.065878324,0.0885229095241209,0.097590678,0.2119242628271792,0.230463692,0.1599431284384273,0.158744262,0.1096859251602694,0.111491108,BJC
2021-06-04 01:00:00,347,708.1,44.20144598696435,98.52485788378738,669.3413788713419,297.65,25.72,0.0978,0.0763,0.1208,0.029,0.1128,0.0675,197.72,47.8,98.82,55.72,1.32,0.085,0.03,0.018,0.128,0.065,0.031,0.312,0.137,0.078,0.233,0.008,0.055,0.165,0.023,0.042,0.0631778280354328,0.065878324,0.0916360738398201,0.097590678,0.2180770740707439,0.230463692,0.1586737777963159,0.158744262,0.1097856694957505,0.111491108,BJC
2021-06-03 08:00:00,345,585.1,50.768370188499865,267.4645246776721,574.514585279705,300.03999999999996,16.58,0.108,0.08,0.1218,0.0268,0.1155,0.0673,197.72,47.8,267.68,77.0,1.32,0.085,0.03,0.018,0.128,0.065,0.031,0.313,0.137,0.078,0.233,0.008,0.055,0.165,0.023,0.042,0.0645654460323242,0.065878324,0.0948161697934143,0.097590678,0.2255049978273876,0.231463692,0.1579545301694192,0.158744262,0.1102376041748724,0.111491108,BJC
2021-06-01 03:00:00,335,938.3,23.620336448665896,133.99765679508374,896.9344708926972,295.27,50.16,0.137,0.1143,0.1915,0.0273,0.1558,0.0973,197.72,47.8,134.72,61.14,1.32,0.085,0.03,0.018,0.128,0.065,0.031,0.313,0.137,0.078,0.233,0.008,0.055,0.165,0.022,0.042,0.0614729927280979,0.065878324,0.0875067614984156,0.097590678,0.2110630206834375,0.231463692,0.1609519332907,0.158744262,0.1100118632188064,0.111301924,BJC
2021-06-03 02:00:00,340,882.1,33.164460800577956,112.19165702060197,805.9924677738363,294.53999999999996,32.25,0.1198,0.0963,0.165,0.028,0.1373,0.0853,197.72,47.8,112.62,58.02,1.32,0.085,0.03,0.018,0.128,0.065,0.031,0.313,0.137,0.078,0.233,0.008,0.055,0.165,0.023,0.042,0.061863499866312,0.065878324,0.0885310540432555,0.097590678,0.2129398883309374,0.231463692,0.1599379027753217,0.158744262,0.1096850312906547,0.111491108,BJC
2021-06-02 07:00:00,339,749.0,39.51473780070873,256.02815881872505,731.8815014256055,297.31,52.2,0.1525,0.13,0.195,0.035,0.151,0.1003,197.72,47.8,256.32,74.38,1.32,0.085,0.03,0.018,0.128,0.065,0.031,0.313,0.137,0.078,0.233,0.008,0.055,0.165,0.023,0.042,0.0624815775443528,0.065878324,0.0900123963472114,0.097590678,0.2158370844114625,0.231463692,0.1592105816298392,0.158744262,0.1096577274884115,0.111491108,BJC
2021-06-01 02:00:00,334,833.4,33.27404496983836,112.63763910702352,805.6524916951396,293.34,58.23,0.1245,0.1013,0.1645,0.0285,0.13,0.0788,197.72,47.8,113.06,58.28,1.32,0.085,0.03,0.018,0.128,0.065,0.031,0.313,0.137,0.078,0.233,0.008,0.055,0.165,0.022,0.042,0.0618713881231543,0.065878324,0.0885504504769877,0.097590678,0.2129771216060685,0.231463692,0.1599255411141289,0.158744262,0.1096542236004278,0.111301924,BJC
2021-06-27 01:00:00,415,585.1,44.60239655794446,96.60243000683404,655.6022688409977,298.02,74.87,0.1405,0.1045,0.1418,0.0285,0.1135,0.0573,197.72,47.8,96.88,54.7,1.32,0.079,0.028,0.017,0.145,0.041,0.049,0.272,0.211,0.051,0.218,0.008,0.051,0.163,0.058,0.046,0.0584250341757054,0.060877578,0.0819430472398902,0.085253066,0.222277989467104,0.241659102,0.149092272547281,0.14925475,0.1056476043532166,0.11060206,BJC
2021-06-21 04:00:00,403,958.8,16.92328092691099,166.9364468791232,934.4584037615588,305.04999999999995,27.34,0.14,0.1208,0.198,0.0303,0.168,0.1043,197.72,47.8,168.08,62.88,1.32,0.102,0.0,0.034,0.146,0.04,0.049,0.269,0.209,0.051,0.222,0.008,0.052,0.165,0.057,0.046,0.0578564276996889,0.0551608519999999,0.0821476821708417,0.086063882,0.2015638720153327,0.238280734,0.1544395731673117,0.151877128,0.1049434062127116,0.112412876,BJC
2021-06-04 06:00:00,349,896.8,28.631461412947672,240.24775424811423,851.7538061768769,301.02,21.4,0.1398,0.1185,0.1995,0.029,0.1735,0.1053,197.72,47.8,240.7,70.96000000000001,1.32,0.085,0.03,0.018,0.128,0.065,0.031,0.312,0.137,0.078,0.233,0.008,0.055,0.165,0.023,0.042,0.061610520967922,0.065878324,0.0878925459830253,0.097590678,0.2107371647935876,0.230463692,0.1604376208743356,0.158744262,0.1098096953777473,0.111491108,BJC
2021-06-05 02:00:00,353,876.1,33.07729675795814,111.77315986775476,806.1131247363644,300.53,22.22,0.1113,0.0895,0.1598,0.0283,0.1348,0.0828,197.72,47.8,112.2,57.78,1.32,0.085,0.03,0.018,0.128,0.065,0.031,0.312,0.137,0.078,0.233,0.008,0.055,0.165,0.023,0.042,0.0618572892856306,0.065878324,0.0885157681174373,0.097590678,0.2119105661036295,0.230463692,0.1599477277851347,0.158744262,0.1096867194240204,0.111491108,BJC
2021-06-12 07:00:00,376,683.1,38.608053461504674,256.83246615070317,739.476198467012,308.46,29.64,0.178,0.1733,0.2038,0.0575,0.1515,0.0983,197.72,47.8,257.12,73.38,1.32,0.084,0.029,0.018,0.127,0.065,0.031,0.304,0.134,0.076,0.235,0.008,0.055,0.164,0.022,0.042,0.061317581930654,0.06468914,0.0887534082304566,0.096590678,0.2088573000347936,0.224651384,0.1613151281951785,0.1607442619999999,0.108594487928207,0.110301924,BJC
2021-06-04 08:00:00,351,595.6,50.669964017082435,267.5615755862061,575.6704233220588,301.95,19.9,0.101,0.0755,0.1128,0.0268,0.117,0.0658,197.72,47.8,267.78000000000003,76.88,1.32,0.085,0.03,0.018,0.128,0.065,0.031,0.312,0.137,0.078,0.233,0.008,0.055,0.165,0.023,0.042,0.0645407265198792,0.065878324,0.0947599165651294,0.097590678,0.2243906975544456,0.230463692,0.1579648449356391,0.158744262,0.1102281499020707,0.111491108,BJC
2021-06-22 05:00:00,411,888.0,18.921790200737945,212.1228907583135,921.8482944741386,303.42999999999995,36.93,0.151,0.1313,0.205,0.0278,0.1788,0.1078,197.72,47.8,213.0,66.36,1.32,0.102,0.0,0.034,0.145,0.04,0.049,0.269,0.209,0.051,0.222,0.008,0.052,0.164,0.057,0.046,0.0577476132678817,0.0551608519999999,0.0810550053696198,0.085063882,0.2017358027548681,0.238280734,0.1542859798946477,0.151877128,0.103887591883847,0.111412876,BJC
2021-06-15 06:00:00,380,832.6,27.677060626843655,240.8305214368915,856.442715795755,301.76,46.19,0.163,0.1428,0.208,0.0305,0.1718,0.1023,197.72,47.8,241.28,70.0,1.32,0.082,0.029,0.017,0.122,0.062,0.029,0.301,0.132,0.075,0.223,0.008,0.053,0.158,0.022,0.04,0.0598824177857656,0.064066762,0.0844019701718526,0.09377837,0.2034651801021466,0.222650638,0.1531772005021728,0.151499506,0.1054716666962637,0.107057168,BJC
2021-06-12 02:00:00,371,762.5,32.94051400366573,110.554302957534,804.9303715399027,303.40999999999997,39.74,0.1385,0.1118,0.1653,0.0305,0.143,0.0828,197.72,47.8,110.96,57.14,1.32,0.084,0.029,0.018,0.127,0.065,0.031,0.304,0.134,0.076,0.235,0.008,0.055,0.164,0.022,0.042,0.0608202431927651,0.06468914,0.0874920333061362,0.096590678,0.2064466940117704,0.224651384,0.1619631320115352,0.1607442619999999,0.108662017273576,0.110301924,BJC
2021-06-12 01:00:00,370,630.8,44.08558532522216,97.39068746471054,668.1808290268461,302.03,42.38,0.123,0.0913,0.132,0.0278,0.116,0.0645,197.72,47.8,97.68,54.96,1.32,0.084,0.029,0.018,0.127,0.065,0.031,0.304,0.134,0.076,0.235,0.008,0.055,0.164,0.022,0.042,0.0620673347006449,0.06468914,0.0905898498434671,0.096590678,0.2124413794913214,0.224651384,0.1606869019416054,0.1607442619999999,0.1086902025667563,0.110301924,BJC
2021-06-15 08:00:00,382,520.0,49.779186180973745,268.11851494022346,585.6799466180084,303.09999999999997,42.2,0.1253,0.088,0.1055,0.0298,0.1078,0.0593,197.72,47.8,268.34000000000003,75.94,1.32,0.082,0.029,0.017,0.122,0.062,0.029,0.301,0.132,0.075,0.223,0.008,0.053,0.158,0.022,0.04,0.0625651078233602,0.064066762,0.0906075050249672,0.09377837,0.2158283402700698,0.222650638,0.1508249988383245,0.151499506,0.1057719702394617,0.107057168,BJC
2021-06-27 04:00:00,418,913.1,17.10252106522175,166.04073433290012,930.9910414076631,302.15,57.89,0.1535,0.1268,0.1953,0.0273,0.1663,0.092,197.72,47.8,167.18,62.940000000000005,1.32,0.079,0.028,0.017,0.145,0.041,0.049,0.272,0.211,0.051,0.218,0.008,0.051,0.163,0.058,0.046,0.0567634355991683,0.060877578,0.0811334258804042,0.085253066,0.2045640745868856,0.241659102,0.1517249024511041,0.14925475,0.1029320578499067,0.11060206,BJC
2021-08-27 04:00:00,512,877.7,30.21691784037425,172.0491517328701,840.726551038805,299.91999999999996,39.65,0.1453,0.1238,0.2195,0.0275,0.173,0.098,197.72,47.8,172.76,75.96000000000001,1.32,0.075,0.026,0.016,0.121,0.034,0.04,0.257,0.2,0.048,0.2,0.007,0.047,0.144,0.051,0.04,0.0542623364542695,0.0578768319999999,0.0686040324648185,0.072327376,0.19695864348682,0.228710944,0.1378482189298817,0.136576054,0.0919066372198037,0.098543504,BJC
2021-08-27 03:00:00,511,840.9,34.43213225635082,145.3433643983255,795.6740365434697,298.38,47.39,0.133,0.106,0.1875,0.0293,0.1508,0.0838,197.72,47.8,145.94,72.74,1.32,0.075,0.026,0.016,0.121,0.034,0.04,0.257,0.2,0.048,0.2,0.007,0.047,0.144,0.051,0.04,0.0544979189442662,0.0578768319999999,0.0687048777269623,0.072327376,0.19958634377834,0.228710944,0.1374478973959382,0.136576054,0.0922751562357673,0.098543504,BJC
2021-08-28 07:00:00,516,539.7,47.390265008508536,241.57649242529337,628.2420765395651,300.23999999999995,44.97,0.1443,0.113,0.1658,0.0308,0.1343,0.0743,197.72,47.8,241.9,86.56,1.32,0.075,0.026,0.016,0.121,0.034,0.04,0.257,0.2,0.048,0.2,0.007,0.047,0.143,0.051,0.04,0.0560654604934299,0.0578768319999999,0.0700084338261573,0.072327376,0.2145814306320625,0.228710944,0.1361997673723667,0.136576054,0.0940129078882895,0.097543504,BJC
2021-08-29 04:00:00,519,792.1,30.9043643778613,172.48003953136742,836.359094191361,299.39,56.71,0.175,0.1478,0.2218,0.031,0.1933,0.1075,197.72,47.8,173.18,76.68,1.32,0.075,0.026,0.016,0.121,0.034,0.04,0.257,0.2,0.048,0.201,0.007,0.047,0.143,0.051,0.04,0.0542934086035637,0.0578768319999999,0.0686122302021881,0.072327376,0.1973253077274653,0.228710944,0.1387839979534915,0.137576054,0.090952938338132,0.097543504,BJC
2021-08-21 03:00:00,498,829.2,32.787913657689245,143.009907343012,806.237746889405,300.12,61.88,0.1305,0.101,0.1843,0.029,0.1465,0.0818,197.72,47.8,143.62,70.64,1.32,0.076,0.027,0.016,0.125,0.035,0.042,0.26,0.202,0.049,0.197,0.007,0.046,0.144,0.051,0.04,0.0554196719934944,0.059066016,0.070014406399779,0.073761316,0.2001729231825534,0.23071169,0.1359372663559436,0.134953676,0.0921066200500253,0.098543504,BJC
2021-08-06 02:00:00,470,660.7,38.33171166075351,117.228566079298,733.7922178280636,299.26,66.87,0.141,0.1095,0.1618,0.0278,0.132,0.0685,197.72,47.8,117.64,63.26,1.32,0.081,0.028,0.017,0.126,0.035,0.042,0.244,0.19,0.046,0.166,0.006,0.039,0.141,0.05,0.04,0.0595812686585981,0.062877578,0.0712800827978244,0.074761316,0.1920701558724524,0.216574348,0.1137905851167409,0.113407846,0.0897650781694169,0.0953543199999999,BJC
2021-08-05 01:00:00,466,467.6,48.94958764020093,103.059494098762,589.7555499355828,298.23999999999995,76.97,0.1875,0.1848,0.2173,0.0328,0.179,0.1128,197.72,47.8,103.36,60.94,1.32,0.081,0.028,0.017,0.127,0.036,0.042,0.245,0.19,0.046,0.166,0.006,0.039,0.142,0.051,0.04,0.0612440376329063,0.062877578,0.0737981276603408,0.0759504999999999,0.2066690249541091,0.217574348,0.1129663387067896,0.113407846,0.0935447530432029,0.096543504,BJC
2021-08-06 05:00:00,473,786.0,24.88463018618245,202.94409580576672,872.9785118560297,303.35999999999996,49.32,0.168,0.1405,0.2135,0.0295,0.1808,0.1028,197.72,47.8,203.7,72.72,1.32,0.081,0.028,0.017,0.126,0.035,0.042,0.244,0.19,0.046,0.166,0.006,0.039,0.141,0.05,0.04,0.0588000771231186,0.062877578,0.0710083872357693,0.074761316,0.1844134307442371,0.216574348,0.1148241265497084,0.113407846,0.0886976222716708,0.0953543199999999,BJC
2021-08-27 05:00:00,513,850.7,31.553712531708165,200.94632999946165,827.0009887385203,300.78999999999996,37.75,0.1488,0.1338,0.2375,0.0308,0.1883,0.1093,197.72,47.8,201.6,79.42,1.32,0.075,0.026,0.016,0.121,0.034,0.04,0.257,0.2,0.048,0.2,0.007,0.047,0.144,0.051,0.04,0.0543252738048234,0.0578768319999999,0.0686227649966202,0.072327376,0.1976929562816792,0.228710944,0.1377228997409097,0.136576054,0.0920013821502477,0.098543504,BJC
2021-08-07 07:00:00,482,540.4,41.85751646151074,247.2664004663884,689.1650250799869,305.85999999999996,48.81,0.166,0.1345,0.1708,0.0283,0.1458,0.0785,197.72,47.8,247.58,79.74,1.32,0.081,0.028,0.017,0.126,0.035,0.042,0.244,0.19,0.046,0.166,0.006,0.039,0.141,0.05,0.039,0.0600100184746787,0.062877578,0.0715973383045178,0.074761316,0.195710476241532,0.216574348,0.1135098353858092,0.113407846,0.0917864362281965,0.0967319419999999,BJC
2021-08-27 07:00:00,515,636.8,47.083822475880034,241.83303835809312,631.5333155308286,302.52,33.96,0.1298,0.104,0.173,0.0283,0.1428,0.0775,197.72,47.8,242.16,86.2,1.32,0.075,0.026,0.016,0.121,0.034,0.04,0.257,0.2,0.048,0.2,0.007,0.047,0.144,0.051,0.04,0.0560106845220644,0.0578768319999999,0.0699560790791123,0.072327376,0.2140842191009664,0.228710944,0.1362281564067212,0.136576054,0.0949141677192036,0.098543504,BJC
2021-08-07 08:00:00,483,401.5,52.88280861578515,259.9237997155644,530.3484204886136,305.74,50.58,0.1478,0.111,0.1375,0.028,0.115,0.0623,197.72,47.8,260.18,82.62,1.32,0.081,0.028,0.017,0.126,0.035,0.042,0.244,0.19,0.046,0.166,0.006,0.039,0.141,0.05,0.039,0.0621736911488813,0.062877578,0.073547995040493,0.074761316,0.2129125753007514,0.216574348,0.1126888069559091,0.113407846,0.0953361063583942,0.0967319419999999,BJC
2021-08-06 04:00:00,472,808.8,23.77757020278892,167.6987936667142,882.0288997555615,302.2,55.15,0.1655,0.1368,0.2048,0.0298,0.1675,0.095,197.72,47.8,168.56,69.24,1.32,0.081,0.028,0.017,0.126,0.035,0.042,0.244,0.19,0.046,0.166,0.006,0.039,0.141,0.05,0.04,0.0587816129996716,0.062877578,0.0710328626272882,0.074761316,0.1841291834521768,0.216574348,0.1149012026374884,0.113407846,0.0886867504460205,0.0953543199999999,BJC
2021-08-06 03:00:00,471,780.4,29.161039207738114,137.37861749363077,834.4610212663464,300.72999999999996,61.01,0.1513,0.1258,0.1868,0.0265,0.1535,0.0838,197.72,47.8,138.02,66.02,1.32,0.081,0.028,0.017,0.126,0.035,0.042,0.244,0.19,0.046,0.166,0.006,0.039,0.141,0.05,0.04,0.0589264468014579,0.062877578,0.0709667175014245,0.074761316,0.1859382112521865,0.216574348,0.1145110413707188,0.113407846,0.0888305103036233,0.0953543199999999,BJC
2021-08-23 03:00:00,502,726.3,33.324152371690836,143.78835070108676,802.9175783468912,300.89,64.34,0.1575,0.136,0.1885,0.0345,0.1575,0.0878,197.72,47.8,144.38,71.32000000000001,1.32,0.076,0.027,0.016,0.125,0.035,0.042,0.26,0.202,0.049,0.197,0.007,0.046,0.144,0.051,0.04,0.0554541098815665,0.059066016,0.0700291781477611,0.073761316,0.2005299106345781,0.23071169,0.1358873914683424,0.134953676,0.0921579312946538,0.098543504,BJC
2021-09-17 04:00:00,549,805.3,37.871415000369986,176.25597301817288,782.4151830004104,297.41999999999996,45.2,0.1455,0.1205,0.1845,0.0303,0.163,0.1013,197.72,47.8,176.84,83.96000000000001,1.32,0.065,0.017,0.011,0.122,0.005,0.038,0.231,0.096,0.046,0.21,0.007,0.05,0.14,0.0,0.039,0.0510536617790709,0.053062286,0.0711226296664781,0.070596284,0.1739303137601512,0.185791052,0.1430772441973819,0.142443188,0.0875259550286906,0.086272742,BJC
2021-09-17 03:00:00,548,776.7,40.9277579188534,153.01985129377294,743.1734125782713,296.08,50.77,0.141,0.1093,0.1738,0.031,0.148,0.0883,197.72,47.8,153.56,80.74,1.32,0.065,0.017,0.011,0.122,0.005,0.038,0.231,0.096,0.046,0.21,0.007,0.05,0.14,0.0,0.039,0.0512616491811751,0.053062286,0.0708697518802357,0.070596284,0.17525043127931,0.185791052,0.1427521228262622,0.142443188,0.0871736445114503,0.086272742,BJC
2021-09-29 06:00:00,566,560.6,50.000933159307856,218.86088769599783,625.2123109893241,299.59999999999997,34.85,0.13,0.105,0.166,0.0285,0.1533,0.091,197.72,47.8,219.26,95.7,1.32,0.082,0.0,0.022,0.125,0.02,0.038,0.22,0.181,0.032,0.198,0.007,0.047,0.149,0.007,0.044,0.0515572397995903,0.051692316,0.0752728534374076,0.076434044,0.2015646375407097,0.2101583999999999,0.1339627251233743,0.134576054,0.0891140106052483,0.08970892,BJC
2021-09-21 07:00:00,552,504.6,55.51711954212633,235.93738389280992,528.6485394640999,300.08,35.55,0.1333,0.1103,0.146,0.028,0.1393,0.0863,197.72,47.8,236.26,95.8,1.32,0.076,0.0,0.02,0.125,0.003,0.041,0.251,0.068,0.059,0.204,0.007,0.048,0.144,0.0,0.043,0.0479401157357484,0.04844756,0.068094037918437,0.06908505,0.1822041563839176,0.182584814,0.1380954793061525,0.1391984319999999,0.0836712488318592,0.084762254,BJC
2021-09-11 04:00:00,542,687.8,35.603329407654925,175.14521224308828,802.0820555555975,300.2,70.71,0.1633,0.1385,0.1963,0.0273,0.175,0.1018,197.72,47.8,175.76,81.60000000000001,1.32,0.069,0.018,0.012,0.117,0.014,0.032,0.251,0.065,0.051,0.209,0.007,0.049,0.146,0.0,0.04,0.0536296646168892,0.055873848,0.0746926092826887,0.075564672,0.1852296616364748,0.193038238,0.1436563655749579,0.14282081,0.0924364374952891,0.09089512,BJC
2021-09-27 04:00:00,562,742.4,41.719248058851754,177.86982200861712,743.7324663160498,296.57,64.25,0.141,0.1165,0.209,0.0263,0.169,0.0998,197.72,47.8,178.4,87.94,1.32,0.082,0.0,0.022,0.125,0.021,0.038,0.221,0.179,0.033,0.198,0.007,0.047,0.148,0.008,0.044,0.0521474524133864,0.051692316,0.0749807127737437,0.0766232279999999,0.1893836798909636,0.20940241,0.1347388375697146,0.134576054,0.0888831730399967,0.0888981039999999,BJC
2021-09-07 07:00:00,533,523.6,50.62781333345695,239.10669539840887,591.4892679673999,299.71,55.8,0.1335,0.0935,0.1518,0.0288,0.129,0.0673,197.72,47.8,239.44,90.3,1.32,0.073,0.019,0.013,0.107,0.044,0.025,0.254,0.133,0.048,0.211,0.007,0.05,0.146,0.0,0.04,0.0578183408531803,0.05868541,0.078917850862721,0.080883546,0.2073220278343847,0.213035616,0.1427495498619879,0.143443188,0.0905640540817465,0.09089512,BJC
2021-09-29 07:00:00,567,411.5,58.372528877189815,234.24457492724397,488.14442090610027,300.63,29.19,0.1118,0.0825,0.107,0.0265,0.1173,0.0635,197.72,47.8,234.56,98.98,1.32,0.082,0.0,0.022,0.125,0.02,0.038,0.22,0.181,0.032,0.198,0.007,0.047,0.149,0.007,0.044,0.0509076359889682,0.051692316,0.0761750698349462,0.076434044,0.2189393063263002,0.2101583999999999,0.1332834259344234,0.134576054,0.0885232937541096,0.08970892,BJC
2021-09-01 06:00:00,524,690.3,39.55171056183516,223.5949214987656,740.5071073321284,300.92999999999995,53.01,0.1508,0.123,0.1963,0.0293,0.1668,0.0923,197.72,47.8,224.04,84.74,1.32,0.073,0.02,0.013,0.106,0.044,0.025,0.254,0.133,0.048,0.206,0.007,0.048,0.144,0.0,0.04,0.0566404108133904,0.0588745939999999,0.0748703383825523,0.079883546,0.1971315541602798,0.213035616,0.1415993290430459,0.1411984319999999,0.0899840600767404,0.08889512,BJC
2021-09-22 06:00:00,556,634.4,47.327941095600835,219.9244662816619,658.5070908040824,300.63,38.74,0.133,0.11,0.1863,0.0278,0.1598,0.094,197.72,47.8,220.34,92.92,1.32,0.077,0.0,0.019,0.127,0.0,0.041,0.25,0.072,0.06,0.201,0.007,0.047,0.146,0.0,0.044,0.0508786656293023,0.0508251819999999,0.0706329100421788,0.070517498,0.1759609275758403,0.180963928,0.1372055323778063,0.137576054,0.0855084888257528,0.085384632,BJC
2021-09-22 07:00:00,557,480.6,55.874020498942855,235.7221233358899,523.686400601153,301.66999999999996,34.85,0.112,0.0848,0.1328,0.027,0.1233,0.0665,197.72,47.8,236.04,96.2,1.32,0.077,0.0,0.019,0.127,0.0,0.041,0.25,0.072,0.06,0.201,0.007,0.047,0.146,0.0,0.044,0.0503188794514318,0.0508251819999999,0.0694249503951949,0.070517498,0.1808762115460854,0.180963928,0.1364705371561939,0.137576054,0.0842121418875263,0.085384632,BJC
2021-09-11 05:00:00,543,682.7,37.18651750472139,200.3507817357236,783.1372571252998,301.14,66.47,0.1635,0.1405,0.206,0.028,0.184,0.1108,197.72,47.8,200.92,85.06,1.32,0.069,0.018,0.012,0.117,0.014,0.032,0.251,0.065,0.051,0.209,0.007,0.049,0.146,0.0,0.04,0.0537167619416181,0.055873848,0.0746597427055965,0.075564672,0.1855101502588791,0.193038238,0.1434934575049961,0.14282081,0.0922588923056944,0.09089512,BJC
2021-09-02 06:00:00,530,672.0,39.90213999140761,223.39633418704983,737.3019323045039,301.78999999999996,55.67,0.1563,0.1295,0.2,0.032,0.1743,0.0973,197.72,47.8,223.84,85.12,1.32,0.072,0.02,0.013,0.106,0.044,0.024,0.254,0.133,0.048,0.206,0.007,0.049,0.144,0.0,0.04,0.0556690955528636,0.0578745939999999,0.0762886342360779,0.081261168,0.1973623535918611,0.213035616,0.1402126752523869,0.13982081,0.0899423998280176,0.08889512,BJC
2021-09-11 07:00:00,545,480.3,51.99418113833913,238.16809077049703,574.9878708408552,303.01,57.97,0.1388,0.099,0.1455,0.0283,0.13,0.0708,197.72,47.8,238.5,91.84,1.32,0.069,0.018,0.012,0.117,0.014,0.032,0.251,0.065,0.051,0.209,0.007,0.049,0.146,0.0,0.04,0.0552617085439629,0.055873848,0.0747943582572857,0.075564672,0.1907282238003892,0.193038238,0.1420073248578509,0.14282081,0.0903759342172218,0.09089512,BJC
2021-10-17 05:00:00,589,619.6,51.245942960294705,199.10879364962503,624.5553742335188,285.96999999999997,24.99,0.142,0.1358,0.2165,0.031,0.2005,0.1403,197.72,47.8,199.54,99.14,1.32,0.072,0.0,0.015,0.125,0.02,0.036,0.245,0.083,0.058,0.235,0.019,0.071,0.152,0.03,0.042,0.0511797205478907,0.05133567,0.0781456935932872,0.079189288,0.1774195312069947,0.180800196,0.1394093233244481,0.140783334,0.0983747639516183,0.0998153959999999,BJC
2021-10-27 04:00:00,618,613.3,52.83743355066989,180.44928325257936,609.1988878283983,291.4,23.91,0.1285,0.1163,0.172,0.0298,0.1723,0.1163,197.72,47.8,180.88,99.2,1.32,0.071,0.0,0.012,0.13,0.006,0.035,0.239,0.085,0.055,0.243,0.004,0.076,0.154,0.029,0.041,0.0542775913181468,0.054468536,0.0822660119015414,0.082918334,0.1770847653204685,0.17931143,0.1377845476084501,0.139057464,0.1018903391400202,0.103003834,BJC
2021-10-08 05:00:00,576,574.2,47.8537707393469,199.55014079993225,667.8024093653505,291.69,54.58,0.1593,0.1535,0.2235,0.0328,0.1983,0.1333,197.72,47.8,200.0,95.74,1.32,0.078,0.0,0.02,0.126,0.03,0.039,0.266,0.049,0.071,0.252,0.007,0.09,0.157,0.018,0.048,0.0504690417992828,0.05044756,0.0759780102524652,0.0779482619999999,0.1742486170024315,0.177458854,0.1289654764703408,0.129338308,0.093123727564597,0.094279456,BJC
2021-10-25 05:00:00,616,421.2,54.07437279238541,198.59522248734604,586.599754196955,288.47999999999996,54.83,0.1518,0.1333,0.1565,0.0335,0.165,0.1135,197.72,47.8,199.0,101.98,1.32,0.071,0.0,0.012,0.129,0.009,0.034,0.242,0.082,0.056,0.243,0.005,0.076,0.156,0.027,0.043,0.0542255009541498,0.054468536,0.083162143767939,0.083863508,0.179115789707164,0.180366256,0.1377003344121238,0.1392466479999999,0.1009610516125802,0.101870222,BJC
2021-10-07 05:00:00,573,661.2,47.46669317660903,199.5914959503834,672.5634186811008,290.13,57.5,0.153,0.1428,0.2323,0.031,0.2088,0.1335,197.72,47.8,200.06,95.36,1.32,0.079,0.0,0.02,0.128,0.023,0.04,0.259,0.062,0.068,0.25,0.007,0.089,0.157,0.017,0.048,0.0514946917001672,0.05144756,0.0757171123842634,0.077246352,0.1728349603459424,0.177051112,0.1284315564521574,0.12871593,0.0930034075902619,0.094090272,BJC
2021-10-29 04:00:00,619,430.6,53.50607900245945,180.49171253597297,600.1976727615079,287.60999999999996,58.42,0.15,0.1263,0.1485,0.0288,0.1623,0.108,197.72,47.8,180.92,99.84,1.32,0.083,0.001,0.02,0.131,0.026,0.035,0.236,0.099,0.052,0.243,0.004,0.076,0.151,0.037,0.039,0.055263523158916,0.055636744,0.0868509200206973,0.087702014,0.1813355657012679,0.183092872,0.1376375921646445,0.139057464,0.1032586493337184,0.1042725499999999,BJC
2021-10-01 04:00:00,569,703.2,43.26488526642578,178.4172404667637,726.9658128271961,293.95,29.4,0.1385,0.1205,0.192,0.0275,0.1765,0.1113,197.72,47.8,178.94,89.54,1.32,0.087,0.0,0.025,0.123,0.024,0.035,0.212,0.101,0.03,0.194,0.007,0.046,0.145,0.0,0.042,0.0529568474218223,0.0525594499999999,0.0773648499515234,0.079323646,0.179671201058611,0.189778924,0.1319513011281033,0.131953676,0.0878075036686615,0.0871398759999999,BJC
2021-10-01 06:00:00,571,579.2,50.76041492806589,218.56325932308783,615.4228261649089,295.17999999999995,25.97,0.1318,0.105,0.168,0.0275,0.1558,0.0943,197.72,47.8,218.96,96.5,1.32,0.087,0.0,0.025,0.123,0.024,0.035,0.212,0.101,0.03,0.194,0.007,0.046,0.145,0.0,0.042,0.0523411911944594,0.0525594499999999,0.0780918959379045,0.079323646,0.1856193067180091,0.189778924,0.1312819417086232,0.131953676,0.0867732012066918,0.0871398759999999,BJC
2021-10-12 06:00:00,582,551.8,54.84267479447838,216.9466596414448,560.5137929272161,292.06,28.08,0.127,0.1058,0.1633,0.029,0.1498,0.096,197.72,47.8,217.32,100.76,1.32,0.071,0.0,0.015,0.128,0.012,0.039,0.257,0.067,0.066,0.233,0.018,0.07,0.156,0.02,0.046,0.0499910932211652,0.05033567,0.0757424614447126,0.07654295,0.1777688499788573,0.178752276,0.138506863636629,0.139971772,0.0955153843277118,0.096413068,BJC
2021-10-01 03:00:00,568,684.6,45.688201856111256,157.25007408530428,692.3524956663691,292.90999999999997,33.14,0.1275,0.101,0.1598,0.0275,0.1508,0.0918,197.72,47.8,157.74,86.3,1.32,0.087,0.0,0.025,0.123,0.024,0.035,0.212,0.101,0.03,0.194,0.007,0.046,0.145,0.0,0.042,0.0527638225903219,0.0525594499999999,0.0775473091632227,0.079323646,0.1813446584089686,0.189778924,0.1317281711810842,0.131953676,0.0874832219517408,0.0871398759999999,BJC
2021-10-26 04:00:00,617,605.6,52.4980993169646,180.4218421877714,613.7344201267931,292.92999999999995,34.16,0.1323,0.1178,0.1713,0.0288,0.1685,0.1145,197.72,47.8,180.86,98.86,1.32,0.071,0.0,0.012,0.13,0.006,0.035,0.239,0.085,0.055,0.243,0.004,0.076,0.154,0.029,0.041,0.054291783888952,0.054468536,0.0822843372151911,0.082918334,0.1768229940724556,0.17931143,0.137859054100528,0.139057464,0.1018273269483665,0.103003834,BJC
