-20,0.01205,0.781
-10,0.01126,0.833
0,0.01095,0.85
10,0.01126,0.833
20,0.01205,0.781
30,0.01322,0.754
40,0.0143,0.818
50,0.01506,0.914
60,0.01548,0.998
70,0.01534,0.983
80,0.01486,0.933
90,0.01373,0.885
100,0.01262,0.842
110,0.01134,0.807
120,0.01001,0.8
130,0.008702,0.801
140,0.007475,0.81
150,0.006481,0.809
160,0.00548,0.832
170,0.0046,0.818
180,0.003833,0.797
190,0.00311,0.824
200,0.002543,0.864
210,0.002049,0.883
220,0.00168,0.883
230,0.001374,0.847
240,0.001046,0.838
250,0.0008193,0.866
260,0.0006267,0.941
270,0.0004968,1.04
280,0.0003924,1.068
290,0.0002983,1.141
300,0.0002477,1.08
310,0.0001997,1.034
320,0.0001596,1.155
330,0.0001331,1.099
340,0.0001061,1.027
350,8.942e-05,0.95
360,7.168e-05,0.895
370,5.887e-05,0.815
380,4.848e-05,0.783
390,3.817e-05,0.77
400,3.17e-05,0.7
410,2.579e-05,0.765
420,2.162e-05,0.775
430,1.768e-05,0.85
440,1.49e-05,0.9
450,1.231e-05,0.905
460,1.013e-05,0.954
470,8.555e-06,1.02
480,7.328e-06,1.02
490,6.148e-06,1.025
500,5.207e-06,1.02
510,4.387e-06,1.1
520,3.741e-06,1.125
530,3.22e-06,1.12
540,2.753e-06,1.111
550,2.346e-06,1.137
560,1.985e-06,1.16
570,1.716e-06,1.149
580,1.475e-06,1.107
590,1.286e-06,1.064
600,1.122e-06,1.045
610,9.661e-07,1.0396
620,8.284e-07,1.0403
630,7.057e-07,1.0405
640,6.119e-07,1.0403
650,5.29e-07,1.0397
660,4.571e-07,1.039
670,3.948e-07,1.038
680,3.432e-07,1.0368
690,2.983e-07,1.0356
700,2.589e-07,1.0342
710,2.265e-07,1.0328
720,1.976e-07,1.0313
730,1.704e-07,1.0298
740,1.456e-07,1.0283
750,1.26e-07,1.0268
760,1.101e-07,1.0253
770,9.648e-08,1.0238
780,8.415e-08,1.0224
790,7.34e-08,1.021
800,6.441e-08,1.0197
810,5.643e-08,1.0184
820,4.94e-08,1.0172
830,4.276e-08,1.016
840,3.703e-08,1.015
850,3.227e-08,1.0139
860,2.825e-08,1.013
870,2.478e-08,1.012
880,2.174e-08,1.0112
890,1.898e-08,1.0104
900,1.664e-08,1.0097
910,1.458e-08,1.009
920,1.278e-08,1.0083
930,1.126e-08,1.0077
940,9.891e-09,1.0072
950,8.709e-09,1.0066
960,7.652e-09,1.0062
970,6.759e-09,1.0057
980,5.975e-09,1.0053
990,5.31e-09,1.0049
1000,4.728e-09,1.0046
1010,4.214e-09,1.0043
1020,3.792e-09,1.004
1030,3.463e-09,1.0037
1040,3.226e-09,1.0034
1050,2.992e-09,1.0032
1060,2.813e-09,1.003
1070,2.749e-09,1.0028
1080,2.809e-09,1.0026
1090,2.913e-09,1.0024
1100,3.037e-09,1.0022
1110,3.413e-09,1.0021
1120,3.738e-09,1.0019
1130,4.189e-09,1.0018
1140,4.808e-09,1.0017
1150,5.978e-09,1.0016
1160,7.088e-09,1.0015
1170,8.071e-09,1.0014
1180,9.61e-09,1.0013
1190,1.21e-08,1.0012
1200,1.5e-08,1.0011
1210,1.764e-08,1.0011
1220,2.221e-08,1.001
1230,2.898e-08,1.0009
1240,3.948e-08,1.0009
1250,5.068e-08,1.0008
1260,6.227e-08,1.0008
1270,7.898e-08,1.0007
1280,1.033e-07,1.0007
1290,1.437e-07,1.0006
1300,1.889e-07,1.0006
1310,2.589e-07,1.0006
1320,3.59e-07,1.0005
1330,4.971e-07,1.0005
1340,7.156e-07,1.0005
1350,9.983e-07,1.0004
1360,1.381e-06,1.0004
1370,1.929e-06,1.0004
1380,2.591e-06,1.0004
1390,3.453e-06,1.0004
1400,4.57e-06,1.0003
1410,5.93e-06,1.0003
1420,7.552e-06,1.0003
1430,9.556e-06,1.0003
1440,1.183e-05,1.0003
1450,1.425e-05,1.0003
1460,1.681e-05,1.0002
1470,1.978e-05,1.0002
1480,2.335e-05,1.0002
1490,2.668e-05,1.0002
1500,3.022e-05,1.0002
1510,3.371e-05,1.0002
1520,3.715e-05,1.0002
1530,3.967e-05,1.0002
1540,4.06e-05,1.0002
1550,4.01e-05,1.0001
1560,3.809e-05,1.0001
1570,3.491e-05,1.0001
1580,3.155e-05,1.0001
1590,2.848e-05,1.0001
1600,2.678e-05,1.0001
1610,2.66e-05,1.0001
1620,2.811e-05,1.0001
1630,3.071e-05,1.0001
1640,3.294e-05,1.0001
1650,3.459e-05,1.0001
1660,3.569e-05,1.0001
1670,3.56e-05,1.0001
1680,3.434e-05,1.0001
1690,3.186e-05,1.0001
1700,2.916e-05,1.0001
1710,2.622e-05,1.0001
1720,2.275e-05,1.0001
1730,1.918e-05,1.0001
1740,1.62e-05,1.0001
1750,1.373e-05,1.0001
1760,1.182e-05,1.0001
1770,1.006e-05,1.0001
1780,8.556e-06,1
1790,7.26e-06,1
1800,6.11e-06,1
1810,5.04e-06,1
1820,4.23e-06,1
1830,3.456e-06,1
1840,2.903e-06,1
1850,2.486e-06,1
1860,2.039e-06,1
1870,1.672e-06,1
1880,1.285e-06,1
1890,1.054e-06,1
1900,8.302e-07,1
1910,6.667e-07,1
1920,5.503e-07,1
1930,4.562e-07,1
1940,3.948e-07,1
1950,3.198e-07,1
1960,2.586e-07,1
1970,2.225e-07,1
1980,1.807e-07,1
1990,1.53e-07,1
2000,1.294e-07,1
2010,1.126e-07,1
2020,9.604e-08,1
2030,7.85e-08,1
2040,6.813e-08,1
2050,5.583e-08,1
2060,4.69e-08,1
2070,3.996e-08,1
2080,3.373e-08,1
2090,2.93e-08,1
2100,2.417e-08,1
2110,2.061e-08,1
2120,1.743e-08,1
2130,1.475e-08,1
2140,1.273e-08,1
2150,1.084e-08,1
2160,9.368e-09,1
2170,7.985e-09,1
2180,6.785e-09,1
2190,5.804e-09,1
2200,4.975e-09,1
2210,4.311e-09,1
2220,3.738e-09,1
2230,3.275e-09,1
2240,2.847e-09,1
2250,2.469e-09,1
2260,2.149e-09,1
2270,1.884e-09,1
2280,1.631e-09,1
2290,1.393e-09,1
2300,1.201e-09,1
2310,1.027e-09,1
2320,8.807e-10,1
2330,7.521e-10,1
2340,6.436e-10,1
2350,5.509e-10,1
2360,4.729e-10,1
2370,4.055e-10,1
2380,3.49e-10,1
2390,3.006e-10,1
2400,2.599e-10,1
2410,2.246e-10,1
2420,1.942e-10,1
2430,1.685e-10,1
2440,1.464e-10,1
2450,1.273e-10,1
2460,1.115e-10,1
2470,9.794e-11,1
2480,8.729e-11,1
2490,7.893e-11,1
2500,7.313e-11,1
2510,7.069e-11,1
2520,7.19e-11,1
2530,7.828e-11,1
2540,9.295e-11,1
2550,1.174e-10,1
2560,1.578e-10,1
2570,2.184e-10,1
2580,3.053e-10,1
2590,4.212e-10,1
2600,5.733e-10,1
2610,7.497e-10,1
2620,9.487e-10,1
2630,1.153e-09,1
2640,1.343e-09,1
2650,1.503e-09,1
2660,1.623e-09,1
2670,1.696e-09,1
2680,1.746e-09,1
2690,1.789e-09,1
2700,1.852e-09,1
2710,1.862e-09,1
2720,1.886e-09,1
2730,1.912e-09,1
2740,1.942e-09,1
2750,1.938e-09,1
2760,1.914e-09,1
2770,1.898e-09,1
2780,1.864e-09,1
2790,1.77e-09,1
2800,1.635e-09,1
2810,1.464e-09,1
2820,1.279e-09,1
2830,1.099e-09,1
2840,9.528e-10,1
2850,8.433e-10,1
2860,7.794e-10,1
2870,7.793e-10,1
2880,8.241e-10,1
2890,9.417e-10,1
2900,1.179e-09,1
2910,1.616e-09,1
2920,2.144e-09,1
2930,2.992e-09,1
2940,4.344e-09,1
2950,6.415e-09,1
2960,9.242e-09,1
2970,1.31e-08,1
2980,1.847e-08,1
2990,2.567e-08,1
3000,3.39e-08,1
3010,4.357e-08,1
3020,5.301e-08,1
3030,6.364e-08,1
3040,7.438e-08,1
3050,8.381e-08,1
3060,9.294e-08,1
3070,1.013e-07,1
3080,1.103e-07,1
3090,1.17e-07,1
3100,1.2e-07,1
3110,1.19e-07,1
3120,1.133e-07,1
3130,1.04e-07,1
3140,9.475e-08,1
3150,8.601e-08,1
3160,8.074e-08,1
3170,8.023e-08,1
3180,8.473e-08,1
3190,9.256e-08,1
3200,9.989e-08,1
3210,1.056e-07,1
3220,1.079e-07,1
3230,1.079e-07,1
3240,1.049e-07,1
3250,1e-07,1
3260,9.35e-08,1
3270,8.662e-08,1
3280,7.88e-08,1
3290,7.137e-08,1
3300,6.438e-08,1
3310,5.706e-08,1
3320,5.132e-08,1
3330,4.815e-08,1
3340,4.736e-08,1
3350,4.709e-08,1
3360,4.918e-08,1
3370,5.227e-08,1
3380,5.603e-08,1
3390,6.023e-08,1
3400,6.567e-08,1
3410,7.403e-08,1
3420,8.695e-08,1
3430,9.929e-08,1
3440,1.163e-07,1
3450,1.379e-07,1
3460,1.658e-07,1
3470,2.01e-07,1
3480,2.425e-07,1
3490,2.92e-07,1
3500,3.562e-07,1
3510,4.274e-07,1
3520,5.173e-07,1
3530,6.285e-07,1
3540,7.787e-07,1
3550,9.563e-07,1
3560,1.194e-06,1
3570,1.517e-06,1
3580,1.934e-06,1
3590,2.511e-06,1
3600,3.197e-06,1
3610,4.024e-06,1
3620,4.981e-06,1
3630,6.09e-06,1
3640,7.229e-06,1
3650,8.439e-06,1
3660,9.367e-06,1
3670,1.016e-05,1
3680,1.057e-05,1
3690,1.088e-05,1
3700,1.108e-05,1
3710,1.129e-05,1
3720,1.159e-05,1
3730,1.19e-05,1
3740,1.21e-05,1
3750,1.21e-05,1
3760,1.2e-05,1
3770,1.19e-05,1
3780,1.18e-05,1
3790,1.19e-05,1
3800,1.23e-05,1
3810,1.28e-05,1
3820,1.3e-05,1
3830,1.29e-05,1
3840,1.21e-05,1
3850,1.09e-05,1
3860,9.44e-06,1
3870,7.79e-06,1
3880,6.22e-06,1
3890,4.64e-06,1
3900,3.4e-06,1
3910,2.47e-06,1
3920,1.78e-06,1
3930,1.29e-06,1
3940,9.26e-07,1
3950,7e-07,1
3960,5.36e-07,1
3970,4.26e-07,1
3980,3.41e-07,1
3990,2.79e-07,1
4000,2.36e-07,1
4010,2.01e-07,1
4020,1.75e-07,1
4030,1.52e-07,1
4040,1.33e-07,1
4050,1.16e-07,1
4060,1.01e-07,1
4070,8.83e-08,1
4080,7.71e-08,1
4090,6.77e-08,1
4100,6.01e-08,1
4110,5.34e-08,1
4120,4.72e-08,1
4130,4.2e-08,1
4140,3.69e-08,1
4150,3.27e-08,1
4160,2.92e-08,1
4170,2.57e-08,1
4180,2.27e-08,1
4190,2e-08,1
4200,1.77e-08,1
4210,1.56e-08,1
4220,1.37e-08,1
4230,1.2e-08,1
4240,1.05e-08,1
4250,9.18e-09,1
4260,8e-09,1
4270,6.98e-09,1
4280,6.08e-09,1
4290,5.27e-09,1
4300,4.56e-09,1
4310,3.94e-09,1
4320,3.4e-09,1
4330,2.93e-09,1
4340,2.51e-09,1
4350,2.15e-09,1
4360,1.84e-09,1
4370,1.57e-09,1
4380,1.34e-09,1
4390,1.14e-09,1
4400,9.66e-10,1
4410,8.19e-10,1
4420,6.93e-10,1
4430,5.86e-10,1
4440,4.95e-10,1
4450,4.19e-10,1
4460,3.56e-10,1
4470,3.06e-10,1
4480,2.67e-10,1
4490,2.41e-10,1
4500,2.26e-10,1
4510,2.25e-10,1
4520,2.36e-10,1
4530,2.57e-10,1
4540,2.84e-10,1
4550,3.18e-10,1
4560,3.49e-10,1
4570,3.71e-10,1
4580,3.81e-10,1
4590,3.84e-10,1
4600,3.8e-10,1
4610,3.59e-10,1
4620,3.37e-10,1
4630,3.08e-10,1
4640,2.77e-10,1
4650,2.47e-10,1
4660,2.2e-10,1
4670,2.05e-10,1
4680,1.99e-10,1
4690,2.03e-10,1
4700,2.13e-10,1
4710,2.25e-10,1
4720,2.34e-10,1
4730,2.41e-10,1
4740,2.47e-10,1
4750,2.48e-10,1
4760,2.5e-10,1
4770,2.52e-10,1
4780,2.58e-10,1
4790,2.64e-10,1
4800,2.69e-10,1
4810,2.79e-10,1
4820,2.95e-10,1
4830,3.13e-10,1
4840,3.34e-10,1
4850,3.57e-10,1
4860,3.84e-10,1
4870,4.2e-10,1
4880,4.66e-10,1
4890,5.21e-10,1
4900,5.96e-10,1
4910,6.89e-10,1
4920,8.01e-10,1
4930,9.32e-10,1
4940,1.08e-09,1
4950,1.24e-09,1
4960,1.45e-09,1
4970,1.71e-09,1
4980,2.01e-09,1
4990,2.36e-09,1
5000,2.82e-09,1
5010,3.38e-09,1
5020,4.01e-09,1
5030,4.79e-09,1
5040,5.74e-09,1
5050,6.92e-09,1
5060,8.338e-09,1
5070,1.015e-08,1
5080,1.246e-08,1
5090,1.512e-08,1
5100,1.851e-08,1
5110,2.32e-08,1
5120,2.988e-08,1
5130,3.989e-08,1
5140,5.351e-08,1
5150,7.256e-08,1
5160,1.011e-07,1
5170,1.388e-07,1
5180,1.914e-07,1
5190,2.512e-07,1
5200,3.257e-07,1
5210,4.075e-07,1
5220,4.991e-07,1
5230,5.914e-07,1
5240,6.638e-07,1
5250,7.16e-07,1
5260,7.45e-07,1
5270,7.59e-07,1
5280,7.54e-07,1
5290,7.47e-07,1
5300,7.53e-07,1
5310,7.94e-07,1
5320,8.46e-07,1
5330,8.95e-07,1
5340,9.36e-07,1
5350,9.84e-07,1
5360,1.02e-06,1
5370,1.05e-06,1
5380,1.06e-06,1
5390,1.07e-06,1
5400,1.07e-06,1
5410,1.04e-06,1
5420,9.79e-07,1
5430,8.8e-07,1
5440,7.66e-07,1
5450,6.38e-07,1
5460,5.142e-07,1
5470,3.982e-07,1
5480,2.94e-07,1
5490,2.177e-07,1
5500,1.612e-07,1
5510,1.185e-07,1
5520,8.966e-08,1
5530,6.735e-08,1
5540,5.219e-08,1
5550,4.14e-08,1
5560,3.403e-08,1
5570,2.811e-08,1
5580,2.358e-08,1
5590,1.969e-08,1
5600,1.684e-08,1
5610,1.462e-08,1
5620,1.285e-08,1
5630,1.134e-08,1
5640,9.916e-09,1
5650,8.65e-09,1
5660,7.55e-09,1
5670,6.62e-09,1
5680,5.83e-09,1
5690,5.14e-09,1
5700,4.51e-09,1
5710,3.98e-09,1
5720,3.53e-09,1
5730,3.12e-09,1
5740,2.78e-09,1
5750,2.48e-09,1
5760,2.18e-09,1
5770,1.93e-09,1
5780,1.7e-09,1
5790,1.5e-09,1
5800,1.33e-09,1
5810,1.16e-09,1
5820,1.03e-09,1
5830,9.01e-10,1
5840,7.86e-10,1
5850,6.88e-10,1
5860,6.02e-10,1
5870,5.25e-10,1
5880,4.57e-10,1
5890,3.96e-10,1
5900,3.44e-10,1
5910,2.98e-10,1
5920,2.57e-10,1
5930,2.21e-10,1
5940,1.9e-10,1
5950,1.63e-10,1
5960,1.4e-10,1
5970,1.21e-10,1
5980,1.04e-10,1
5990,9.09e-11,1
6000,7.96e-11,1
6010,7.05e-11,1
6020,6.3e-11,1
6030,5.67e-11,1
6040,5.09e-11,1
6050,4.55e-11,1
6060,4.04e-11,1
6070,3.55e-11,1
6080,3.09e-11,1
6090,2.64e-11,1
6100,2.26e-11,1
6110,1.9e-11,1
6120,1.6e-11,1
6130,1.34e-11,1
6140,1.14e-11,1
6150,1.01e-11,1
6160,9.17e-12,1
6170,8.69e-12,1
6180,8.47e-12,1
6190,8.33e-12,1
6200,8.2e-12,1
6210,8.04e-12,1
6220,7.95e-12,1
6230,7.98e-12,1
6240,8.25e-12,1
6250,8.47e-12,1
6260,8.74e-12,1
6270,8.87e-12,1
6280,8.92e-12,1
6290,8.71e-12,1
6300,8.3e-12,1
6310,7.89e-12,1
6320,7.59e-12,1
6330,7.5e-12,1
6340,7.63e-12,1
6350,8.06e-12,1
6360,8.89e-12,1
6370,1e-11,1
6380,1.14e-11,1
6390,1.28e-11,1
6400,1.45e-11,1
6410,1.64e-11,1
6420,1.87e-11,1
6430,2.12e-11,1
6440,2.44e-11,1
6450,2.85e-11,1
6460,3.31e-11,1
6470,3.83e-11,1
6480,4.46e-11,1
6490,5.23e-11,1
6500,6.15e-11,1
6510,7.35e-11,1
6520,8.84e-11,1
6530,1.07e-10,1
6540,1.29e-10,1
6550,1.59e-10,1
6560,1.99e-10,1
6570,2.49e-10,1
6580,3.12e-10,1
6590,3.91e-10,1
6600,4.98e-10,1
6610,6.28e-10,1
6620,7.86e-10,1
6630,9.66e-10,1
6640,1.16e-09,1
6650,1.41e-09,1
6660,1.7e-09,1
6670,2.06e-09,1
6680,2.54e-09,1
6690,3.17e-09,1
6700,4.08e-09,1
6710,5.24e-09,1
6720,6.8e-09,1
6730,8.92e-09,1
6740,1.13e-08,1
6750,1.4e-08,1
6760,1.7e-08,1
6770,2.05e-08,1
6780,2.37e-08,1
6790,2.61e-08,1
6800,2.77e-08,1
6810,2.85e-08,1
6820,2.86e-08,1
6830,2.78e-08,1
6840,2.72e-08,1
6850,2.74e-08,1
6860,2.83e-08,1
6870,3.01e-08,1
6880,3.22e-08,1
6890,3.52e-08,1
6900,3.78e-08,1
6910,4.03e-08,1
6920,4.21e-08,1
6930,4.33e-08,1
6940,4.39e-08,1
6950,4.34e-08,1
6960,4.25e-08,1
6970,4.07e-08,1
6980,3.88e-08,1
6990,3.67e-08,1
7000,3.56e-08,1
7010,3.52e-08,1
7020,3.67e-08,1
7030,4.02e-08,1
7040,4.64e-08,1
7050,5.63e-08,1
7060,6.89e-08,1
7070,8.82e-08,1
7080,1.11e-07,1
7090,1.41e-07,1
7100,1.73e-07,1
7110,2.12e-07,1
7120,2.57e-07,1
7130,2.99e-07,1
7140,3.45e-07,1
7150,3.79e-07,1
7160,4.09e-07,1
7170,4.23e-07,1
7180,4.3e-07,1
7190,4.33e-07,1
7200,4.35e-07,1
7210,4.44e-07,1
7220,4.54e-07,1
7230,4.62e-07,1
7240,4.67e-07,1
7250,4.71e-07,1
7260,4.77e-07,1
7270,4.93e-07,1
7280,5.19e-07,1
7290,5.54e-07,1
7300,5.9e-07,1
7310,6.12e-07,1
7320,6.15e-07,1
7330,5.81e-07,1
7340,5.21e-07,1
7350,4.51e-07,1
7360,3.69e-07,1
7370,2.89e-07,1
7380,2.14e-07,1
7390,1.55e-07,1
7400,1.11e-07,1
7410,7.78e-08,1
7420,5.46e-08,1
7430,3.93e-08,1
7440,2.93e-08,1
7450,2.26e-08,1
7460,1.82e-08,1
7470,1.52e-08,1
7480,1.31e-08,1
7490,1.15e-08,1
7500,1.02e-08,1
7510,9.01e-09,1
7520,7.95e-09,1
7530,7.04e-09,1
7540,6.2e-09,1
7550,5.49e-09,1
7560,4.86e-09,1
7570,4.34e-09,1
7580,3.88e-09,1
7590,3.46e-09,1
7600,3.07e-09,1
7610,2.71e-09,1
7620,2.38e-09,1
7630,2.09e-09,1
7640,1.82e-09,1
7650,1.59e-09,1
7660,1.38e-09,1
7670,1.2e-09,1
7680,1.04e-09,1
7690,9.08e-10,1
7700,7.88e-10,1
7710,6.85e-10,1
7720,5.96e-10,1
7730,5.2e-10,1
7740,4.53e-10,1
7750,3.94e-10,1
7760,3.43e-10,1
7770,2.97e-10,1
7780,2.58e-10,1
7790,2.23e-10,1
7800,1.92e-10,1
7810,1.66e-10,1
7820,1.43e-10,1
7830,1.24e-10,1
7840,1.06e-10,1
7850,9.1e-11,1
7860,7.79e-11,1
7870,6.65e-11,1
7880,5.68e-11,1
7890,4.84e-11,1
7900,4.11e-11,1
7910,3.51e-11,1
7920,2.99e-11,1
7930,2.54e-11,1
7940,2.17e-11,1
7950,1.86e-11,1
7960,1.59e-11,1
7970,1.37e-11,1
7980,1.18e-11,1
7990,1.04e-11,1
8000,9.24e-12,1
8010,8.39e-12,1
8020,7.86e-12,1
8030,7.7e-12,1
8040,7.85e-12,1
8050,8.41e-12,1
8060,9.62e-12,1
8070,1.16e-11,1
8080,1.47e-11,1
8090,1.94e-11,1
8100,2.58e-11,1
8110,3.51e-11,1
8120,4.73e-11,1
8130,6.26e-11,1
8140,7.98e-11,1
8150,9.95e-11,1
8160,1.21e-10,1
8170,1.4e-10,1
8180,1.58e-10,1
8190,1.77e-10,1
8200,1.98e-10,1
8210,2.22e-10,1
8220,2.47e-10,1
8230,2.79e-10,1
8240,3.14e-10,1
8250,3.55e-10,1
8260,4e-10,1
8270,4.51e-10,1
8280,5.15e-10,1
8290,5.73e-10,1
8300,6.25e-10,1
8310,6.65e-10,1
8320,6.91e-10,1
8330,6.98e-10,1
8340,6.83e-10,1
8350,6.67e-10,1
8360,6.57e-10,1
8370,6.6e-10,1
8380,6.84e-10,1
8390,7.39e-10,1
8400,8.04e-10,1
8410,8.73e-10,1
8420,9.44e-10,1
8430,9.95e-10,1
8440,1.03e-09,1
8450,1.01e-09,1
8460,9.8e-10,1
8470,9.32e-10,1
8480,8.67e-10,1
8490,7.99e-10,1
8500,7.29e-10,1
8510,6.67e-10,1
8520,6.14e-10,1
8530,5.78e-10,1
8540,5.65e-10,1
8550,5.65e-10,1
8560,5.88e-10,1
8570,6.43e-10,1
8580,7.5e-10,1
8590,9.16e-10,1
8600,1.16e-09,1
8610,1.51e-09,1
8620,1.99e-09,1
8630,2.7e-09,1
8640,3.66e-09,1
8650,4.95e-09,1
8660,6.41e-09,1
8670,8.16e-09,1
8680,1.02e-08,1
8690,1.24e-08,1
8700,1.46e-08,1
8710,1.64e-08,1
8720,1.79e-08,1
8730,1.87e-08,1
8740,1.93e-08,1
8750,1.93e-08,1
8760,1.93e-08,1
8770,1.95e-08,1
8780,2.07e-08,1
8790,2.23e-08,1
8800,2.34e-08,1
8810,2.44e-08,1
8820,2.55e-08,1
8830,2.67e-08,1
8840,2.76e-08,1
8850,2.81e-08,1
8860,2.9e-08,1
8870,2.94e-08,1
8880,2.91e-08,1
8890,2.77e-08,1
8900,2.52e-08,1
8910,2.21e-08,1
8920,1.84e-08,1
8930,1.49e-08,1
8940,1.15e-08,1
8950,8.64e-09,1
8960,6.44e-09,1
8970,4.79e-09,1
8980,3.64e-09,1
8990,2.75e-09,1
9000,2.14e-09,1
9010,1.75e-09,1
9020,1.48e-09,1
9030,1.3e-09,1
9040,1.16e-09,1
9050,1.05e-09,1
9060,9.46e-10,1
9070,8.55e-10,1
9080,7.66e-10,1
9090,6.79e-10,1
9100,6.01e-10,1
9110,5.3e-10,1
9120,4.67e-10,1
9130,4.13e-10,1
9140,3.67e-10,1
9150,3.29e-10,1
9160,2.92e-10,1
9170,2.57e-10,1
9180,2.27e-10,1
9190,1.96e-10,1
9200,1.7e-10,1
9210,1.47e-10,1
9220,1.27e-10,1
9230,1.1e-10,1
9240,9.19e-11,1
9250,7.79e-11,1
9260,6.59e-11,1
9270,5.61e-11,1
9280,4.81e-11,1
9290,4.07e-11,1
9300,3.54e-11,1
9310,3.04e-11,1
9320,2.62e-11,1
9330,2.3e-11,1
9340,1.97e-11,1
9350,1.71e-11,1
9360,1.48e-11,1
9370,1.28e-11,1
9380,1.1e-11,1
9390,9.44e-12,1
9400,8.08e-12,1
9410,6.94e-12,1
9420,5.93e-12,1
9430,5.06e-12,1
9440,4.31e-12,1
9450,3.66e-12,1
9460,3.12e-12,1
9470,2.67e-12,1
9480,2.28e-12,1
9490,1.95e-12,1
9500,1.67e-12,1
9510,1.43e-12,1
9520,1.22e-12,1
9530,1.05e-12,1
9540,9.06e-13,1
9550,7.86e-13,1
9560,6.87e-13,1
9570,6.09e-13,1
9580,5.5e-13,1
9590,5.07e-13,1
9600,4.78e-13,1
9610,4.66e-13,1
9620,4.77e-13,1
9630,5.21e-13,1
9640,5.94e-13,1
9650,7.44e-13,1
9660,9.71e-13,1
9670,1.35e-12,1
9680,1.87e-12,1
9690,2.63e-12,1
9700,3.67e-12,1
9710,4.95e-12,1
9720,6.39e-12,1
9730,8e-12,1
9740,9.88e-12,1
9750,1.15e-11,1
9760,1.28e-11,1
9770,1.37e-11,1
9780,1.43e-11,1
9790,1.47e-11,1
9800,1.45e-11,1
9810,1.42e-11,1
9820,1.4e-11,1
9830,1.41e-11,1
9840,1.43e-11,1
9850,1.51e-11,1
9860,1.65e-11,1
9870,1.83e-11,1
9880,2.07e-11,1
9890,2.25e-11,1
9900,2.38e-11,1
9910,2.42e-11,1
9920,2.38e-11,1
9930,2.27e-11,1
9940,2.1e-11,1
9950,1.98e-11,1
9960,1.89e-11,1
9970,1.79e-11,1
9980,1.72e-11,1
9990,1.62e-11,1
10000,1.54e-11,1
10010,1.43e-11,1
10020,1.35e-11,1
10030,1.35e-11,1
10040,1.42e-11,1
10050,1.57e-11,1
10060,1.77e-11,1
10070,2.06e-11,1
10080,2.42e-11,1
10090,2.85e-11,1
10100,3.43e-11,1
10110,4.16e-11,1
10120,5.24e-11,1
10130,6.82e-11,1
10140,8.92e-11,1
10150,1.2e-10,1
10160,1.6e-10,1
10170,2.15e-10,1
10180,2.89e-10,1
10190,3.77e-10,1
10200,4.8e-10,1
10210,5.93e-10,1
10220,7.25e-10,1
10230,8.53e-10,1
10240,9.6e-10,1
10250,1.04e-09,1
10260,1.08e-09,1
10270,1.1e-09,1
10280,1.09e-09,1
10290,1.07e-09,1
10300,1.07e-09,1
10310,1.12e-09,1
10320,1.21e-09,1
10330,1.33e-09,1
10340,1.48e-09,1
10350,1.64e-09,1
10360,1.79e-09,1
10370,1.94e-09,1
10380,2.05e-09,1
10390,2.17e-09,1
10400,2.28e-09,1
10410,2.4e-09,1
10420,2.53e-09,1
10430,2.74e-09,1
10440,3.03e-09,1
10450,3.42e-09,1
10460,3.87e-09,1
10470,4.47e-09,1
10480,5.19e-09,1
10490,5.91e-09,1
10500,6.77e-09,1
10510,7.5e-09,1
10520,8.28e-09,1
10530,8.83e-09,1
10540,9.36e-09,1
10550,9.91e-09,1
10560,1.03e-08,1
10570,1.09e-08,1
10580,1.14e-08,1
10590,1.17e-08,1
10600,1.18e-08,1
10610,1.18e-08,1
10620,1.18e-08,1
10630,1.21e-08,1
10640,1.26e-08,1
10650,1.35e-08,1
10660,1.43e-08,1
10670,1.49e-08,1
10680,1.49e-08,1
10690,1.4e-08,1
10700,1.25e-08,1
10710,1.07e-08,1
10720,8.61e-09,1
10730,6.57e-09,1
10740,4.8e-09,1
10750,3.47e-09,1
10760,2.47e-09,1
10770,1.78e-09,1
10780,1.33e-09,1
10790,1.05e-09,1
10800,8.72e-10,1
10810,7.51e-10,1
10820,6.76e-10,1
10830,6.27e-10,1
10840,6e-10,1
10850,5.99e-10,1
10860,6.26e-10,1
10870,6.86e-10,1
10880,7.58e-10,1
10890,8.49e-10,1
10900,9.53e-10,1
10910,1.05e-09,1
10920,1.14e-09,1
10930,1.2e-09,1
10940,1.25e-09,1
10950,1.28e-09,1
10960,1.3e-09,1
10970,1.31e-09,1
10980,1.32e-09,1
10990,1.33e-09,1
11000,1.33e-09,1
11010,1.31e-09,1
11020,1.27e-09,1
11030,1.23e-09,1
11040,1.19e-09,1
11050,1.2e-09,1
11060,1.25e-09,1
11070,1.33e-09,1
11080,1.42e-09,1
11090,1.48e-09,1
11100,1.49e-09,1
11110,1.41e-09,1
11120,1.26e-09,1
11130,1.08e-09,1
11140,8.8e-10,1
11150,6.78e-10,1
11160,4.95e-10,1
11170,3.58e-10,1
11180,2.54e-10,1
11190,1.78e-10,1
11200,1.26e-10,1
11210,9.28e-11,1
11220,7.13e-11,1
11230,5.56e-11,1
11240,4.5e-11,1
11250,3.75e-11,1
11260,3.21e-11,1
11270,2.76e-11,1
11280,2.41e-11,1
11290,2.09e-11,1
11300,1.82e-11,1
11310,1.59e-11,1
11320,1.36e-11,1
11330,1.18e-11,1
11340,1.03e-11,1
11350,9.01e-12,1
11360,7.94e-12,1
11370,6.9e-12,1
11380,6.02e-12,1
11390,5.26e-12,1
11400,4.62e-12,1
11410,4.06e-12,1
11420,3.55e-12,1
11430,3.13e-12,1
11440,2.76e-12,1
11450,2.43e-12,1
11460,2.15e-12,1
11470,1.9e-12,1
11480,1.68e-12,1
11490,1.49e-12,1
11500,1.32e-12,1
11510,1.17e-12,1
11520,1.04e-12,1
11530,9.35e-13,1
11540,8.47e-13,1
11550,7.79e-13,1
11560,7.3e-13,1
11570,6.96e-13,1
11580,6.88e-13,1
11590,7.11e-13,1
11600,7.6e-13,1
11610,8.67e-13,1
11620,1.04e-12,1
11630,1.31e-12,1
11640,1.71e-12,1
11650,2.2e-12,1
11660,2.93e-12,1
11670,3.8e-12,1
11680,4.97e-12,1
11690,6.22e-12,1
11700,7.63e-12,1
11710,9.29e-12,1
11720,1.1e-11,1
11730,1.24e-11,1
11740,1.34e-11,1
11750,1.41e-11,1
11760,1.44e-11,1
11770,1.44e-11,1
11780,1.39e-11,1
11790,1.38e-11,1
11800,1.41e-11,1
11810,1.49e-11,1
11820,1.64e-11,1
11830,1.86e-11,1
11840,2.11e-11,1
11850,2.38e-11,1
11860,2.65e-11,1
11870,2.89e-11,1
11880,3.04e-11,1
11890,3.14e-11,1
11900,3.29e-11,1
11910,3.43e-11,1
11920,3.6e-11,1
11930,3.91e-11,1
11940,4.44e-11,1
11950,5.21e-11,1
11960,6.43e-11,1
11970,8.18e-11,1
11980,1.06e-10,1
11990,1.4e-10,1
12000,1.78e-10,1
12010,2.24e-10,1
12020,2.77e-10,1
12030,3.35e-10,1
12040,3.95e-10,1
12050,4.47e-10,1
12060,4.92e-10,1
12070,5.2e-10,1
12080,5.39e-10,1
12090,5.46e-10,1
12100,5.53e-10,1
12110,5.66e-10,1
12120,6.02e-10,1
12130,6.43e-10,1
12140,6.68e-10,1
12150,6.91e-10,1
12160,7.12e-10,1
12170,7.42e-10,1
12180,7.55e-10,1
12190,7.75e-10,1
12200,8.09e-10,1
12210,8.3e-10,1
12220,8.35e-10,1
12230,7.95e-10,1
12240,7.22e-10,1
12250,6.3e-10,1
12260,5.23e-10,1
12270,4.2e-10,1
12280,3.19e-10,1
12290,2.39e-10,1
12300,1.79e-10,1
12310,1.36e-10,1
12320,1.05e-10,1
12330,8.32e-11,1
12340,6.89e-11,1
12350,5.89e-11,1
12360,5.14e-11,1
12370,4.6e-11,1
12380,4.19e-11,1
12390,3.94e-11,1
12400,3.9e-11,1
12410,4.07e-11,1
12420,4.39e-11,1
12430,4.82e-11,1
12440,5.29e-11,1
12450,5.75e-11,1
12460,6.09e-11,1
12470,6.28e-11,1
12480,6.31e-11,1
12490,6.19e-11,1
12500,6.04e-11,1
12510,5.85e-11,1
12520,5.71e-11,1
12530,5.68e-11,1
12540,5.68e-11,1
12550,5.64e-11,1
12560,5.58e-11,1
12570,5.51e-11,1
12580,5.48e-11,1
12590,5.45e-11,1
12600,5.57e-11,1
12610,5.77e-11,1
12620,5.96e-11,1
12630,6.05e-11,1
12640,5.89e-11,1
12650,5.43e-11,1
12660,4.77e-11,1
12670,4.02e-11,1
12680,3.25e-11,1
12690,2.5e-11,1
12700,1.82e-11,1
12710,1.31e-11,1
12720,9.32e-12,1
12730,6.58e-12,1
12740,4.64e-12,1
12750,3.35e-12,1
12760,2.53e-12,1
12770,1.96e-12,1
12780,1.58e-12,1
12790,1.31e-12,1
12800,1.11e-12,1
12810,9.58e-13,1
12820,8.32e-13,1
12830,7.31e-13,1
12840,6.43e-13,1
12850,5.62e-13,1
12860,4.89e-13,1
12870,4.27e-13,1
12880,3.73e-13,1
12890,3.25e-13,1
12900,2.84e-13,1
12910,2.5e-13,1
12920,2.21e-13,1
12930,1.95e-13,1
12940,1.72e-13,1
12950,1.52e-13,1
12960,1.34e-13,1
12970,1.18e-13,1
12980,1.05e-13,1
12990,9.26e-14,1
13000,8.21e-14,1
13010,7.29e-14,1
13020,6.48e-14,1
13030,5.77e-14,1
13040,5.15e-14,1
13050,4.62e-14,1
13060,4.17e-14,1
13070,3.79e-14,1
13080,3.49e-14,1
13090,3.26e-14,1
13100,3.09e-14,1
13110,3e-14,1
13120,2.98e-14,1
13130,3.04e-14,1
13140,3.2e-14,1
13150,3.49e-14,1
13160,3.96e-14,1
13170,4.68e-14,1
13180,5.78e-14,1
13190,7.42e-14,1
13200,9.8e-14,1
13210,1.32e-13,1
13220,1.79e-13,1
13230,2.23e-13,1
13240,2.65e-13,1
13250,3.02e-13,1
13260,3.38e-13,1
13270,3.74e-13,1
13280,4.05e-13,1
13290,4.42e-13,1
13300,4.94e-13,1
13310,5.48e-13,1
13320,6.11e-13,1
13330,6.77e-13,1
13340,7.56e-13,1
13350,8.49e-13,1
13360,9.59e-13,1
13370,1.09e-12,1
13380,1.27e-12,1
13390,1.48e-12,1
13400,1.73e-12,1
13410,2.08e-12,1
13420,2.48e-12,1
13430,3.03e-12,1
13440,3.88e-12,1
13450,4.86e-12,1
13460,6.25e-12,1
13470,8.05e-12,1
13480,1.04e-11,1
13490,1.37e-11,1
13500,1.75e-11,1
13510,2.2e-11,1
13520,2.75e-11,1
13530,3.35e-11,1
13540,4.08e-11,1
13550,4.79e-11,1
13560,5.44e-11,1
13570,5.99e-11,1
13580,6.46e-11,1
13590,6.82e-11,1
13600,7.13e-11,1
13610,7.62e-11,1
13620,8.36e-11,1
13630,9.59e-11,1
13640,1.15e-10,1
13650,1.38e-10,1
13660,1.67e-10,1
13670,1.99e-10,1
13680,2.35e-10,1
13690,2.74e-10,1
13700,3.11e-10,1
13710,3.51e-10,1
13720,3.89e-10,1
13730,4.21e-10,1
13740,4.49e-10,1
13750,4.66e-10,1
13760,4.86e-10,1
13770,4.96e-10,1
13780,5.08e-10,1
13790,5.2e-10,1
13800,5.29e-10,1
13810,5.3e-10,1
13820,5.22e-10,1
13830,5.16e-10,1
13840,5.18e-10,1
13850,5.35e-10,1
13860,5.68e-10,1
13870,6.07e-10,1
13880,6.42e-10,1
13890,6.6e-10,1
13900,6.39e-10,1
13910,5.83e-10,1
13920,5.03e-10,1
13930,4.11e-10,1
13940,3.2e-10,1
13950,2.35e-10,1
13960,1.7e-10,1
13970,1.2e-10,1
13980,8.54e-11,1
13990,6.31e-11,1
14000,4.92e-11,1
14010,4.01e-11,1
14020,3.38e-11,1
14030,2.97e-11,1
14040,2.71e-11,1
14050,2.55e-11,1
14060,2.45e-11,1
14070,2.42e-11,1
14080,2.43e-11,1
14090,2.49e-11,1
14100,2.6e-11,1
14110,2.73e-11,1
14120,2.91e-11,1
14130,3.16e-11,1
14140,3.45e-11,1
14150,3.81e-11,1
14160,4.14e-11,1
14170,4.54e-11,1
14180,5.02e-11,1
14190,5.48e-11,1
14200,6.11e-11,1
14210,6.72e-11,1
14220,7.37e-11,1
14230,7.99e-11,1
14240,8.5e-11,1
14250,9.01e-11,1
14260,9.3e-11,1
14270,9.52e-11,1
14280,9.64e-11,1
14290,9.59e-11,1
14300,9.39e-11,1
14310,9.14e-11,1
14320,8.95e-11,1
14330,8.97e-11,1
14340,9.3e-11,1
14350,9.91e-11,1
14360,1.06e-10,1
14370,1.12e-10,1
14380,1.14e-10,1
14390,1.1e-10,1
14400,1e-10,1
14410,8.68e-11,1
14420,7.14e-11,1
14430,5.61e-11,1
14440,4.17e-11,1
14450,3.05e-11,1
14460,2.18e-11,1
14470,1.55e-11,1
14480,1.11e-11,1
14490,8.29e-12,1
14500,6.38e-12,1
14510,5.07e-12,1
14520,4.2e-12,1
14530,3.64e-12,1
14540,3.28e-12,1
14550,3.03e-12,1
14560,2.9e-12,1
14570,2.78e-12,1
14580,2.67e-12,1
14590,2.52e-12,1
14600,2.34e-12,1
14610,2.15e-12,1
14620,1.95e-12,1
14630,1.75e-12,1
14640,1.54e-12,1
14650,1.32e-12,1
14660,1.13e-12,1
14670,9.55e-13,1
14680,7.9e-13,1
14690,6.44e-13,1
14700,5.18e-13,1
14710,4.14e-13,1
14720,3.32e-13,1
14730,2.67e-13,1
14740,2.18e-13,1
14750,1.83e-13,1
14760,1.56e-13,1
14770,1.35e-13,1
14780,1.18e-13,1
14790,1.05e-13,1
14800,9.31e-14,1
14810,8.35e-14,1
14820,7.55e-14,1
14830,6.89e-14,1
14840,6.36e-14,1
14850,5.96e-14,1
14860,5.69e-14,1
14870,5.56e-14,1
14880,5.6e-14,1
14890,5.86e-14,1
14900,6.42e-14,1
14910,7.33e-14,1
14920,8.85e-14,1
14930,1.14e-13,1
14940,1.49e-13,1
14950,1.97e-13,1
14960,2.69e-13,1
14970,3.61e-13,1
14980,4.79e-13,1
14990,6.04e-13,1
15000,7.51e-13,1
15010,9.2e-13,1
15020,1.09e-12,1
15030,1.26e-12,1
15040,1.39e-12,1
15050,1.53e-12,1
15060,1.64e-12,1
15070,1.71e-12,1
15080,1.77e-12,1
15090,1.88e-12,1
15100,2.08e-12,1
15110,2.37e-12,1
15120,2.82e-12,1
15130,3.42e-12,1
15140,4.18e-12,1
15150,5.18e-12,1
15160,6.47e-12,1
15170,7.98e-12,1
15180,9.97e-12,1
15190,1.22e-11,1
15200,1.47e-11,1
15210,1.75e-11,1
15220,2.05e-11,1
15230,2.38e-11,1
15240,2.66e-11,1
15250,2.91e-11,1
15260,3.09e-11,1
15270,3.21e-11,1
15280,3.29e-11,1
15290,3.31e-11,1
15300,3.37e-11,1
15310,3.49e-11,1
15320,3.69e-11,1
15330,3.82e-11,1
15340,3.92e-11,1
15350,4.05e-11,1
15360,4.17e-11,1
15370,4.3e-11,1
15380,4.42e-11,1
15390,4.61e-11,1
15400,4.78e-11,1
15410,4.83e-11,1
15420,4.69e-11,1
15430,4.31e-11,1
15440,3.81e-11,1
15450,3.21e-11,1
15460,2.61e-11,1
15470,2.04e-11,1
15480,1.56e-11,1
15490,1.2e-11,1
15500,9.2e-12,1
15510,7.1e-12,1
15520,5.65e-12,1
15530,4.63e-12,1
15540,3.86e-12,1
15550,3.27e-12,1
15560,2.83e-12,1
15570,2.48e-12,1
15580,2.22e-12,1
15590,2.03e-12,1
15600,1.91e-12,1
15610,1.84e-12,1
15620,1.82e-12,1
15630,1.82e-12,1
15640,1.86e-12,1
15650,1.94e-12,1
15660,2.11e-12,1
15670,2.36e-12,1
15680,2.6e-12,1
15690,2.94e-12,1
15700,3.31e-12,1
15710,3.73e-12,1
15720,4.17e-12,1
15730,4.57e-12,1
15740,4.98e-12,1
15750,5.26e-12,1
15760,5.54e-12,1
15770,5.79e-12,1
15780,6.05e-12,1
15790,6.38e-12,1
15800,6.71e-12,1
15810,6.93e-12,1
15820,7.03e-12,1
15830,7.05e-12,1
15840,7.05e-12,1
15850,7.16e-12,1
15860,7.37e-12,1
15870,7.79e-12,1
15880,8.3e-12,1
15890,8.65e-12,1
15900,8.76e-12,1
15910,8.32e-12,1
15920,7.51e-12,1
15930,6.48e-12,1
15940,5.31e-12,1
15950,4.18e-12,1
15960,3.07e-12,1
15970,2.22e-12,1
15980,1.57e-12,1
15990,1.09e-12,1
16000,7.39e-13,1
16010,5.11e-13,1
16020,3.66e-13,1
16030,2.68e-13,1
16040,2e-13,1
16050,1.56e-13,1
16060,1.27e-13,1
16070,1.06e-13,1
16080,9.05e-14,1
16090,7.85e-14,1
16100,6.9e-14,1
16110,6.1e-14,1
16120,5.42e-14,1
16130,4.84e-14,1
16140,4.32e-14,1
16150,3.87e-14,1
16160,3.47e-14,1
16170,3.12e-14,1
16180,2.8e-14,1
16190,2.52e-14,1
16200,2.27e-14,1
16210,2.05e-14,1
16220,1.86e-14,1
16230,1.69e-14,1
16240,1.55e-14,1
16250,1.43e-14,1
16260,1.33e-14,1
16270,1.25e-14,1
16280,1.2e-14,1
16290,1.16e-14,1
16300,1.15e-14,1
16310,1.16e-14,1
16320,1.19e-14,1
16330,1.25e-14,1
16340,1.34e-14,1
16350,1.45e-14,1
16360,1.6e-14,1
16370,1.78e-14,1
16380,2.01e-14,1
16390,2.27e-14,1
16400,2.59e-14,1
16410,2.96e-14,1
16420,3.4e-14,1
16430,3.92e-14,1
16440,4.53e-14,1
16450,5.24e-14,1
16460,6.08e-14,1
16470,7.09e-14,1
16480,8.31e-14,1
16490,9.81e-14,1
16500,1.17e-13,1
16510,1.42e-13,1
16520,1.78e-13,1
16530,2.25e-13,1
16540,2.79e-13,1
16550,3.5e-13,1
16560,4.4e-13,1
16570,5.53e-13,1
16580,6.92e-13,1
16590,8.92e-13,1
16600,1.15e-12,1
16610,1.48e-12,1
16620,1.92e-12,1
16630,2.54e-12,1
16640,3.37e-12,1
16650,4.37e-12,1
16660,5.71e-12,1
16670,7.26e-12,1
16680,8.98e-12,1
16690,1.1e-11,1
16700,1.34e-11,1
16710,1.59e-11,1
16720,1.86e-11,1
16730,2.14e-11,1
16740,2.4e-11,1
16750,2.69e-11,1
16760,2.98e-11,1
16770,3.33e-11,1
16780,3.77e-11,1
16790,4.25e-11,1
16800,4.75e-11,1
16810,5.11e-11,1
16820,5.37e-11,1
16830,5.56e-11,1
16840,5.61e-11,1
16850,5.67e-11,1
16860,5.68e-11,1
16870,5.78e-11,1
16880,5.86e-11,1
16890,5.91e-11,1
16900,5.93e-11,1
16910,5.91e-11,1
16920,5.92e-11,1
16930,5.93e-11,1
16940,5.94e-11,1
16950,5.87e-11,1
16960,5.65e-11,1
16970,5.21e-11,1
16980,4.54e-11,1
16990,3.82e-11,1
17000,3.07e-11,1
17010,2.37e-11,1
17020,1.78e-11,1
17030,1.32e-11,1
17040,9.82e-12,1
17050,7.34e-12,1
17060,5.59e-12,1
17070,4.33e-12,1
17080,3.42e-12,1
17090,2.74e-12,1
17100,2.23e-12,1
17110,1.86e-12,1
17120,1.56e-12,1
17130,1.35e-12,1
17140,1.17e-12,1
17150,1.05e-12,1
17160,9.54e-13,1
17170,8.83e-13,1
17180,8.34e-13,1
17190,8.1e-13,1
17200,8.11e-13,1
17210,8.2e-13,1
17220,8.46e-13,1
17230,8.83e-13,1
17240,9.33e-13,1
17250,9.92e-13,1
17260,1.07e-12,1
17270,1.19e-12,1
17280,1.35e-12,1
17290,1.58e-12,1
17300,1.86e-12,1
17310,2.17e-12,1
17320,2.52e-12,1
17330,2.92e-12,1
17340,3.36e-12,1
17350,3.83e-12,1
17360,4.3e-12,1
17370,4.83e-12,1
17380,5.37e-12,1
17390,5.81e-12,1
17400,6.23e-12,1
17410,6.48e-12,1
17420,6.77e-12,1
17430,6.99e-12,1
17440,7.17e-12,1
17450,7.47e-12,1
17460,7.66e-12,1
17470,7.77e-12,1
17480,7.77e-12,1
17490,7.72e-12,1
17500,7.77e-12,1
17510,7.97e-12,1
17520,8.4e-12,1
17530,8.9e-12,1
17540,9.42e-12,1
17550,9.71e-12,1
17560,9.55e-12,1
17570,8.85e-12,1
17580,7.68e-12,1
17590,6.39e-12,1
17600,5.02e-12,1
17610,3.74e-12,1
17620,2.68e-12,1
17630,1.87e-12,1
17640,1.33e-12,1
17650,9.48e-13,1
17660,7e-13,1
17670,5.37e-13,1
17680,4.17e-13,1
17690,3.33e-13,1
17700,2.76e-13,1
17710,2.35e-13,1
17720,2.04e-13,1
17730,1.78e-13,1
17740,1.59e-13,1
17750,1.42e-13,1
17760,1.23e-13,1
17770,1.06e-13,1
17780,8.95e-14,1
17790,7.45e-14,1
17800,6.06e-14,1
17810,5.02e-14,1
17820,4.22e-14,1
17830,3.61e-14,1
17840,3.13e-14,1
17850,2.75e-14,1
17860,2.45e-14,1
17870,2.19e-14,1
17880,1.97e-14,1
17890,1.79e-14,1
17900,1.63e-14,1
17910,1.49e-14,1
17920,1.38e-14,1
17930,1.29e-14,1
17940,1.22e-14,1
17950,1.17e-14,1
17960,1.14e-14,1
17970,1.14e-14,1
17980,1.18e-14,1
17990,1.26e-14,1
18000,1.41e-14,1
18010,1.65e-14,1
18020,2.04e-14,1
18030,2.65e-14,1
18040,3.59e-14,1
18050,4.87e-14,1
18060,6.41e-14,1
18070,8.47e-14,1
18080,1.07e-13,1
18090,1.32e-13,1
18100,1.66e-13,1
18110,2.07e-13,1
18120,2.62e-13,1
18130,3.21e-13,1
18140,3.94e-13,1
18150,4.84e-13,1
18160,5.81e-13,1
18170,6.84e-13,1
18180,7.73e-13,1
18190,8.67e-13,1
18200,9.62e-13,1
18210,1.06e-12,1
18220,1.19e-12,1
18230,1.35e-12,1
18240,1.56e-12,1
18250,1.85e-12,1
18260,2.21e-12,1
18270,2.66e-12,1
18280,3.14e-12,1
18290,3.6e-12,1
18300,3.99e-12,1
18310,4.22e-12,1
18320,4.36e-12,1
18330,4.35e-12,1
18340,4.25e-12,1
18350,4.1e-12,1
18360,3.99e-12,1
18370,3.95e-12,1
18380,3.87e-12,1
18390,3.83e-12,1
18400,3.82e-12,1
18410,3.89e-12,1
18420,3.98e-12,1
18430,4.06e-12,1
18440,4.19e-12,1
18450,4.22e-12,1
18460,4.17e-12,1
18470,3.9e-12,1
18480,3.5e-12,1
18490,3.03e-12,1
18500,2.49e-12,1
18510,1.99e-12,1
18520,1.51e-12,1
18530,1.15e-12,1
18540,8.68e-13,1
18550,6.53e-13,1
18560,4.89e-13,1
18570,3.78e-13,1
18580,2.92e-13,1
18590,2.25e-13,1
18600,1.74e-13,1
18610,1.35e-13,1
18620,1.07e-13,1
18630,8.54e-14,1
18640,7.02e-14,1
18650,5.95e-14,1
18660,5.13e-14,1
18670,4.48e-14,1
18680,3.89e-14,1
18690,3.34e-14,1
18700,2.94e-14,1
18710,2.63e-14,1
18720,2.42e-14,1
18730,2.3e-14,1
18740,2.27e-14,1
18750,2.37e-14,1
18760,2.56e-14,1
18770,2.78e-14,1
18780,3.16e-14,1
18790,3.8e-14,1
18800,4.86e-14,1
18810,6.25e-14,1
18820,8.15e-14,1
18830,1.01e-13,1
18840,1.24e-13,1
18850,1.49e-13,1
18860,1.73e-13,1
18870,1.99e-13,1
18880,2.22e-13,1
18890,2.44e-13,1
18900,2.61e-13,1
18910,2.72e-13,1
18920,2.85e-13,1
18930,2.94e-13,1
18940,3.1e-13,1
18950,3.29e-13,1
18960,3.5e-13,1
18970,3.62e-13,1
18980,3.66e-13,1
18990,3.7e-13,1
19000,3.72e-13,1
19010,3.83e-13,1
19020,4.01e-13,1
19030,4.26e-13,1
19040,4.51e-13,1
19050,4.64e-13,1
19060,4.49e-13,1
19070,4.05e-13,1
19080,3.45e-13,1
19090,2.79e-13,1
19100,2.12e-13,1
19110,1.46e-13,1
19120,9.67e-14,1
19130,6.18e-14,1
19140,3.98e-14,1
19150,2.63e-14,1
19160,1.81e-14,1
19170,1.32e-14,1
19180,1.03e-14,1
19190,8.42e-15,1
19200,7.22e-15,1
19210,6.39e-15,1
19220,5.78e-15,1
19230,5.33e-15,1
19240,5e-15,1
19250,4.76e-15,1
19260,4.61e-15,1
19270,4.54e-15,1
19280,4.55e-15,1
19290,4.64e-15,1
19300,4.81e-15,1
19310,5.06e-15,1
19320,5.41e-15,1
19330,5.87e-15,1
19340,6.44e-15,1
19350,7.15e-15,1
19360,8.02e-15,1
19370,9.1e-15,1
19380,1.05e-14,1
19390,1.22e-14,1
19400,1.46e-14,1
19410,1.8e-14,1
19420,2.28e-14,1
19430,2.98e-14,1
19440,4.02e-14,1
19450,5.53e-14,1
19460,7.81e-14,1
19470,1.04e-13,1
19480,1.31e-13,1
19490,1.58e-13,1
19500,1.89e-13,1
19510,2.2e-13,1
19520,2.54e-13,1
19530,3.01e-13,1
19540,3.67e-13,1
19550,4.43e-13,1
19560,5.42e-13,1
19570,6.85e-13,1
19580,8.44e-13,1
19590,1.04e-12,1
19600,1.31e-12,1
19610,1.61e-12,1
19620,1.95e-12,1
19630,2.38e-12,1
19640,2.88e-12,1
19650,3.42e-12,1
19660,4.03e-12,1
19670,4.65e-12,1
19680,5.24e-12,1
19690,5.7e-12,1
19700,6.09e-12,1
19710,6.39e-12,1
19720,6.48e-12,1
19730,6.58e-12,1
19740,6.66e-12,1
19750,6.7e-12,1
19760,6.66e-12,1
19770,6.65e-12,1
19780,6.8e-12,1
19790,7.09e-12,1
19800,7.54e-12,1
19810,8.06e-12,1
19820,8.62e-12,1
19830,8.89e-12,1
19840,8.68e-12,1
19850,8.04e-12,1
19860,7e-12,1
19870,5.83e-12,1
19880,4.58e-12,1
19890,3.49e-12,1
19900,2.71e-12,1
19910,2.1e-12,1
19920,1.65e-12,1
19930,1.31e-12,1
19940,1.06e-12,1
19950,8.35e-13,1
19960,6.45e-13,1
19970,5.02e-13,1
19980,3.94e-13,1
19990,3.09e-13,1
20000,2.46e-13,1
