-4,8.391e-13,1,0
-2,8.359e-13,1,0
0,8.345e-13,1,0
2,8.359e-13,1,0
4,8.391e-13,1,0
6,8.439e-13,1,0
8,8.5e-13,1,0
10,8.573e-13,1,0
12,8.655e-13,1,0
14,8.75e-13,1,0
16,8.859e-13,1,0
18,8.981e-13,1,0
20,9.119e-13,1,0
22,9.273e-13,1,0
24,9.442e-13,1,0
26,9.626e-13,1,0
28,9.825e-13,1,0
30,1.004e-12,1,0
32,1.027e-12,1,0
34,1.052e-12,1,0
36,1.078e-12,1,0
38,1.106e-12,1,0
40,1.135e-12,1,0
42,1.166e-12,1,0
44,1.199e-12,1,0
46,1.233e-12,1,0
48,1.27e-12,1,0
50,1.308e-12,1,0
52,1.347e-12,1,0
54,1.389e-12,1,0
56,1.432e-12,1,0
58,1.478e-12,1,0
60,1.525e-12,1,0
62,1.574e-12,1,0
64,1.625e-12,1,0
66,1.678e-12,1,0
68,1.734e-12,1,0
70,1.791e-12,1,0
72,1.85e-12,1,0
74,1.912e-12,1,0
76,1.976e-12,1,0
78,2.042e-12,1,0
80,2.11e-12,1,0
82,2.181e-12,1,0
84,2.254e-12,1,0
86,2.329e-12,1,0
88,2.408e-12,1,0
90,2.488e-12,1,0
92,2.572e-12,1,0
94,2.658e-12,1,0
96,2.746e-12,1,0
98,2.838e-12,1,0
100,2.933e-12,1,0
102,3.03e-12,1,0
104,3.13e-12,1,0
106,3.234e-12,1,0
108,3.341e-12,1,0
110,3.451e-12,1,0
112,3.564e-12,1,0
114,3.681e-12,1,0
116,3.801e-12,1,0
118,3.925e-12,1,0
120,4.053e-12,1,0
122,4.184e-12,1,0
124,4.32e-12,1,0
126,4.459e-12,1,0
128,4.603e-12,1,0
130,4.75e-12,1,0
132,4.902e-12,1,0
134,5.059e-12,1,0
136,5.22e-12,1,0
138,5.386e-12,1,0
140,5.556e-12,1,0
142,5.732e-12,1,0
144,5.912e-12,1,0
146,6.098e-12,1,0
148,6.29e-12,1,0
150,6.487e-12,1,0
152,6.689e-12,1,0
154,6.897e-12,1,0
156,7.112e-12,1,0
158,7.333e-12,1,0
160,7.56e-12,1,0
162,7.793e-12,1,0
164,8.034e-12,1,0
166,8.281e-12,1,0
168,8.535e-12,1,0
170,8.797e-12,1,0
172,9.067e-12,1,0
174,9.344e-12,1,0
176,9.629e-12,1,0
178,9.923e-12,1,0
180,1.023e-11,1,0
182,1.054e-11,1,0
184,1.086e-11,1,0
186,1.119e-11,1,0
188,1.152e-11,1,0
190,1.187e-11,1,0
192,1.223e-11,1,0
194,1.26e-11,1,0
196,1.298e-11,1,0
198,1.338e-11,1,0
200,1.378e-11,1,0
202,1.419e-11,1,0
204,1.462e-11,1,0
206,1.506e-11,1,0
208,1.552e-11,1,0
210,1.598e-11,1,0
212,1.646e-11,1,0
214,1.696e-11,1,0
216,1.747e-11,1,0
218,1.799e-11,1,0
220,1.854e-11,1,0
222,1.909e-11,1,0
224,1.967e-11,1,0
226,2.026e-11,1,0
228,2.087e-11,1,0
230,2.15e-11,1,0
232,2.214e-11,1,0
234,2.281e-11,1,0
236,2.35e-11,1,0
238,2.421e-11,1,0
240,2.494e-11,1,0
242,2.569e-11,1,0
244,2.647e-11,1,0
246,2.727e-11,1,0
248,2.81e-11,1,0
250,2.895e-11,1,0
252,2.983e-11,1,0
254,3.073e-11,1,0
256,3.167e-11,1,0
258,3.263e-11,1,0
260,3.363e-11,1,0
262,3.466e-11,1,0
264,3.572e-11,1,0
266,3.681e-11,1,0
268,3.794e-11,1,0
270,3.91e-11,1,0
272,4.031e-11,1,0
274,4.155e-11,1,0
276,4.283e-11,1,0
278,4.416e-11,1,0
280,4.552e-11,1,0
282,4.694e-11,1,0
284,4.84e-11,1,0
286,4.991e-11,1,0
288,5.147e-11,1,0
290,5.308e-11,1,0
292,5.474e-11,1,0
294,5.646e-11,1,0
296,5.824e-11,1,0
298,6.008e-11,1,0
300,6.199e-11,1,0
302,6.395e-11,1,0
304,6.599e-11,1,0
306,6.809e-11,1,0
308,7.027e-11,1,0
310,7.253e-11,1,0
312,7.486e-11,1,0
314,7.728e-11,1,0
316,7.978e-11,1,0
318,8.237e-11,1,0
320,8.505e-11,1,0
322,8.782e-11,1,0
324,9.07e-11,1,0
326,9.368e-11,1,0
328,9.677e-11,1,0
330,9.997e-11,1,0
332,1.033e-10,1,0
334,1.067e-10,1,0
336,1.103e-10,1,0
338,1.14e-10,1,0
340,1.178e-10,1,0
342,1.218e-10,1,0
344,1.259e-10,1,0
346,1.302e-10,1,0
348,1.347e-10,1,0
350,1.393e-10,1,0
352,1.441e-10,1,0
354,1.491e-10,1,0
356,1.542e-10,1,0
358,1.596e-10,1,0
360,1.652e-10,1,0
362,1.71e-10,1,0
364,1.77e-10,1,0
366,1.833e-10,1,0
368,1.899e-10,1,0
370,1.966e-10,1,0
372,2.037e-10,1,0
374,2.111e-10,1,0
376,2.187e-10,1,0
378,2.267e-10,1,0
380,2.35e-10,1,0
382,2.437e-10,1,0
384,2.527e-10,1,0
386,2.621e-10,1,0
388,2.719e-10,1,0
390,2.821e-10,1,0
392,2.928e-10,1,0
394,3.039e-10,1,0
396,3.155e-10,1,0
398,3.276e-10,1,0
400,3.403e-10,1,0
402,3.535e-10,1,0
404,3.674e-10,1,0
406,3.818e-10,1,0
408,3.969e-10,1,0
410,4.127e-10,1,0
412,4.293e-10,1,0
414,4.466e-10,1,0
416,4.647e-10,1,0
418,4.837e-10,1,0
420,5.036e-10,1,0
422,5.245e-10,1,0
424,5.464e-10,1,0
426,5.695e-10,1,0
428,5.937e-10,1,0
430,6.191e-10,1,0
432,6.459e-10,1,0
434,6.742e-10,1,0
436,7.039e-10,1,0
438,7.353e-10,1,0
440,7.683e-10,1,0
442,8.032e-10,1,0
444,8.4e-10,1,0
446,8.785e-10,1,0
448,9.213e-10,1,0
450,9.661e-10,1,0
452,1.013e-09,1,0
454,1.062e-09,1,0
456,1.114e-09,1,0
458,1.169e-09,1,0
460,1.226e-09,1,0
462,1.286e-09,1,0
464,1.35e-09,1,0
466,1.417e-09,1,0
468,1.488e-09,1,0
470,1.564e-09,1,0
472,1.643e-09,1,0
474,1.728e-09,1,0
476,1.818e-09,1,0
478,1.914e-09,1,0
480,2.016e-09,1,0
482,2.126e-09,1,0
484,2.244e-09,1,0
486,2.378e-09,1,0
488,2.522e-09,1,0
490,2.677e-09,1,0
492,2.843e-09,1,0
494,3.024e-09,1,0
496,3.22e-09,1,0
498,3.437e-09,1,0
500,3.676e-09,1,0
502,3.941e-09,1,0
504,4.236e-09,1,0
506,4.565e-09,1,0
508,4.931e-09,1,0
510,5.336e-09,1,0
512,5.784e-09,1,0
514,6.276e-09,1,0
516,6.817e-09,1,0
518,7.41e-09,1,0
520,8.108e-09,1,0
522,9.238e-09,1,0
524,1.044e-08,1,0
526,1.167e-08,1,0
528,1.292e-08,1,0
530,1.419e-08,1,0
532,1.548e-08,1,0
534,1.679e-08,1,0
536,1.816e-08,1,0
538,1.956e-08,1,0
540,2.103e-08,1,0
542,2.258e-08,1,0
544,2.425e-08,1,0
546,2.609e-08,1,0
548,2.815e-08,1,0
550,3.051e-08,1,0
552,3.326e-08,1,0
554,3.653e-08,1,0
556,4.04e-08,1,0
558,4.546e-08,1,0
560,5.16e-08,1,0
562,5.909e-08,1,0
564,6.836e-08,1,0
566,7.995e-08,1,0
568,9.457e-08,1,0
570,1.13e-07,1,0
572,1.366e-07,1,0
574,1.731e-07,1,0
576,2.156e-07,1,0
578,2.655e-07,1,0
580,3.241e-07,1,0
582,3.927e-07,1,0
584,4.723e-07,1,0
586,5.639e-07,1,0
588,6.685e-07,1,0
590,7.872e-07,1,0
592,9.51e-07,1,0
594,1.199e-06,1,0
596,1.528e-06,1,0
598,1.847e-06,1,0
600,2.155e-06,1,0
602,2.453e-06,1,0
604,2.742e-06,1,0
606,3.026e-06,1,0
608,3.308e-06,1,0
610,3.594e-06,1,0
612,3.895e-06,1,0
614,4.227e-06,1,0
616,4.609e-06,1,0
618,5.073e-06,1,0
620,5.66e-06,1,0
622,6.406e-06,1,0
624,7.41e-06,1,0
626,8.801e-06,1,0
628,1.052e-05,1,0
630,1.261e-05,1,0
632,1.512e-05,1,0
634,1.808e-05,1,0
636,2.149e-05,1,0
638,2.535e-05,1,0
640,2.97e-05,1,0
642,3.413e-05,1,0
644,4.573e-05,1,0
646,6.122e-05,1,0
648,7.642e-05,1,0
650,9.099e-05,1,0
652,0.0001048,1,0
654,0.0001176,1,0
656,0.0001294,1,0
658,0.0001398,1,0
660,0.0001488,1,0
662,0.0001561,1,0
664,0.0001616,1,0
666,0.0001653,1,0
668,0.000167,1,0
670,0.0001666,1,0
672,0.0001642,1,0
674,0.0001599,1,0
676,0.0001538,1,0
678,0.000146,1,0
680,0.0001365,1,0
682,0.0001256,1,0
684,0.0001132,1,0
686,9.969e-05,1,0
688,8.499e-05,1,0
690,6.925e-05,1,0
692,5.26e-05,1,0
694,4.198e-05,1,0
696,3.475e-05,1,0
698,2.933e-05,1,0
700,2.457e-05,1,0
702,2.043e-05,1,0
704,1.69e-05,1,0
706,1.394e-05,1,0
708,1.151e-05,1,0
710,9.559e-06,1,0
712,8.021e-06,1,0
714,6.826e-06,1,0
716,5.92e-06,1,0
718,5.232e-06,1,0
720,4.703e-06,1,0
722,4.285e-06,1,0
724,3.941e-06,1,0
726,3.643e-06,1,0
728,3.368e-06,1,0
730,3.106e-06,1,0
732,2.847e-06,1,0
734,2.585e-06,1,0
736,2.316e-06,1,0
738,2.04e-06,1,0
740,1.755e-06,1,0
742,1.463e-06,1,0
744,1.165e-06,1,0
746,9.093e-07,1,0
748,8.07e-07,1,0
750,6.991e-07,1,0
752,6.009e-07,1,0
754,5.118e-07,1,0
756,4.319e-07,1,0
758,3.612e-07,1,0
760,2.996e-07,1,0
762,2.465e-07,1,0
764,2.012e-07,1,0
766,1.633e-07,1,0
768,1.37e-07,1,0
770,1.172e-07,1,0
772,1.015e-07,1,0
774,8.892e-08,1,0
776,7.876e-08,1,0
778,7.053e-08,1,0
780,6.378e-08,1,0
782,5.817e-08,1,0
784,5.367e-08,1,0
786,4.988e-08,1,0
788,4.66e-08,1,0
790,4.372e-08,1,0
792,4.113e-08,1,0
794,3.874e-08,1,0
796,3.651e-08,1,0
798,3.439e-08,1,0
800,3.234e-08,1,0
802,3.033e-08,1,0
804,2.836e-08,1,0
806,2.641e-08,1,0
808,2.448e-08,1,0
810,2.255e-08,1,0
812,2.062e-08,1,0
814,1.869e-08,1,0
816,1.677e-08,1,0
818,1.532e-08,1,0
820,1.417e-08,1,0
822,1.317e-08,1,0
824,1.226e-08,1,0
826,1.143e-08,1,0
828,1.068e-08,1,0
830,1.001e-08,1,0
832,9.396e-09,1,0
834,8.846e-09,1,0
836,8.35e-09,1,0
838,7.902e-09,1,0
840,7.496e-09,1,0
842,7.125e-09,1,0
844,6.784e-09,1,0
846,6.467e-09,1,0
848,6.171e-09,1,0
850,5.892e-09,1,0
852,5.629e-09,1,0
854,5.379e-09,1,0
856,5.161e-09,1,0
858,4.952e-09,1,0
860,4.756e-09,1,0
862,4.571e-09,1,0
864,4.396e-09,1,0
866,4.232e-09,1,0
868,4.077e-09,1,0
870,3.93e-09,1,0
872,3.792e-09,1,0
874,3.662e-09,1,0
876,3.541e-09,1,0
878,3.426e-09,1,0
880,3.32e-09,1,0
882,3.221e-09,1,0
884,3.129e-09,1,0
886,3.045e-09,1,0
888,2.967e-09,1,0
890,2.898e-09,1,0
892,2.839e-09,1,0
894,2.788e-09,1,0
896,2.743e-09,1,0
898,2.706e-09,1,0
900,2.676e-09,1,0
902,2.653e-09,1,0
904,2.638e-09,1,0
906,2.633e-09,1,0
908,2.64e-09,1,0
910,2.661e-09,1,0
912,2.7e-09,1,0
914,2.76e-09,1,0
916,2.844e-09,1,0
918,2.953e-09,1,0
920,3.092e-09,1,0
922,3.26e-09,1,0
924,3.459e-09,1,0
926,3.685e-09,1,0
928,3.936e-09,1,0
930,4.205e-09,1,0
932,4.482e-09,1,0
934,4.756e-09,1,0
936,5.015e-09,1,0
938,5.255e-09,1,0
940,5.479e-09,1,0
942,5.696e-09,1,0
944,5.915e-09,1,0
946,6.139e-09,1,0
948,6.369e-09,1,0
950,6.596e-09,1,0
952,6.811e-09,1,0
954,6.999e-09,1,0
956,7.148e-09,1,0
958,7.244e-09,1,0
960,7.28e-09,1,0
962,7.252e-09,1,0
964,7.159e-09,1,0
966,7.007e-09,1,0
968,6.799e-09,1,0
970,6.547e-09,1,0
972,6.26e-09,1,0
974,5.948e-09,1,0
976,5.618e-09,1,0
978,5.279e-09,1,0
980,4.935e-09,1,0
982,4.584e-09,1,0
984,4.224e-09,1,0
986,3.849e-09,1,0
988,3.457e-09,1,0
990,3.055e-09,1,0
992,2.658e-09,1,0
994,2.285e-09,1,0
996,1.948e-09,1,0
998,1.661e-09,1,0
1000,1.429e-09,1,0
1002,1.254e-09,1,0
1004,1.133e-09,1,0
1006,1.06e-09,1,0
1008,1.031e-09,1,0
1010,1.038e-09,1,0
1012,1.079e-09,1,0
1014,1.151e-09,1,0
1016,1.254e-09,1,0
1018,1.391e-09,1,0
1020,1.564e-09,1,0
1022,1.777e-09,1,0
1024,2.033e-09,1,0
1026,2.335e-09,1,0
1028,2.682e-09,1,0
1030,3.072e-09,1,0
1032,3.497e-09,1,0
1034,3.947e-09,1,0
1036,4.407e-09,1,0
1038,4.859e-09,1,0
1040,5.293e-09,1,0
1042,5.707e-09,1,0
1044,6.108e-09,1,0
1046,6.51e-09,1,0
1048,6.919e-09,1,0
1050,7.337e-09,1,0
1052,7.762e-09,1,0
1054,8.178e-09,1,0
1056,8.573e-09,1,0
1058,8.923e-09,1,0
1060,9.211e-09,1,0
1062,9.419e-09,1,0
1064,9.536e-09,1,0
1066,9.554e-09,1,0
1068,9.473e-09,1,0
1070,9.3e-09,1,0
1072,9.043e-09,1,0
1074,8.715e-09,1,0
1076,8.33e-09,1,0
1078,7.904e-09,1,0
1080,7.447e-09,1,0
1082,6.968e-09,1,0
1084,6.471e-09,1,0
1086,5.955e-09,1,0
1088,5.414e-09,1,0
1090,4.843e-09,1,0
1092,4.246e-09,1,0
1094,3.644e-09,1,0
1096,3.054e-09,1,0
1098,2.504e-09,1,0
1100,2.01e-09,1,0
1102,1.584e-09,1,0
1104,1.234e-09,1,0
1106,9.578e-10,1,0
1108,7.49e-10,1,0
1110,5.962e-10,1,0
1112,4.887e-10,1,0
1114,4.149e-10,1,0
1116,3.652e-10,1,0
1118,3.309e-10,1,0
1120,3.067e-10,1,0
1122,2.892e-10,1,0
1124,2.758e-10,1,0
1126,2.65e-10,1,0
1128,2.56e-10,1,0
1130,2.482e-10,1,0
1132,2.413e-10,1,0
1134,2.351e-10,1,0
1136,2.295e-10,1,0
1138,2.244e-10,1,0
1140,2.197e-10,1,0
1142,2.154e-10,1,0
1144,2.113e-10,1,0
1146,2.075e-10,1,0
1148,2.039e-10,1,0
1150,2.005e-10,1,0
1152,1.973e-10,1,0
1154,1.942e-10,1,0
1156,1.912e-10,1,0
1158,1.884e-10,1,0
1160,1.857e-10,1,0
1162,1.831e-10,1,0
1164,1.805e-10,1,0
1166,1.781e-10,1,0
1168,1.757e-10,1,0
1170,1.734e-10,1,0
1172,1.712e-10,1,0
1174,1.691e-10,1,0
1176,1.67e-10,1,0
1178,1.649e-10,1,0
1180,1.629e-10,1,0
1182,1.61e-10,1,0
1184,1.591e-10,1,0
1186,1.573e-10,1,0
1188,1.555e-10,1,0
1190,1.537e-10,1,0
1192,1.52e-10,1,0
1194,1.503e-10,1,0
1196,1.487e-10,1,0.144
1198,1.471e-10,1,0.571
1200,1.455e-10,1,0.895
1202,1.44e-10,1,0.875
1204,1.425e-10,1,0.547
1206,1.41e-10,1,0.255
1208,1.396e-10,1,0.134
1210,1.381e-10,1,0.0906
1212,1.368e-10,1,0.0683
1214,1.354e-10,1,0.053
1216,1.341e-10,1,0.0424
1218,1.328e-10,1,0.035
1220,1.315e-10,1,0.0301
1222,1.303e-10,1,0
1224,1.29e-10,1,0
1226,1.278e-10,1,0
1228,1.267e-10,1,0
1230,1.255e-10,1,0
1232,1.244e-10,1,0
1234,1.233e-10,1,0
1236,1.222e-10,1,0
1238,1.211e-10,1,0
1240,1.201e-10,1,0
1242,1.19e-10,1,0
1244,1.18e-10,1,0
1246,1.17e-10,1,0
1248,1.161e-10,1,0
1250,1.151e-10,1,0
1252,1.142e-10,1,0
1254,1.133e-10,1,0
1256,1.124e-10,1,0
1258,1.115e-10,1,0
1260,1.106e-10,1,0
1262,1.098e-10,1,0
1264,1.089e-10,1,0
1266,1.081e-10,1,0
1268,1.073e-10,1,0
1270,1.065e-10,1,0
1272,1.058e-10,1,0
1274,1.05e-10,1,0
1276,1.043e-10,1,0
1278,1.036e-10,1,0
1280,1.028e-10,1,0
1282,1.022e-10,1,0
1284,1.015e-10,1,0
1286,1.008e-10,1,0
1288,1.001e-10,1,0
1290,9.95e-11,1,0
1292,9.887e-11,1,0
1294,9.825e-11,1,0
1296,9.765e-11,1,0
1298,9.705e-11,1,0
1300,9.647e-11,1,0
1302,9.591e-11,1,0
1304,9.535e-11,1,0
1306,9.48e-11,1,0
1308,9.427e-11,1,0
1310,9.375e-11,1,0
1312,9.324e-11,1,0
1314,9.274e-11,1,0
1316,9.225e-11,1,0
1318,9.177e-11,1,0
1320,9.131e-11,1,0
1322,9.085e-11,1,0
1324,9.04e-11,1,0
1326,8.997e-11,1,0
1328,8.954e-11,1,0
1330,8.913e-11,1,0
1332,8.872e-11,1,0
1334,8.833e-11,1,0
1336,8.794e-11,1,0
1338,8.757e-11,1,0
1340,8.72e-11,1,0
1342,8.684e-11,1,0
1344,8.65e-11,1,0
1346,8.616e-11,1,0
1348,8.583e-11,1,0
1350,8.551e-11,1,0
1352,8.52e-11,1,0
1354,8.49e-11,1,0
1356,8.461e-11,1,0
1358,8.432e-11,1,0
1360,8.405e-11,1,0
1362,8.378e-11,1,0
1364,8.352e-11,1,0
1366,8.327e-11,1,0
1368,8.303e-11,1,0
1370,8.28e-11,1,0
1372,8.257e-11,1,0
1374,8.236e-11,1,0
1376,8.215e-11,1,0
1378,8.195e-11,1,0
1380,8.176e-11,1,0
1382,8.158e-11,1,0
1384,8.14e-11,1,0
1386,8.123e-11,1,0
1388,8.107e-11,1,0
1390,8.092e-11,1,0
1392,8.078e-11,1,0
1394,8.064e-11,1,0
1396,8.051e-11,1,0
1398,8.039e-11,1,0
1400,8.028e-11,1,0
1402,8.018e-11,1,0
1404,8.008e-11,1,0
1406,7.999e-11,1,0
1408,7.991e-11,1,0
1410,7.983e-11,1,0
1412,7.976e-11,1,0
1414,7.971e-11,1,0
1416,7.965e-11,1,0
1418,7.961e-11,1,0
1420,7.957e-11,1,0
1422,7.954e-11,1,0
1424,7.952e-11,1,0
1426,7.951e-11,1,0
1428,7.95e-11,1,0
1430,7.95e-11,1,0
1432,7.951e-11,1,0
1434,7.952e-11,1,0
1436,7.955e-11,1,0
1438,7.958e-11,1,0
1440,7.961e-11,1,0
1442,7.966e-11,1,0
1444,7.971e-11,1,0
1446,7.977e-11,1,0
1448,7.984e-11,1,0
1450,7.991e-11,1,0
1452,8e-11,1,0
1454,8.009e-11,1,0
1456,8.018e-11,1,0
1458,8.029e-11,1,0
1460,8.04e-11,1,0
1462,8.052e-11,1,0
1464,8.065e-11,1,0
1466,8.079e-11,1,0
1468,8.093e-11,1,0
1470,8.108e-11,1,0
1472,8.124e-11,1,0
1474,8.141e-11,1,0
1476,8.158e-11,1,0
1478,8.176e-11,1,0
1480,8.195e-11,1,0
1482,8.215e-11,1,0
1484,8.235e-11,1,0
1486,8.257e-11,1,0
1488,8.279e-11,1,0
1490,8.302e-11,1,0
1492,8.326e-11,1,0
1494,8.35e-11,1,0
1496,8.376e-11,1,0
1498,8.402e-11,1,0
1500,8.429e-11,1,0
1502,8.457e-11,1,0
1504,8.486e-11,1,0
1506,8.515e-11,1,0
1508,8.546e-11,1,0
1510,8.577e-11,1,0
1512,8.609e-11,1,0
1514,8.642e-11,1,0
1516,8.676e-11,1,0
1518,8.711e-11,1,0
1520,8.747e-11,1,0
1522,8.783e-11,1,0
1524,8.821e-11,1,0
1526,8.859e-11,1,0
1528,8.898e-11,1,0
1530,8.939e-11,1,0
1532,8.98e-11,1,0
1534,9.022e-11,1,0
1536,9.065e-11,1,0
1538,9.109e-11,1,0
1540,9.155e-11,1,0
1542,9.201e-11,1,0
1544,9.248e-11,1,0
1546,9.296e-11,1,0
1548,9.345e-11,1,0
1550,9.395e-11,1,0
1552,9.446e-11,1,0
1554,9.499e-11,1,0
1556,9.552e-11,1,0
1558,9.606e-11,1,0
1560,9.662e-11,1,0
1562,9.719e-11,1,0
1564,9.776e-11,1,0
1566,9.835e-11,1,0
1568,9.895e-11,1,0
1570,9.956e-11,1,0
1572,1.002e-10,1,0
1574,1.008e-10,1,0
1576,1.015e-10,1,0
1578,1.021e-10,1,0
1580,1.028e-10,1,0
1582,1.035e-10,1,0
1584,1.042e-10,1,0
1586,1.049e-10,1,0
1588,1.056e-10,1,0
1590,1.063e-10,1,0
1592,1.071e-10,1,0
1594,1.079e-10,1,0
1596,1.086e-10,1,0
1598,1.094e-10,1,0
1600,1.102e-10,1,0
1602,1.111e-10,1,0
1604,1.119e-10,1,0
1606,1.127e-10,1,0
1608,1.136e-10,1,0
1610,1.145e-10,1,0
1612,1.154e-10,1,0
1614,1.163e-10,1,0
1616,1.172e-10,1,0
1618,1.181e-10,1,0
1620,1.191e-10,1,0
1622,1.201e-10,1,0
1624,1.211e-10,1,0
1626,1.221e-10,1,0
1628,1.231e-10,1,0
1630,1.241e-10,1,0
1632,1.252e-10,1,0
1634,1.263e-10,1,0
1636,1.274e-10,1,0
1638,1.285e-10,1,0
1640,1.296e-10,1,0
1642,1.308e-10,1,0
1644,1.319e-10,1,0
1646,1.331e-10,1,0
1648,1.344e-10,1,0
1650,1.356e-10,1,0
1652,1.368e-10,1,0
1654,1.381e-10,1,0
1656,1.394e-10,1,0
1658,1.407e-10,1,0
1660,1.421e-10,1,0
1662,1.435e-10,1,0
1664,1.448e-10,1,0
1666,1.463e-10,1,0
1668,1.477e-10,1,0
1670,1.492e-10,1,0
1672,1.506e-10,1,0
1674,1.522e-10,1,0
1676,1.537e-10,1,0
1678,1.553e-10,1,0
1680,1.568e-10,1,0
1682,1.585e-10,1,0
1684,1.601e-10,1,0
1686,1.618e-10,1,0
1688,1.635e-10,1,0
1690,1.652e-10,1,0
1692,1.67e-10,1,0
1694,1.688e-10,1,0
1696,1.706e-10,1,0
1698,1.725e-10,1,0
1700,1.744e-10,1,0
1702,1.763e-10,1,0
1704,1.782e-10,1,0
1706,1.802e-10,1,0
1708,1.823e-10,1,0
1710,1.843e-10,1,0
1712,1.864e-10,1,0
1714,1.886e-10,1,0
1716,1.907e-10,1,0
1718,1.929e-10,1,0
1720,1.952e-10,1,0
1722,1.975e-10,1,0
1724,1.998e-10,1,0
1726,2.022e-10,1,0
1728,2.046e-10,1,0
1730,2.071e-10,1,0
1732,2.096e-10,1,0
1734,2.122e-10,1,0
1736,2.148e-10,1,0
1738,2.174e-10,1,0
1740,2.202e-10,1,0
1742,2.229e-10,1,0
1744,2.257e-10,1,0
1746,2.286e-10,1,0
1748,2.315e-10,1,0
1750,2.345e-10,1,0
1752,2.375e-10,1,0
1754,2.406e-10,1,0
1756,2.438e-10,1,0
1758,2.47e-10,1,0
1760,2.503e-10,1,0
1762,2.536e-10,1,0
1764,2.57e-10,1,0
1766,2.605e-10,1,0
1768,2.641e-10,1,0
1770,2.677e-10,1,0
1772,2.714e-10,1,0
1774,2.752e-10,1,0
1776,2.791e-10,1,0
1778,2.831e-10,1,0
1780,2.871e-10,1,0
1782,2.913e-10,1,0
1784,2.955e-10,1,0
1786,2.999e-10,1,0
1788,3.043e-10,1,0
1790,3.089e-10,1,0
1792,3.136e-10,1,0
1794,3.184e-10,1,0
1796,3.234e-10,1,0
1798,3.285e-10,1,0
1800,3.337e-10,1,0
1802,3.391e-10,1,0
1804,3.447e-10,1,0
1806,3.505e-10,1,0
1808,3.564e-10,1,0
1810,3.626e-10,1,0
1812,3.689e-10,1,0
1814,3.754e-10,1,0
1816,3.822e-10,1,0
1818,3.892e-10,1,0
1820,3.965e-10,1,0
1822,4.041e-10,1,0
1824,4.12e-10,1,0
1826,4.203e-10,1,0
1828,4.29e-10,1,0
1830,4.381e-10,1,0
1832,4.478e-10,1,0
1834,4.581e-10,1,0
1836,4.691e-10,1,0
1838,4.807e-10,1,0
1840,4.931e-10,1,0
1842,5.062e-10,1,0
1844,5.2e-10,1,0
1846,5.346e-10,1,0
1848,5.499e-10,1,0
1850,5.659e-10,1,0
1852,5.826e-10,1,0
1854,6.002e-10,1,0
1856,6.189e-10,1,0
1858,6.392e-10,1,0
1860,6.606e-10,1,0
1862,6.834e-10,1,0
1864,7.08e-10,1,0
1866,7.348e-10,1,0
1868,7.643e-10,1,0
1870,7.974e-10,1,0
1872,8.351e-10,1,0
1874,8.791e-10,1,0
1876,9.301e-10,1,0
1878,9.894e-10,1,0
1880,1.059e-09,1,0
1882,1.14e-09,1,0
1884,1.235e-09,1,0
1886,1.346e-09,1,0
1888,1.472e-09,1,0
1890,1.616e-09,1,0
1892,1.777e-09,1,0
1894,1.954e-09,1,0
1896,2.147e-09,1,0
1898,2.347e-09,1,0
1900,2.549e-09,1,0
1902,2.747e-09,1,0
1904,2.941e-09,1,0
1906,3.126e-09,1,0
1908,3.309e-09,1,0
1910,3.589e-09,1,0
1912,3.848e-09,1,0
1914,4.066e-09,1,0
1916,4.238e-09,1,0
1918,4.365e-09,1,0
1920,4.445e-09,1,0
1922,4.481e-09,1,0
1924,4.474e-09,1,0
1926,4.426e-09,1,0
1928,4.341e-09,1,0
1930,4.223e-09,1,0
1932,4.076e-09,1,0
1934,3.905e-09,1,0
1936,3.717e-09,1,0
1938,3.516e-09,1,0
1940,3.308e-09,1,0
1942,3.1e-09,1,0
1944,2.897e-09,1,0
1946,2.701e-09,1,0
1948,2.514e-09,1,0
1950,2.332e-09,1,0
1952,2.156e-09,1,0
1954,1.985e-09,1,0
1956,1.819e-09,1,0
1958,1.659e-09,1,0
1960,1.635e-09,1,0
1962,1.63e-09,1,0
1964,1.634e-09,1,0
1966,1.642e-09,1,0
1968,1.654e-09,1,0
1970,1.668e-09,1,0
1972,1.685e-09,1,0
1974,1.705e-09,1,0
1976,1.728e-09,1,0
1978,1.754e-09,1,0
1980,1.785e-09,1,0
1982,1.819e-09,1,0
1984,1.859e-09,1,0
1986,1.903e-09,1,0
1988,1.952e-09,1,0
1990,2.007e-09,1,0
1992,2.068e-09,1,0
1994,2.134e-09,1,0
1996,2.207e-09,1,0
1998,2.287e-09,1,0
2000,2.374e-09,1,0
2002,2.469e-09,0.9998,0
2004,2.573e-09,0.9997,0
2006,2.686e-09,0.9996,0
2008,2.81e-09,0.9995,0
2010,2.947e-09,0.9994,0
2012,3.098e-09,0.9992,0
2014,3.285e-09,0.9991,0
2016,3.494e-09,0.9991,0
2018,3.729e-09,0.999,0
2020,3.999e-09,0.999,0
2022,4.311e-09,0.9989,0
2024,4.677e-09,0.9988,0
2026,5.11e-09,0.9988,0
2028,5.628e-09,0.9987,0
2030,6.239e-09,0.9986,0
2032,6.963e-09,0.9985,0
2034,7.806e-09,0.9984,0
2036,8.772e-09,0.9983,0
2038,9.86e-09,0.9982,0
2040,1.106e-08,0.9981,0
2042,1.236e-08,0.998,0
2044,1.375e-08,0.9979,0
2046,1.519e-08,0.9978,0
2048,1.666e-08,0.9976,0
2050,1.817e-08,0.9975,0
2052,1.962e-08,0.9973,0
2054,2.24e-08,0.9972,0
2056,2.516e-08,0.997,0
2058,2.762e-08,0.9969,0
2060,2.977e-08,0.9967,0
2062,3.157e-08,0.9965,0
2064,3.303e-08,0.9963,0
2066,3.411e-08,0.9961,0
2068,3.479e-08,0.9958,0
2070,3.524e-08,0.9956,0
2072,3.533e-08,0.9954,0
2074,3.506e-08,0.9951,0
2076,3.445e-08,0.9948,0
2078,3.353e-08,0.9946,0
2080,3.236e-08,0.9943,0
2082,3.096e-08,0.994,0
2084,2.939e-08,0.9936,0
2086,2.769e-08,0.9933,0
2088,2.589e-08,0.9929,0
2090,2.404e-08,0.9926,0
2092,2.215e-08,0.9922,0
2094,2.024e-08,0.9918,0
2096,1.832e-08,0.9913,0
2098,1.64e-08,0.9909,0
2100,1.449e-08,0.9904,0
2102,1.261e-08,0.9899,0
2104,1.203e-08,0.9894,0
2106,1.188e-08,0.9889,0
2108,1.185e-08,0.9884,0
2110,1.188e-08,0.9878,0
2112,1.195e-08,0.9872,0
2114,1.205e-08,0.9866,0
2116,1.216e-08,0.9859,0
2118,1.228e-08,0.9853,0
2120,1.25e-08,0.9846,0
2122,1.278e-08,0.9838,0
2124,1.307e-08,0.9831,0
2126,1.337e-08,0.9823,0
2128,1.369e-08,0.9815,0
2130,1.402e-08,0.9806,0
2132,1.436e-08,0.9798,0
2134,1.474e-08,0.9789,0
2136,1.513e-08,0.9779,0
2138,1.556e-08,0.977,0
2140,1.601e-08,0.9759,0
2142,1.651e-08,0.9749,0
2144,1.703e-08,0.9738,0
2146,1.76e-08,0.9727,0
2148,1.821e-08,0.9716,0
2150,1.886e-08,0.9704,0
2152,1.957e-08,0.9691,0
2154,2.032e-08,0.9679,0
2156,2.119e-08,0.9666,0
2158,2.213e-08,0.9652,0
2160,2.313e-08,0.9638,0
2162,2.42e-08,0.9624,0
2164,2.534e-08,0.9609,0
2166,2.656e-08,0.9594,0
2168,2.785e-08,0.9578,0
2170,2.923e-08,0.9562,0
2172,3.07e-08,0.9546,0
2174,3.228e-08,0.9529,0
2176,3.396e-08,0.9511,0
2178,3.577e-08,0.9493,0
2180,3.772e-08,0.9475,0
2182,3.981e-08,0.9456,0
2184,4.207e-08,0.9436,0
2186,4.451e-08,0.9417,0
2188,4.715e-08,0.9396,0
2190,5.001e-08,0.9375,0
2192,5.313e-08,0.9354,0
2194,5.654e-08,0.9332,0
2196,6.027e-08,0.931,0
2198,6.438e-08,0.9287,0
2200,6.891e-08,0.9264,0
2202,7.395e-08,0.924,0
2204,7.959e-08,0.9216,0
2206,8.594e-08,0.9191,0
2208,9.315e-08,0.9166,0
2210,1.014e-07,0.914,0
2212,1.109e-07,0.9114,0
2214,1.22e-07,0.9087,0
2216,1.351e-07,0.906,0
2218,1.506e-07,0.9032,0
2220,1.691e-07,0.9004,0
2222,1.914e-07,0.8976,0
2224,2.184e-07,0.8947,0
2226,2.511e-07,0.8917,0
2228,2.91e-07,0.8887,0
2230,3.396e-07,0.8857,0
2232,3.986e-07,0.8827,0
2234,4.703e-07,0.8796,0
2236,5.565e-07,0.8764,0
2238,6.598e-07,0.8732,0
2240,7.824e-07,0.87,0
2242,9.26e-07,0.8668,0
2244,1.092e-06,0.8635,0
2246,1.282e-06,0.8602,0
2248,1.495e-06,0.8568,0
2250,1.73e-06,0.8534,0
2252,1.984e-06,0.85,0
2254,2.254e-06,0.8466,0
2256,2.533e-06,0.8432,0
2258,2.816e-06,0.8397,0
2260,3.1e-06,0.8362,0
2262,3.386e-06,0.8327,0
2264,3.683e-06,0.8292,0
2266,3.999e-06,0.8257,0
2268,4.343e-06,0.8221,0
2270,4.721e-06,0.8186,0
2272,5.14e-06,0.8151,0
2274,5.603e-06,0.8115,0
2276,6.119e-06,0.808,0
2278,6.699e-06,0.8044,0
2280,7.361e-06,0.8009,0
2282,8.132e-06,0.7973,0
2284,9.049e-06,0.7938,0
2286,1.017e-05,0.7903,0
2288,1.155e-05,0.7868,0
2290,1.329e-05,0.7833,0
2292,1.549e-05,0.7799,0
2294,1.827e-05,0.7764,0
2296,2.178e-05,0.773,0
2298,2.619e-05,0.7697,0
2300,3.169e-05,0.7663,0
2302,3.845e-05,0.763,0
2304,4.668e-05,0.7597,0
2306,5.656e-05,0.7565,0
2308,6.822e-05,0.7533,0
2310,8.175e-05,0.7502,0
2312,9.719e-05,0.7471,0
2314,0.0001145,0.7441,0
2316,0.0001334,0.7411,0
2318,0.0001537,0.7382,0
2320,0.0001748,0.7354,0
2322,0.000196,0.7326,0
2324,0.0002167,0.7298,0
2326,0.0002363,0.7272,0
2328,0.0002549,0.7246,0
2330,0.0002731,0.7221,0
2332,0.0002911,0.7197,0
2334,0.0003094,0.7173,0
2336,0.0003277,0.715,0
2338,0.0003458,0.7129,0
2340,0.0003629,0.7108,0
2342,0.0003782,0.7088,0
2344,0.000391,0.7068,0
2346,0.0004003,0.705,0
2348,0.0004058,0.7033,0
2350,0.0004069,0.7016,0
2352,0.0004038,0.7001,0
2354,0.0003964,0.6986,0
2356,0.0003853,0.6973,0
2358,0.0003709,0.6961,0
2360,0.0003538,0.6949,0
2362,0.0003348,0.6939,0
2364,0.0003143,0.693,0
2366,0.0002928,0.6921,0
2368,0.0002707,0.6914,0
2370,0.0002481,0.6908,0
2372,0.000225,0.6903,0
2374,0.000201,0.6899,0
2376,0.000176,0.6897,0
2378,0.0001504,0.6895,0
2380,0.000125,0.6895,0
2382,0.000101,0.6895,0
2384,7.907e-05,0.6895,0
2386,6.005e-05,0.6895,0
2388,4.43e-05,0.6895,0
2390,3.18e-05,0.6908,0
2392,2.231e-05,0.7014,0
2394,1.544e-05,0.7121,0
2396,1.069e-05,0.7227,0
2398,7.481e-06,0.7552,0
2400,5.397e-06,0.8071,0
2402,4.055e-06,0.84,0
2404,3.178e-06,0.9012,0
2406,2.581e-06,0.9542,0
2408,2.153e-06,1.0044,0
2410,1.827e-06,1.033,0
2412,1.568e-06,1.0554,0
2414,1.357e-06,1.0766,0
2416,1.182e-06,1.0967,0
2418,1.035e-06,1.116,0
2420,9.114e-07,1.1346,0
2422,8.059e-07,1.1525,0
2424,7.156e-07,1.17,0
2426,6.378e-07,1.1869,0
2428,5.706e-07,1.2035,0
2430,5.122e-07,1.2196,0
2432,4.612e-07,1.2354,0
2434,4.165e-07,1.2509,0
2436,3.771e-07,1.2662,0
2438,3.424e-07,1.2811,0
2440,3.116e-07,1.2958,0
2442,2.843e-07,1.3103,0
2444,2.599e-07,1.3245,0
2446,2.381e-07,1.3386,0
2448,2.186e-07,1.3525,0
2450,2.01e-07,1.3661,0
2452,1.852e-07,1.3796,0
2454,1.709e-07,1.393,0
2456,1.58e-07,1.4062,0
2458,1.463e-07,1.4193,0
2460,1.356e-07,1.4322,0
2462,1.259e-07,1.4449,0
2464,1.171e-07,1.4576,0
2466,1.09e-07,1.4701,0
2468,1.017e-07,1.4825,0
2470,9.489e-08,1.4949,0
2472,8.868e-08,1.507,0
2474,8.297e-08,1.5191,0
2476,7.772e-08,1.5311,0
2478,7.288e-08,1.543,0
2480,6.841e-08,1.5548,0
2482,6.428e-08,1.555,0
2484,6.045e-08,1.555,0
2486,5.691e-08,1.555,0
2488,5.362e-08,1.555,0
2490,5.057e-08,1.555,0
2492,4.773e-08,1.555,0
2494,4.508e-08,1.555,0
2496,4.262e-08,1.555,0
2498,4.032e-08,1.555,0
2500,3.818e-08,1.555,0
2502,3.617e-08,1.555,0
2504,3.43e-08,1.555,0
2506,3.255e-08,1.555,0
2508,3.09e-08,1.555,0
2510,2.936e-08,1.555,0
2512,2.791e-08,1.555,0
2514,2.655e-08,1.555,0
2516,2.527e-08,1.555,0
2518,2.407e-08,1.555,0
2520,2.294e-08,1.555,0
2522,2.187e-08,1.5549,0
2524,2.087e-08,1.5547,0
2526,1.992e-08,1.5543,0
2528,1.902e-08,1.5539,0
2530,1.818e-08,1.5532,0
2532,1.738e-08,1.5525,0
2534,1.662e-08,1.5516,0
2536,1.59e-08,1.5506,0
2538,1.522e-08,1.5494,0
2540,1.458e-08,1.5481,0
2542,1.397e-08,1.5467,0
2544,1.339e-08,1.5452,0
2546,1.284e-08,1.5435,0
2548,1.232e-08,1.5417,0
2550,1.183e-08,1.5397,0
2552,1.136e-08,1.5377,0
2554,1.091e-08,1.5355,0
2556,1.048e-08,1.5332,0
2558,1.008e-08,1.5308,0
2560,9.691e-09,1.5282,0
2562,9.322e-09,1.5255,0
2564,8.971e-09,1.5228,0
2566,8.636e-09,1.5199,0
2568,8.316e-09,1.5169,0
2570,8.011e-09,1.5137,0
2572,7.72e-09,1.5105,0
2574,7.441e-09,1.5072,0
2576,7.175e-09,1.5037,0
2578,6.921e-09,1.5002,0
2580,6.677e-09,1.4966,0
2582,6.444e-09,1.4929,0
2584,6.221e-09,1.489,0
2586,6.008e-09,1.4851,0
2588,5.803e-09,1.4811,0
2590,5.607e-09,1.4771,0
2592,5.419e-09,1.4729,0
2594,5.239e-09,1.4686,0
2596,5.066e-09,1.4643,0
2598,4.9e-09,1.4599,0
2600,4.74e-09,1.4555,0
2602,4.587e-09,1.4509,0
2604,4.44e-09,1.4463,0
2606,4.299e-09,1.4417,0
2608,4.163e-09,1.437,0
2610,4.033e-09,1.4322,0
2612,3.907e-09,1.4274,0
2614,3.787e-09,1.4225,0
2616,3.671e-09,1.4176,0
2618,3.559e-09,1.4126,0
2620,3.451e-09,1.4076,0
2622,3.347e-09,1.4025,0
2624,3.247e-09,1.3974,0
2626,3.151e-09,1.3923,0
2628,3.058e-09,1.3872,0
2630,2.969e-09,1.382,0
2632,2.883e-09,1.3768,0
2634,2.799e-09,1.3716,0
2636,2.719e-09,1.3663,0
2638,2.642e-09,1.3611,0
2640,2.567e-09,1.3558,0
2642,2.495e-09,1.3505,0
2644,2.425e-09,1.3452,0
2646,2.357e-09,1.34,0
2648,2.292e-09,1.3347,0
2650,2.229e-09,1.3294,0
2652,2.169e-09,1.3241,0
2654,2.11e-09,1.3188,0
2656,2.053e-09,1.3135,0
2658,1.998e-09,1.3083,0
2660,1.945e-09,1.303,0
2662,1.893e-09,1.2978,0
2664,1.843e-09,1.2926,0
2666,1.795e-09,1.2874,0
2668,1.748e-09,1.2822,0
2670,1.703e-09,1.2771,0
2672,1.659e-09,1.272,0
2674,1.617e-09,1.2669,0
2676,1.576e-09,1.2618,0
2678,1.536e-09,1.2568,0
2680,1.497e-09,1.2518,0
2682,1.46e-09,1.2468,0
2684,1.424e-09,1.2419,0
2686,1.388e-09,1.237,0
2688,1.354e-09,1.2322,0
2690,1.321e-09,1.2274,0
2692,1.289e-09,1.2227,0
2694,1.258e-09,1.218,0
2696,1.227e-09,1.2133,0
2698,1.198e-09,1.2087,0
2700,1.169e-09,1.2041,0
2702,1.142e-09,1.1996,0
2704,1.115e-09,1.1952,0
2706,1.088e-09,1.1907,0
2708,1.063e-09,1.1864,0
2710,1.038e-09,1.1821,0
2712,1.014e-09,1.1778,0
2714,9.908e-10,1.1737,0
2716,9.681e-10,1.1695,0
2718,9.46e-10,1.1654,0
2720,9.246e-10,1.1614,0
2722,9.037e-10,1.1575,0
2724,8.834e-10,1.1536,0
2726,8.636e-10,1.1497,0
2728,8.444e-10,1.146,0
2730,8.257e-10,1.1422,0
2732,8.074e-10,1.1386,0
2734,7.897e-10,1.135,0
2736,7.724e-10,1.1314,0
2738,7.556e-10,1.128,0
2740,7.393e-10,1.1246,0
2742,7.233e-10,1.1212,0
2744,7.078e-10,1.1179,0
2746,6.927e-10,1.1147,0
2748,6.779e-10,1.1115,0
2750,6.636e-10,1.1084,0
2752,6.496e-10,1.1053,0
2754,6.359e-10,1.1024,0
2756,6.226e-10,1.0994,0
2758,6.097e-10,1.0966,0
2760,5.97e-10,1.0938,0
2762,5.847e-10,1.091,0
2764,5.727e-10,1.0883,0
2766,5.61e-10,1.0857,0
2768,5.495e-10,1.0831,0
2770,5.384e-10,1.0806,0
2772,5.275e-10,1.0781,0
2774,5.169e-10,1.0757,0
2776,5.065e-10,1.0734,0
2778,4.964e-10,1.0711,0
2780,4.865e-10,1.0688,0
2782,4.769e-10,1.0667,0
2784,4.675e-10,1.0645,0
2786,4.583e-10,1.0624,0
2788,4.493e-10,1.0604,0
2790,4.406e-10,1.0584,0
2792,4.32e-10,1.0565,0
2794,4.236e-10,1.0546,0
2796,4.155e-10,1.0528,0
2798,4.075e-10,1.051,0
2800,3.997e-10,1.0493,0
2802,3.921e-10,1.0476,0
2804,3.846e-10,1.046,0
2806,3.774e-10,1.0444,0
2808,3.703e-10,1.0429,0
2810,3.633e-10,1.0414,0
2812,3.565e-10,1.0399,0
2814,3.499e-10,1.0385,0
2816,3.434e-10,1.0371,0
2818,3.37e-10,1.0358,0
2820,3.308e-10,1.0345,0
2822,3.248e-10,1.0332,0
2824,3.188e-10,1.032,0
2826,3.13e-10,1.0308,0
2828,3.073e-10,1.0296,0
2830,3.018e-10,1.0285,0
2832,2.963e-10,1.0275,0
2834,2.91e-10,1.0264,0
2836,2.858e-10,1.0254,0
2838,2.807e-10,1.0244,0
2840,2.757e-10,1.0235,0
2842,2.708e-10,1.0226,0
2844,2.66e-10,1.0217,0
2846,2.613e-10,1.0208,0
2848,2.567e-10,1.02,0
2850,2.523e-10,1.0192,0
2852,2.479e-10,1.0184,0
2854,2.436e-10,1.0177,0
2856,2.393e-10,1.017,0
2858,2.352e-10,1.0163,0
2860,2.312e-10,1.0156,0
2862,2.272e-10,1.015,0
2864,2.233e-10,1.0143,0
2866,2.195e-10,1.0137,0
2868,2.158e-10,1.0132,0
2870,2.121e-10,1.0126,0
2872,2.086e-10,1.0121,0
2874,2.051e-10,1.0116,0
2876,2.016e-10,1.0111,0
2878,1.983e-10,1.0106,0
2880,1.95e-10,1.0101,0
2882,1.917e-10,1.0097,0
2884,1.886e-10,1.0092,0
2886,1.855e-10,1.0088,0
2888,1.824e-10,1.0084,0
2890,1.794e-10,1.0081,0
2892,1.765e-10,1.0077,0
2894,1.736e-10,1.0074,0
2896,1.708e-10,1.007,0
2898,1.68e-10,1.0067,0
2900,1.653e-10,1.0064,0
2902,1.627e-10,1.0061,0
2904,1.601e-10,1.0058,0
2906,1.575e-10,1.0055,0
2908,1.55e-10,1.0053,0
2910,1.525e-10,1.005,0
2912,1.501e-10,1.0048,0
2914,1.478e-10,1.0046,0
2916,1.454e-10,1.0043,0
2918,1.431e-10,1.0041,0
2920,1.409e-10,1.0039,0
2922,1.387e-10,1.0037,0
2924,1.366e-10,1.0036,0
2926,1.344e-10,1.0034,0
2928,1.324e-10,1.0032,0
2930,1.303e-10,1.003,0
2932,1.283e-10,1.0029,0
2934,1.264e-10,1.0027,0
2936,1.244e-10,1.0026,0
2938,1.225e-10,1.0025,0
2940,1.207e-10,1.0023,0
2942,1.189e-10,1.0022,0
2944,1.171e-10,1.0021,0
2946,1.153e-10,1.002,0
2948,1.136e-10,1.0019,0
2950,1.119e-10,1.0018,0
2952,1.102e-10,1.0017,0
2954,1.086e-10,1.0016,0
2956,1.07e-10,1.0015,0
2958,1.054e-10,1.0014,0
2960,1.039e-10,1.0014,0
2962,1.023e-10,1.0013,0
2964,1.008e-10,1.0012,0
2966,9.937e-11,1.0011,0
2968,9.793e-11,1.0011,0
2970,9.651e-11,1.001,0
2972,9.512e-11,1.001,0
2974,9.375e-11,1.0009,0
2976,9.241e-11,1.0009,0
2978,9.109e-11,1.0008,0
2980,8.979e-11,1.0007,0
2982,8.852e-11,1.0006,0
2984,8.726e-11,1.0005,0
2986,8.603e-11,1.0004,0
2988,8.483e-11,1.0003,0
2990,8.364e-11,1.0002,0
2992,8.247e-11,1.0001,0
2994,8.132e-11,1,0
2996,8.02e-11,1,0
2998,7.909e-11,1,0
3000,7.8e-11,1,0
3002,7.693e-11,1,0
3004,7.588e-11,1,0
3006,7.485e-11,1,0
3008,7.384e-11,1,0
3010,7.284e-11,1,0
3012,7.186e-11,1,0
3014,7.09e-11,1,0
3016,6.995e-11,1,0
3018,6.902e-11,1,0
3020,6.811e-11,1,0
3022,6.721e-11,1,0
3024,6.633e-11,1,0
3026,6.546e-11,1,0
3028,6.461e-11,1,0
3030,6.377e-11,1,0
3032,6.295e-11,1,0
3034,6.214e-11,1,0
3036,6.135e-11,1,0
3038,6.057e-11,1,0
3040,5.98e-11,1,0
3042,5.905e-11,1,0
3044,5.831e-11,1,0
3046,5.758e-11,1,0
3048,5.687e-11,1,0
3050,5.617e-11,1,0
3052,5.548e-11,1,0
3054,5.481e-11,1,0
3056,5.415e-11,1,0
3058,5.35e-11,1,0
3060,5.286e-11,1,0
3062,5.224e-11,1,0
3064,5.163e-11,1,0
3066,5.103e-11,1,0
3068,5.045e-11,1,0
3070,4.989e-11,1,0
3072,4.934e-11,1,0
3074,4.881e-11,1,0
3076,4.83e-11,1,0
3078,4.781e-11,1,0
3080,4.734e-11,1,0
3082,4.689e-11,1,0
3084,4.646e-11,1,0
3086,4.605e-11,1,0
3088,4.565e-11,1,0
3090,4.527e-11,1,0
3092,4.489e-11,1,0
3094,4.453e-11,1,0
3096,4.417e-11,1,0
3098,4.381e-11,1,0
3100,4.346e-11,1,0
3102,4.312e-11,1,0
3104,4.279e-11,1,0
3106,4.247e-11,1,0
3108,4.216e-11,1,0
3110,4.187e-11,1,0
3112,4.16e-11,1,0
3114,4.136e-11,1,0
3116,4.114e-11,1,0
3118,4.097e-11,1,0
3120,4.084e-11,1,0
3122,4.075e-11,1,0
3124,4.073e-11,1,0
3126,4.077e-11,1,0
3128,4.089e-11,1,0
3130,4.11e-11,1,0
3132,4.142e-11,1,0
3134,4.185e-11,1,0
3136,4.238e-11,1,0
3138,4.301e-11,1,0
3140,4.372e-11,1,0
3142,4.448e-11,1,0
3144,4.527e-11,1,0
3146,4.604e-11,1,0
3148,4.677e-11,1,0
3150,4.742e-11,1,0
3152,4.798e-11,1,0
3154,4.844e-11,1,0
3156,4.879e-11,1,0
3158,4.905e-11,1,0
3160,4.924e-11,1,0
3162,4.936e-11,1,0
3164,4.94e-11,1,0
3166,4.939e-11,1,0
3168,4.937e-11,1,0
3170,4.935e-11,1,0
3172,4.938e-11,1,0
3174,4.946e-11,1,0
3176,4.963e-11,1,0
3178,4.987e-11,1,0
3180,5.018e-11,1,0
3182,5.057e-11,1,0
3184,5.1e-11,1,0
3186,5.147e-11,1,0
3188,5.195e-11,1,0
3190,5.242e-11,1,0
3192,5.285e-11,1,0
3194,5.321e-11,1,0
3196,5.346e-11,1,0
3198,5.358e-11,1,0
3200,5.352e-11,1,0
3202,5.327e-11,1,0
3204,5.283e-11,1,0
3206,5.217e-11,1,0
3208,5.133e-11,1,0
3210,5.034e-11,1,0
3212,4.918e-11,1,0
3214,4.786e-11,1,0
3216,4.643e-11,1,0
3218,4.492e-11,1,0
3220,4.338e-11,1,0
3222,4.186e-11,1,0
3224,4.042e-11,1,0
3226,3.908e-11,1,0
3228,3.789e-11,1,0
3230,3.685e-11,1,0
3232,3.598e-11,1,0
3234,3.527e-11,1,0
3236,3.472e-11,1,0
3238,3.43e-11,1,0
3240,3.402e-11,1,0
3242,3.385e-11,1,0
3244,3.379e-11,1,0
3246,3.382e-11,1,0
3248,3.395e-11,1,0
3250,3.42e-11,1,0
3252,3.466e-11,1,0
3254,3.519e-11,1,0
3256,3.579e-11,1,0
3258,3.645e-11,1,0
3260,3.718e-11,1,0
3262,3.798e-11,1,0
3264,3.886e-11,1,0
3266,3.982e-11,1,0
3268,4.088e-11,1,0
3270,4.204e-11,1,0
3272,4.331e-11,1,0
3274,4.471e-11,1,0
3276,4.626e-11,1,0
3278,4.8e-11,1,0
3280,4.996e-11,1,0
3282,5.219e-11,1,0
3284,5.475e-11,1,0
3286,5.769e-11,1,0
3288,6.108e-11,1,0
3290,6.494e-11,1,0
3292,6.93e-11,1,0
3294,7.414e-11,1,0
3296,7.941e-11,1,0
3298,8.501e-11,1,0
3300,9.086e-11,1,0
3302,9.693e-11,1,0
3304,1.029e-10,1,0
3306,1.087e-10,1,0
3308,1.142e-10,1,0
3310,1.193e-10,1,0
3312,1.24e-10,1,0
3314,1.282e-10,1,0
3316,1.342e-10,1,0
3318,1.412e-10,1,0
3320,1.485e-10,1,0
3322,1.559e-10,1,0
3324,1.639e-10,1,0
3326,1.725e-10,1,0
3328,1.821e-10,1,0
3330,1.928e-10,1,0
3332,2.047e-10,1,0
3334,2.175e-10,1,0
3336,2.312e-10,1,0
3338,2.454e-10,1,0
3340,2.596e-10,1,0
3342,2.735e-10,1,0
3344,2.867e-10,1,0
3346,2.988e-10,1,0
3348,3.094e-10,1,0
3350,3.182e-10,1,0
3352,3.248e-10,1,0
3354,3.291e-10,1,0
3356,3.308e-10,1,0
3358,3.298e-10,1,0
3360,3.26e-10,1,0
3362,3.195e-10,1,0
3364,3.101e-10,1,0
3366,3e-10,1,0
3368,2.891e-10,1,0
3370,2.769e-10,1,0
3372,2.635e-10,1,0
3374,2.493e-10,1,0
3376,2.347e-10,1,0
3378,2.204e-10,1,0
3380,2.068e-10,1,0
3382,1.944e-10,1,0
3384,1.836e-10,1,0
3386,1.746e-10,1,0
3388,1.675e-10,1,0
3390,1.622e-10,1,0
3392,1.586e-10,1,0
3394,1.565e-10,1,0
3396,1.559e-10,1,0
3398,1.564e-10,1,0
3400,1.579e-10,1,0
3402,1.604e-10,1,0
3404,1.636e-10,1,0
3406,1.675e-10,1,0
3408,1.721e-10,1,0
3410,1.774e-10,1,0
3412,1.833e-10,1,0
3414,1.899e-10,1,0
3416,1.973e-10,1,0
3418,2.055e-10,1,0
3420,2.146e-10,1,0
3422,2.247e-10,1,0
3424,2.36e-10,1,0
3426,2.486e-10,1,0
3428,2.626e-10,1,0
3430,2.784e-10,1,0
3432,2.96e-10,1,0
3434,3.158e-10,1,0
3436,3.38e-10,1,0
3438,3.63e-10,1,0
3440,3.913e-10,1,0
3442,4.234e-10,1,0
3444,4.599e-10,1,0
3446,5.02e-10,1,0
3448,5.507e-10,1,0
3450,6.075e-10,1,0
3452,6.737e-10,1,0
3454,7.509e-10,1,0
3456,8.409e-10,1,0
3458,9.452e-10,1,0
3460,1.066e-09,1,0
3462,1.203e-09,1,0
3464,1.36e-09,1,0
3466,1.535e-09,1,0
3468,1.73e-09,1,0
3470,1.945e-09,1,0
3472,2.179e-09,1,0
3474,2.436e-09,1,0
3476,2.721e-09,1,0
3478,3.044e-09,1,0
3480,3.417e-09,1,0
3482,3.853e-09,1,0
3484,4.362e-09,1,0
3486,4.955e-09,1,0
3488,5.639e-09,1,0
3490,6.417e-09,1,0
3492,7.287e-09,1,0
3494,8.241e-09,1,0
3496,9.269e-09,1,0
3498,1.035e-08,1,0
3500,1.145e-08,1,0
3502,1.256e-08,1,0
3504,1.365e-08,1,0
3506,1.475e-08,1,0
3508,1.589e-08,1,0
3510,1.71e-08,1,0
3512,1.842e-08,1,0
3514,1.988e-08,1,0
3516,2.149e-08,1,0
3518,2.326e-08,1,0
3520,2.52e-08,1,0
3522,2.731e-08,1,0
3524,2.962e-08,1,0
3526,3.215e-08,1,0
3528,3.498e-08,1,0
3530,3.823e-08,1,0
3532,4.199e-08,1,0
3534,4.646e-08,1,0
3536,5.18e-08,1,0
3538,5.819e-08,1,0
3540,6.582e-08,1,0
3542,7.484e-08,1,0
3544,8.539e-08,1,0
3546,9.756e-08,1,0
3548,1.114e-07,1,0
3550,1.27e-07,1,0
3552,1.443e-07,1,0
3554,1.635e-07,1,0
3556,1.848e-07,1,0
3558,2.09e-07,1,0
3560,2.371e-07,1,0
3562,2.706e-07,1,0
3564,3.111e-07,1,0
3566,3.601e-07,1,0
3568,4.19e-07,1,0
3570,4.892e-07,1,0
3572,5.717e-07,1,0
3574,6.668e-07,1,0
3576,7.748e-07,1,0
3578,8.947e-07,1,0
3580,1.025e-06,1,0
3582,1.162e-06,1,0
3584,1.301e-06,1,0
3586,1.439e-06,1,0
3588,1.57e-06,1,0
3590,1.692e-06,1,0
3592,1.808e-06,1,0
3594,1.92e-06,1,0
3596,2.034e-06,1,0
3598,2.15e-06,1,0
3600,2.269e-06,1,0
3602,2.386e-06,1,0
3604,2.499e-06,1,0
3606,2.6e-06,1,0
3608,2.684e-06,1,0
3610,2.746e-06,1,0
3612,2.781e-06,1,0
3614,2.788e-06,1,0
3616,2.768e-06,1,0
3618,2.72e-06,1,0
3620,2.648e-06,1,0
3622,2.556e-06,1,0
3624,2.448e-06,1,0
3626,2.328e-06,1,0
3628,2.198e-06,1,0
3630,2.063e-06,1,0
3632,1.923e-06,1,0
3634,1.779e-06,1,0
3636,1.628e-06,1,0
3638,1.469e-06,1,0
3640,1.3e-06,1,0
3642,1.126e-06,1,0
3644,9.526e-07,1,0
3646,7.885e-07,1,0
3648,6.394e-07,1,0
3650,5.112e-07,1,0
3652,4.064e-07,1,0
3654,3.262e-07,1,0
3656,2.698e-07,1,0
3658,2.352e-07,1,0
3660,2.206e-07,1,0
3662,2.235e-07,1,0
3664,2.429e-07,1,0
3666,2.784e-07,1,0
3668,3.302e-07,1,0
3670,3.995e-07,1,0
3672,4.88e-07,1,0
3674,5.968e-07,1,0
3676,7.277e-07,1,0
3678,8.811e-07,1,0
3680,1.056e-06,1,0
3682,1.251e-06,1,0
3684,1.461e-06,1,0
3686,1.68e-06,1,0
3688,1.901e-06,1,0
3690,2.116e-06,1,0
3692,2.321e-06,1,0
3694,2.519e-06,1,0
3696,2.715e-06,1,0
3698,2.913e-06,1,0
3700,3.115e-06,1,0
3702,3.321e-06,1,0
3704,3.526e-06,1,0
3706,3.724e-06,1,0
3708,3.905e-06,1,0
3710,4.059e-06,1,0
3712,4.181e-06,1,0
3714,4.261e-06,1,0
3716,4.295e-06,1,0
3718,4.283e-06,1,0
3720,4.225e-06,1,0
3722,4.126e-06,1,0
3724,3.991e-06,1,0
3726,3.826e-06,1,0
3728,3.637e-06,1,0
3730,3.432e-06,1,0
3732,3.215e-06,1,0
3734,2.989e-06,1,0
3736,2.755e-06,1,0
3738,2.511e-06,1,0
3740,2.254e-06,1,0
3742,1.985e-06,1,0
3744,1.706e-06,1,0
3746,1.429e-06,1,0
3748,1.166e-06,1,0
3750,9.25e-07,1,0
3752,7.135e-07,1,0
3754,5.356e-07,1,0
3756,3.921e-07,1,0
3758,2.814e-07,1,0
3760,1.988e-07,1,0
3762,1.398e-07,1,0
3764,9.915e-08,1,0
3766,7.137e-08,1,0
3768,5.28e-08,1,0
3770,4.038e-08,1,0
3772,3.192e-08,1,0
3774,2.601e-08,1,0
3776,2.164e-08,1,0
3778,1.836e-08,1,0
3780,1.578e-08,1,0
3782,1.371e-08,1,0
3784,1.199e-08,1,0
3786,1.056e-08,1,0
3788,9.353e-09,1,0
3790,8.321e-09,1,0
3792,7.436e-09,1,0
3794,6.672e-09,1,0
3796,6.01e-09,1,0
3798,5.433e-09,1,0
3800,4.929e-09,1,0
3802,4.487e-09,1,0
3804,4.098e-09,1,0
3806,3.754e-09,1,0
3808,3.448e-09,1,0
3810,3.174e-09,1,0
3812,2.929e-09,1,0
3814,2.708e-09,1,0
3816,2.507e-09,1,0
3818,2.325e-09,1,0
3820,2.159e-09,1,0
3822,2.006e-09,1,0
3824,1.866e-09,1,0
3826,1.738e-09,1,0
3828,1.619e-09,1,0
3830,1.51e-09,1,0
3832,1.409e-09,1,0
3834,1.316e-09,1,0
3836,1.23e-09,1,0
3838,1.149e-09,1,0
3840,1.074e-09,1,0
3842,1.003e-09,1,0
3844,9.372e-10,1,0
3846,8.757e-10,1,0
3848,8.186e-10,1,0
3850,7.661e-10,1,0
3852,7.179e-10,1,0
3854,6.74e-10,1,0
3856,6.339e-10,1,0
3858,5.974e-10,1,0
3860,5.641e-10,1,0
3862,5.335e-10,1,0
3864,5.053e-10,1,0
3866,4.791e-10,1,0
3868,4.548e-10,1,0
3870,4.321e-10,1,0
3872,4.109e-10,1,0
3874,3.909e-10,1,0
3876,3.722e-10,1,0
3878,3.546e-10,1,0
3880,3.38e-10,1,0
3882,3.224e-10,1,0
3884,3.076e-10,1,0
3886,2.936e-10,1,0
3888,2.804e-10,1,0
3890,2.68e-10,1,0
3892,2.562e-10,1,0
3894,2.451e-10,1,0
3896,2.346e-10,1,0
3898,2.246e-10,1,0
3900,2.153e-10,1,0
3902,2.064e-10,1,0
3904,1.981e-10,1,0
3906,1.901e-10,1,0
3908,1.826e-10,1,0
3910,1.755e-10,1,0
3912,1.687e-10,1,0
3914,1.623e-10,1,0
3916,1.562e-10,1,0
3918,1.503e-10,1,0
3920,1.448e-10,1,0
3922,1.395e-10,1,0
3924,1.344e-10,1,0
3926,1.296e-10,1,0
3928,1.25e-10,1,0
3930,1.206e-10,1,0
3932,1.165e-10,1,0
3934,1.125e-10,1,0
3936,1.087e-10,1,0
3938,1.05e-10,1,0
3940,1.015e-10,1,0
3942,9.822e-11,1,0
3944,9.506e-11,1,0
3946,9.203e-11,1,0
3948,8.915e-11,1,0
3950,8.64e-11,1,0
3952,8.377e-11,1,0
3954,8.127e-11,1,0
3956,7.888e-11,1,0
3958,7.66e-11,1,0
3960,7.442e-11,1,0
3962,7.234e-11,1,0
3964,7.035e-11,1,0
3966,6.844e-11,1,0
3968,6.661e-11,1,0
3970,6.486e-11,1,0
3972,6.316e-11,1,0
3974,6.154e-11,1,0
3976,5.998e-11,1,0
3978,5.85e-11,1,0
3980,5.71e-11,1,0
3982,5.582e-11,1,0
3984,5.46e-11,1,0
3986,5.344e-11,1,0
3988,5.234e-11,1,0
3990,5.132e-11,1,0
3992,5.04e-11,1,0
3994,4.961e-11,1,0
3996,4.896e-11,1,0
3998,4.845e-11,1,0
4000,4.806e-11,1,0
4002,4.774e-11,1,0
4004,4.742e-11,1,0
4006,4.702e-11,1,0
4008,4.652e-11,1,0
4010,4.594e-11,1,0
4012,4.527e-11,1,0
4014,4.451e-11,1,0
4016,4.366e-11,1,0
4018,4.274e-11,1,0
4020,4.172e-11,1,0
4022,4.063e-11,1,0
4024,3.946e-11,1,0
4026,3.822e-11,1,0
4028,3.693e-11,1,0
4030,3.56e-11,1,0
4032,3.428e-11,1,0
4034,3.293e-11,1,0
4036,3.155e-11,1,0
4038,3.014e-11,1,0
4040,2.872e-11,1,0
4042,2.734e-11,1,0
4044,2.603e-11,1,0
4046,2.482e-11,1,0
4048,2.376e-11,1,0
4050,2.286e-11,1,0
4052,2.211e-11,1,0
4054,2.146e-11,1,0
4056,2.088e-11,1,0
4058,2.032e-11,1,0
4060,1.98e-11,1,0
4062,1.93e-11,1,0
4064,1.882e-11,1,0
4066,1.836e-11,1,0
4068,1.792e-11,1,0
4070,1.749e-11,1,0
4072,1.708e-11,1,0
4074,1.669e-11,1,0
4076,1.63e-11,1,0
4078,1.593e-11,1,0
4080,1.557e-11,1,0
4082,1.522e-11,1,0
4084,1.488e-11,1,0
4086,1.456e-11,1,0
4088,1.424e-11,1,0
4090,1.392e-11,1,0
4092,1.362e-11,1,0
4094,1.333e-11,1,0
4096,1.304e-11,1,0
4098,1.276e-11,1,0
4100,1.249e-11,1,0
4102,1.223e-11,1,0
4104,1.197e-11,1,0
4106,1.172e-11,1,0
4108,1.147e-11,1,0
4110,1.124e-11,1,0
4112,1.1e-11,1,0
4114,1.078e-11,1,0
4116,1.056e-11,1,0
4118,1.034e-11,1,0
4120,1.013e-11,1,0
4122,9.924e-12,1,0
4124,9.723e-12,1,0
4126,9.528e-12,1,0
4128,9.336e-12,1,0
4130,9.149e-12,1,0
4132,8.967e-12,1,0
4134,8.789e-12,1,0
4136,8.615e-12,1,0
4138,8.445e-12,1,0
4140,8.278e-12,1,0
4142,8.116e-12,1,0
4144,7.957e-12,1,0
4146,7.802e-12,1,0
4148,7.65e-12,1,0
4150,7.502e-12,1,0
4152,7.357e-12,1,0
4154,7.215e-12,1,0
4156,7.076e-12,1,0
4158,6.94e-12,1,0
4160,6.807e-12,1,0
4162,6.677e-12,1,0
4164,6.55e-12,1,0
4166,6.426e-12,1,0
4168,6.304e-12,1,0
4170,6.185e-12,1,0
4172,6.068e-12,1,0
4174,5.954e-12,1,0
4176,5.842e-12,1,0
4178,5.732e-12,1,0
4180,5.625e-12,1,0
4182,5.52e-12,1,0
4184,5.417e-12,1,0
4186,5.316e-12,1,0
4188,5.217e-12,1,0
4190,5.121e-12,1,0
4192,5.026e-12,1,0
4194,4.933e-12,1,0
4196,4.842e-12,1,0
4198,4.753e-12,1,0
4200,4.665e-12,1,0
4202,4.58e-12,1,0
4204,4.496e-12,1,0
4206,4.414e-12,1,0
4208,4.333e-12,1,0
4210,4.254e-12,1,0
4212,4.176e-12,1,0
4214,4.1e-12,1,0
4216,4.025e-12,1,0
4218,3.952e-12,1,0
4220,3.88e-12,1,0
4222,3.81e-12,1,0
4224,3.741e-12,1,0
4226,3.673e-12,1,0
4228,3.607e-12,1,0
4230,3.542e-12,1,0
4232,3.478e-12,1,0
4234,3.415e-12,1,0
4236,3.353e-12,1,0
4238,3.293e-12,1,0
4240,3.233e-12,1,0
4242,3.175e-12,1,0
4244,3.118e-12,1,0
4246,3.062e-12,1,0
4248,3.007e-12,1,0
4250,2.953e-12,1,0
4252,2.899e-12,1,0
4254,2.847e-12,1,0
4256,2.796e-12,1,0
4258,2.746e-12,1,0
4260,2.696e-12,1,0
4262,2.648e-12,1,0
4264,2.6e-12,1,0
4266,2.554e-12,1,0
4268,2.508e-12,1,0
4270,2.463e-12,1,0
4272,2.418e-12,1,0
4274,2.375e-12,1,0
4276,2.332e-12,1,0
4278,2.29e-12,1,0
4280,2.249e-12,1,0
4282,2.208e-12,1,0
4284,2.168e-12,1,0
4286,2.129e-12,1,0
4288,2.09e-12,1,0
4290,2.053e-12,1,0
4292,2.015e-12,1,0
4294,1.979e-12,1,0
4296,1.943e-12,1,0
4298,1.908e-12,1,0
4300,1.873e-12,1,0
4302,1.839e-12,1,0
4304,1.805e-12,1,0
4306,1.772e-12,1,0
4308,1.74e-12,1,0
4310,1.708e-12,1,0
4312,1.677e-12,1,0
4314,1.646e-12,1,0
4316,1.616e-12,1,0
4318,1.586e-12,1,0
4320,1.557e-12,1,0
4322,1.528e-12,1,0
4324,1.5e-12,1,0
4326,1.472e-12,1,0
4328,1.445e-12,1,0
4330,1.418e-12,1,0
4332,1.391e-12,1,0
4334,1.365e-12,1,0
4336,1.34e-12,1,0
4338,1.314e-12,1,0
4340,1.29e-12,1,0
4342,1.265e-12,1,0
4344,1.241e-12,1,0
4346,1.218e-12,1,0
4348,1.195e-12,1,0
4350,1.172e-12,1,0
4352,1.15e-12,1,0
4354,1.128e-12,1,0
4356,1.106e-12,1,0
4358,1.085e-12,1,0
4360,1.064e-12,1,0
4362,1.043e-12,1,0
4364,1.023e-12,1,0
4366,1.003e-12,1,0
4368,9.835e-13,1,0
4370,9.643e-13,1,0
4372,9.453e-13,1,0
4374,9.267e-13,1,0
4376,9.084e-13,1,0
4378,8.904e-13,1,0
4380,8.727e-13,1,0
4382,8.553e-13,1,0
4384,8.382e-13,1,0
4386,8.213e-13,1,0
4388,8.048e-13,1,0
4390,7.885e-13,1,0
4392,7.725e-13,1,0
4394,7.568e-13,1,0
4396,7.414e-13,1,0
4398,7.262e-13,1,0
4400,7.113e-13,1,0
4402,6.966e-13,1,0
4404,6.822e-13,1,0
4406,6.68e-13,1,0
4408,6.541e-13,1,0
4410,6.404e-13,1,0
4412,6.27e-13,1,0
4414,6.138e-13,1,0
4416,6.009e-13,1,0
4418,5.882e-13,1,0
4420,5.757e-13,1,0
4422,5.634e-13,1,0
4424,5.514e-13,1,0
4426,5.396e-13,1,0
4428,5.28e-13,1,0
4430,5.167e-13,1,0
4432,5.055e-13,1,0
4434,4.946e-13,1,0
4436,4.839e-13,1,0
4438,4.734e-13,1,0
4440,4.631e-13,1,0
4442,4.531e-13,1,0
4444,4.432e-13,1,0
4446,4.336e-13,1,0
4448,4.241e-13,1,0
4450,4.149e-13,1,0
4452,4.059e-13,1,0
4454,3.971e-13,1,0
4456,3.885e-13,1,0
4458,3.801e-13,1,0
4460,3.72e-13,1,0
4462,3.64e-13,1,0
4464,3.562e-13,1,0
4466,3.487e-13,1,0
4468,3.414e-13,1,0
4470,3.342e-13,1,0
4472,3.274e-13,1,0
4474,3.207e-13,1,0
4476,3.142e-13,1,0
4478,3.08e-13,1,0
4480,3.02e-13,1,0
4482,2.963e-13,1,0
4484,2.908e-13,1,0
4486,2.856e-13,1,0
4488,2.806e-13,1,0
4490,2.759e-13,1,0
4492,2.715e-13,1,0
4494,2.673e-13,1,0
4496,2.635e-13,1,0
4498,2.6e-13,1,0
4500,2.569e-13,1,0
4502,2.542e-13,1,0
4504,2.519e-13,1,0
4506,2.5e-13,1,0
4508,2.487e-13,1,0
4510,2.479e-13,1,0
4512,2.477e-13,1,0
4514,2.483e-13,1,0
4516,2.498e-13,1,0
4518,2.524e-13,1,0
4520,2.562e-13,1,0
4522,2.614e-13,1,0
4524,2.684e-13,1,0
4526,2.776e-13,1,0
4528,2.894e-13,1,0
4530,3.045e-13,1,0
4532,3.235e-13,1,0
4534,3.472e-13,1,0
4536,3.765e-13,1,0
4538,4.123e-13,1,0
4540,4.554e-13,1,0
4542,5.064e-13,1,0
4544,5.654e-13,1,0
4546,6.321e-13,1,0
4548,7.055e-13,1,0
4550,7.844e-13,1,0
4552,8.666e-13,1,0
4554,9.498e-13,1,0
4556,1.032e-12,1,0
4558,1.111e-12,1,0
4560,1.186e-12,1,0
4562,1.257e-12,1,0
4564,1.322e-12,1,0
4566,1.377e-12,1,0
4568,1.473e-12,1,0
4570,1.58e-12,1,0
4572,1.69e-12,1,0
4574,1.806e-12,1,0
4576,1.93e-12,1,0
4578,2.066e-12,1,0
4580,2.217e-12,1,0
4582,2.386e-12,1,0
4584,2.572e-12,1,0
4586,2.771e-12,1,0
4588,2.983e-12,1,0
4590,3.199e-12,1,0
4592,3.414e-12,1,0
4594,3.619e-12,1,0
4596,3.81e-12,1,0
4598,3.98e-12,1,0
4600,4.123e-12,1,0
4602,4.235e-12,1,0
4604,4.311e-12,1,0
4606,4.348e-12,1,0
4608,4.343e-12,1,0
4610,4.296e-12,1,0
4612,4.204e-12,1,0
4614,4.069e-12,1,0
4616,3.891e-12,1,0
4618,3.711e-12,1,0
4620,3.52e-12,1,0
4622,3.31e-12,1,0
4624,3.085e-12,1,0
4626,2.854e-12,1,0
4628,2.622e-12,1,0
4630,2.4e-12,1,0
4632,2.198e-12,1,0
4634,2.022e-12,1,0
4636,1.879e-12,1,0
4638,1.772e-12,1,0
4640,1.703e-12,1,0
4642,1.673e-12,1,0
4644,1.68e-12,1,0
4646,1.723e-12,1,0
4648,1.799e-12,1,0
4650,1.911e-12,1,0
4652,2.055e-12,1,0
4654,2.231e-12,1,0
4656,2.44e-12,1,0
4658,2.683e-12,1,0
4660,2.96e-12,1,0
4662,3.271e-12,1,0
4664,3.62e-12,1,0
4666,4.012e-12,1,0
4668,4.456e-12,1,0
4670,4.958e-12,1,0
4672,5.52e-12,1,0
4674,6.142e-12,1,0
4676,6.818e-12,1,0
4678,7.538e-12,1,0
4680,8.289e-12,1,0
4682,9.052e-12,1,0
4684,9.821e-12,1,0
4686,1.06e-11,1,0
4688,1.14e-11,1,0
4690,1.226e-11,1,0
4692,1.32e-11,1,0
4694,1.426e-11,1,0
4696,1.547e-11,1,0
4698,1.686e-11,1,0
4700,1.846e-11,1,0
4702,2.03e-11,1,0
4704,2.243e-11,1,0
4706,2.487e-11,1,0
4708,2.767e-11,1,0
4710,3.089e-11,1,0
4712,3.452e-11,1,0
4714,3.858e-11,1,0
4716,4.305e-11,1,0
4718,4.791e-11,1,0
4720,5.309e-11,1,0
4722,5.851e-11,1,0
4724,6.412e-11,1,0
4726,6.995e-11,1,0
4728,7.609e-11,1,0
4730,8.271e-11,1,0
4732,8.987e-11,1,0
4734,9.758e-11,1,0
4736,1.058e-10,1,0
4738,1.146e-10,1,0
4740,1.237e-10,1,0
4742,1.331e-10,1,0
4744,1.428e-10,1,0
4746,1.53e-10,1,0
4748,1.638e-10,1,0
4750,1.755e-10,1,0
4752,1.886e-10,1,0
4754,2.036e-10,1,0
4756,2.212e-10,1,0
4758,2.418e-10,1,0
4760,2.662e-10,1,0
4762,2.949e-10,1,0
4764,3.287e-10,1,0
4766,3.677e-10,1,0
4768,4.13e-10,1,0
4770,4.648e-10,1,0
4772,5.232e-10,1,0
4774,5.877e-10,1,0
4776,6.574e-10,1,0
4778,7.307e-10,1,0
4780,8.058e-10,1,0
4782,8.802e-10,1,0
4784,9.54e-10,1,0
4786,1.027e-09,1,0
4788,1.102e-09,1,0
4790,1.181e-09,1,0
4792,1.268e-09,1,0
4794,1.365e-09,1,0
4796,1.476e-09,1,0
4798,1.601e-09,1,0
4800,1.744e-09,1,0
4802,1.908e-09,1,0
4804,2.099e-09,1,0
4806,2.323e-09,1,0
4808,2.589e-09,1,0
4810,2.904e-09,1,0
4812,3.278e-09,1,0
4814,3.721e-09,1,0
4816,4.237e-09,1,0
4818,4.828e-09,1,0
4820,5.491e-09,1,0
4822,6.214e-09,1,0
4824,6.977e-09,1,0
4826,7.752e-09,1,0
4828,8.508e-09,1,0
4830,9.225e-09,1,0
4832,9.899e-09,1,0
4834,1.055e-08,1,0
4836,1.12e-08,1,0
4838,1.187e-08,1,0
4840,1.256e-08,1,0
4842,1.325e-08,1,0
4844,1.395e-08,1,0
4846,1.461e-08,1,0
4848,1.52e-08,1,0
4850,1.569e-08,1,0
4852,1.605e-08,1,0
4854,1.626e-08,1,0
4856,1.631e-08,1,0
4858,1.62e-08,1,0
4860,1.594e-08,1,0
4862,1.553e-08,1,0
4864,1.501e-08,1,0
4866,1.439e-08,1,0
4868,1.37e-08,1,0
4870,1.296e-08,1,0
4872,1.219e-08,1,0
4874,1.139e-08,1,0
4876,1.055e-08,1,0
4878,9.668e-09,1,0
4880,8.719e-09,1,0
4882,7.72e-09,1,0
4884,6.699e-09,1,0
4886,5.699e-09,1,0
4888,4.763e-09,1,0
4890,3.92e-09,1,0
4892,3.193e-09,1,0
4894,2.592e-09,1,0
4896,2.116e-09,1,0
4898,1.754e-09,1,0
4900,1.496e-09,1,0
4902,1.322e-09,1,0
4904,1.222e-09,1,0
4906,1.179e-09,1,0
4908,1.188e-09,1,0
4910,1.242e-09,1,0
4912,1.341e-09,1,0
4914,1.488e-09,1,0
4916,1.691e-09,1,0
4918,1.963e-09,1,0
4920,2.32e-09,1,0
4922,2.783e-09,1,0
4924,3.375e-09,1,0
4926,4.124e-09,1,0
4928,5.059e-09,1,0
4930,6.212e-09,1,0
4932,7.615e-09,1,0
4934,9.297e-09,1,0
4936,1.128e-08,1,0
4938,1.359e-08,1,0
4940,1.623e-08,1,0
4942,1.92e-08,1,0
4944,2.246e-08,1,0
4946,2.598e-08,1,0
4948,2.967e-08,1,0
4950,3.341e-08,1,0
4952,3.709e-08,1,0
4954,4.06e-08,1,0
4956,4.393e-08,1,0
4958,4.715e-08,1,0
4960,5.035e-08,1,0
4962,5.359e-08,1,0
4964,5.689e-08,1,0
4966,6.02e-08,1,0
4968,6.34e-08,1,0
4970,6.637e-08,1,0
4972,6.892e-08,1,0
4974,7.091e-08,1,0
4976,7.222e-08,1,0
4978,7.275e-08,1,0
4980,7.249e-08,1,0
4982,7.146e-08,1,0
4984,6.97e-08,1,0
4986,6.732e-08,1,0
4988,6.443e-08,1,0
4990,6.112e-08,1,0
4992,5.751e-08,1,0
4994,5.37e-08,1,0
4996,4.974e-08,1,0
4998,4.57e-08,1,0
5000,4.155e-08,1,0
5002,3.726e-08,1,0
5004,3.279e-08,1,0
5006,2.817e-08,1,0
5008,2.355e-08,1,0
5010,1.91e-08,1,0
5012,1.501e-08,1,0
5014,1.141e-08,1,0
5016,8.412e-09,1,0
5018,6.023e-09,1,0
5020,4.215e-09,1,0
5022,2.923e-09,1,0
5024,2.033e-09,1,0
5026,1.455e-09,1,0
5028,1.093e-09,1,0
5030,8.74e-10,1,0
5032,7.431e-10,1,0
5034,6.659e-10,1,0
5036,6.264e-10,1,0
5038,6.148e-10,1,0
5040,6.29e-10,1,0
5042,6.704e-10,1,0
5044,7.425e-10,1,0
5046,8.507e-10,1,0
5048,1.003e-09,1,0
5050,1.207e-09,1,0
5052,1.473e-09,1,0
5054,1.814e-09,1,0
5056,2.24e-09,1,0
5058,2.764e-09,1,0
5060,3.393e-09,1,0
5062,4.135e-09,1,0
5064,4.986e-09,1,0
5066,5.942e-09,1,0
5068,6.983e-09,1,0
5070,8.082e-09,1,0
5072,9.2e-09,1,0
5074,1.03e-08,1,0
5076,1.135e-08,1,0
5078,1.236e-08,1,0
5080,1.334e-08,1,0
5082,1.434e-08,1,0
5084,1.536e-08,1,0
5086,1.642e-08,1,0
5088,1.749e-08,1,0
5090,1.854e-08,1,0
5092,1.954e-08,1,0
5094,2.042e-08,1,0
5096,2.114e-08,1,0
5098,2.167e-08,1,0
5100,2.198e-08,1,0
5102,2.205e-08,1,0
5104,2.189e-08,1,0
5106,2.153e-08,1,0
5108,2.099e-08,1,0
5110,2.03e-08,1,0
5112,1.949e-08,1,0
5114,1.859e-08,1,0
5116,1.763e-08,1,0
5118,1.662e-08,1,0
5120,1.556e-08,1,0
5122,1.445e-08,1,0
5124,1.325e-08,1,0
5126,1.197e-08,1,0
5128,1.06e-08,1,0
5130,9.205e-09,1,0
5132,7.832e-09,1,0
5134,6.544e-09,1,0
5136,5.383e-09,1,0
5138,4.378e-09,1,0
5140,3.539e-09,1,0
5142,2.863e-09,1,0
5144,2.326e-09,1,0
5146,1.907e-09,1,0
5148,1.578e-09,1,0
5150,1.311e-09,1,0
5152,1.088e-09,1,0
5154,8.975e-10,1,0
5156,7.318e-10,1,0
5158,5.895e-10,1,0
5160,4.686e-10,1,0
5162,3.686e-10,1,0
5164,2.875e-10,1,0
5166,2.242e-10,1,0
5168,1.75e-10,1,0
5170,1.38e-10,1,0
5172,1.104e-10,1,0
5174,8.948e-11,1,0
5176,7.378e-11,1,0
5178,6.18e-11,1,0
5180,5.251e-11,1,0
5182,4.52e-11,1,0
5184,3.94e-11,1,0
5186,3.475e-11,1,0
5188,3.099e-11,1,0
5190,2.792e-11,1,0
5192,2.537e-11,1,0
5194,2.323e-11,1,0
5196,2.141e-11,1,0
5198,1.985e-11,1,0
5200,1.85e-11,1,0
5202,1.734e-11,1,0
5204,1.633e-11,1,0
5206,1.545e-11,1,0
5208,1.468e-11,1,0
5210,1.399e-11,1,0
5212,1.338e-11,1,0
5214,1.281e-11,1,0
5216,1.228e-11,1,0
5218,1.179e-11,1,0
5220,1.133e-11,1,0
5222,1.091e-11,1,0
5224,1.055e-11,1,0
5226,1.019e-11,1,0
5228,9.838e-12,1,0
5230,9.494e-12,1,0
5232,9.161e-12,1,0
5234,8.845e-12,1,0
5236,8.544e-12,1,0
5238,8.258e-12,1,0
5240,7.982e-12,1,0
5242,7.708e-12,1,0
5244,7.428e-12,1,0
5246,7.141e-12,1,0
5248,6.853e-12,1,0
5250,6.574e-12,1,0
5252,6.319e-12,1,0
5254,6.101e-12,1,0
5256,5.933e-12,1,0
5258,5.825e-12,1,0
5260,5.79e-12,1,0
5262,5.845e-12,1,0
5264,6.018e-12,1,0
5266,6.355e-12,1,0
5268,6.862e-12,1,0
5270,7.521e-12,1,0
5272,8.372e-12,1,0
5274,9.455e-12,1,0
5276,1.076e-11,1,0
5278,1.231e-11,1,0
5280,1.415e-11,1,0
5282,1.635e-11,1,0
5284,1.9e-11,1,0
5286,2.233e-11,1,0
5288,2.688e-11,1,0
5290,3.335e-11,1,0
5292,4.316e-11,1,0
5294,5.277e-11,1,0
5296,6.203e-11,1,0
5298,7.088e-11,1,0
5300,7.925e-11,1,0
5302,8.706e-11,1,0
5304,9.42e-11,1,0
5306,1.005e-10,1,0
5308,1.059e-10,1,0
5310,1.101e-10,1,0
5312,1.13e-10,1,0
5314,1.145e-10,1,0
5316,1.146e-10,1,0
5318,1.132e-10,1,0
5320,1.104e-10,1,0
5322,1.063e-10,1,0
5324,1.008e-10,1,0
5326,9.418e-11,1,0
5328,8.642e-11,1,0
5330,7.766e-11,1,0
5332,6.805e-11,1,0
5334,5.779e-11,1,0
5336,4.724e-11,1,0
5338,3.706e-11,1,0
5340,2.875e-11,1,0
5342,2.362e-11,1,0
5344,1.918e-11,1,0
5346,1.52e-11,1,0
5348,1.168e-11,1,0
5350,8.671e-12,1,0
5352,6.195e-12,1,0
5354,4.263e-12,1,0
5356,2.844e-12,1,0
5358,1.873e-12,1,0
5360,1.259e-12,1,0
5362,8.916e-13,1,0
5364,6.808e-13,1,0
5366,5.494e-13,1,0
5368,4.535e-13,1,0
5370,3.758e-13,1,0
5372,3.113e-13,1,0
5374,2.571e-13,1,0
5376,2.11e-13,1,0
5378,1.714e-13,1,0
5380,1.372e-13,1,0
5382,1.074e-13,1,0
5384,8.14e-14,1,0
5386,5.888e-14,1,0
5388,3.992e-14,1,0
5390,2.574e-14,1,0
5392,2.098e-14,1,0
5394,1.985e-14,1,0
5396,1.894e-14,1,0
5398,1.804e-14,1,0
5400,1.721e-14,1,0
5402,1.645e-14,1,0
5404,1.57e-14,1,0
5406,1.509e-14,1,0
5408,1.449e-14,1,0
5410,1.389e-14,1,0
5412,1.336e-14,1,0
5414,1.291e-14,1,0
5416,1.238e-14,1,0
5418,1.2e-14,1,0
5420,1.155e-14,1,0
5422,1.117e-14,1,0
5424,1.079e-14,1,0
5426,1.042e-14,1,0
5428,1.004e-14,1,0
5430,9.736e-15,1,0
5432,9.434e-15,1,0
5434,9.132e-15,1,0
5436,8.83e-15,1,0
5438,8.604e-15,1,0
5440,8.302e-15,1,0
5442,8.075e-15,1,0
5444,7.849e-15,1,0
5446,7.623e-15,1,0
5448,7.381e-15,1,0
5450,7.17e-15,1,0
5452,6.974e-15,1,0
5454,6.777e-15,1,0
5456,6.589e-15,1,0
5458,6.408e-15,1,0
5460,6.234e-15,1,0
5462,6.068e-15,1,0
5464,5.909e-15,1,0
5466,5.751e-15,1,0
5468,5.6e-15,1,0
5470,5.457e-15,1,0
5472,5.321e-15,1,0
5474,5.185e-15,1,0
5476,5.057e-15,1,0
5478,4.928e-15,1,0
5480,4.808e-15,1,0
5482,4.694e-15,1,0
5484,4.581e-15,1,0
5486,4.475e-15,1,0
5488,4.37e-15,1,0
5490,4.272e-15,1,0
5492,4.174e-15,1,0
5494,4.083e-15,1,0
5496,3.992e-15,1,0
5498,3.909e-15,1,0
5500,3.834e-15,1,0
5502,3.758e-15,1,0
5504,3.691e-15,1,0
5506,3.623e-15,1,0
5508,3.562e-15,1,0
5510,3.509e-15,1,0
5512,3.464e-15,1,0
5514,3.426e-15,1,0
5516,3.396e-15,1,0
5518,3.374e-15,1,0
5520,3.351e-15,1,0
5522,3.343e-15,1,0
5524,3.336e-15,1,0
5526,3.343e-15,1,0
5528,3.358e-15,1,0
5530,3.374e-15,1,0
5532,3.396e-15,1,0
5534,3.434e-15,1,0
5536,3.472e-15,1,0
5538,3.517e-15,1,0
5540,3.562e-15,1,0
5542,3.608e-15,1,0
5544,3.653e-15,1,0
5546,3.706e-15,1,0
5548,3.751e-15,1,0
5550,3.437e-14,1,0
5552,7.989e-14,1,0
5554,1.282e-13,1,0
5556,1.776e-13,1,0
5558,2.263e-13,1,0
5560,2.729e-13,1,0
5562,3.172e-13,1,0
5564,3.605e-13,1,0
5566,4.054e-13,1,0
5568,4.547e-13,1,0
5570,5.102e-13,1,0
5572,5.724e-13,1,0
5574,6.399e-13,1,0
5576,7.079e-13,1,0
5578,7.639e-13,1,0
5580,8.028e-13,1,0
5582,8.255e-13,1,0
5584,8.329e-13,1,0
5586,8.264e-13,1,0
5588,8.071e-13,1,0
5590,7.764e-13,1,0
5592,7.358e-13,1,0
5594,6.868e-13,1,0
5596,6.31e-13,1,0
5598,5.7e-13,1,0
5600,5.051e-13,1,0
5602,4.376e-13,1,0
5604,3.681e-13,1,0
5606,2.968e-13,1,0
5608,2.234e-13,1,0
5610,1.473e-13,1,0
5612,6.888e-14,1,0
5614,3.2e-15,1,0
5616,3.147e-15,1,0
5618,3.087e-15,1,0
5620,3.011e-15,1,0
5622,2.898e-15,1,0
5624,2.755e-15,1,0
5626,2.611e-15,1,0
5628,2.483e-15,1,0
5630,2.392e-15,1,0
5632,2.34e-15,1,0
5634,2.317e-15,1,0
5636,2.317e-15,1,0
5638,2.332e-15,1,0
5640,2.347e-15,1,0
5642,2.385e-15,1,0
5644,2.43e-15,1,0
5646,2.491e-15,1,0
5648,2.558e-15,1,0
5650,2.619e-15,1,0
5652,3.956e-14,1,0
5654,8.813e-14,1,0
5656,1.397e-13,1,0
5658,1.926e-13,1,0
5660,2.457e-13,1,0
5662,2.97e-13,1,0
5664,3.453e-13,1,0
5666,3.918e-13,1,0
5668,4.39e-13,1,0
5670,4.899e-13,1,0
5672,5.472e-13,1,0
5674,6.123e-13,1,0
5676,6.845e-13,1,0
5678,7.615e-13,1,0
5680,8.299e-13,1,0
5682,8.795e-13,1,0
5684,9.111e-13,1,0
5686,9.26e-13,1,0
5688,9.252e-13,1,0
5690,9.099e-13,1,0
5692,8.817e-13,1,0
5694,8.421e-13,1,0
5696,7.925e-13,1,0
5698,7.35e-13,1,0
5700,6.711e-13,1,0
5702,6.022e-13,1,0
5704,5.297e-13,1,0
5706,4.544e-13,1,0
5708,3.767e-13,1,0
5710,2.965e-13,1,0
5712,2.132e-13,1,0
5714,1.265e-13,1,0
5716,3.808e-14,1,0
5718,2.408e-15,1,0
5720,2.302e-15,1,0
5722,2.158e-15,1,0
5724,1.985e-15,1,0
5726,1.796e-15,1,0
5728,1.615e-15,1,0
5730,1.449e-15,1,0
5732,1.313e-15,1,0
5734,1.177e-15,1,0
5736,1.057e-15,1,0
5738,9.509e-16,1,0
5740,8.604e-16,1,0
5742,7.849e-16,1,0
5744,7.336e-16,1,0
5746,6.928e-16,1,0
5748,6.589e-16,1,0
5750,6.257e-16,1,0
5752,5.947e-16,1,0
5754,5.698e-16,1,0
5756,5.494e-16,1,0
5758,5.321e-16,1,0
5760,5.155e-16,1,0
5762,5.004e-16,1,0
5764,4.875e-16,1,0
5766,4.77e-16,1,0
5768,4.679e-16,1,0
5770,4.604e-16,1,0
5772,4.528e-16,1,0
5774,4.475e-16,1,0
5776,4.43e-16,1,0
5778,4.408e-16,1,0
5780,4.385e-16,1,0
5782,4.377e-16,1,0
5784,4.385e-16,1,0
5786,4.4e-16,1,0
5788,4.438e-16,1,0
5790,4.498e-16,1,0
5792,4.574e-16,1,0
5794,4.664e-16,1,0
5796,4.777e-16,1,0
5798,4.936e-16,1,0
5800,5.155e-16,1,0
5802,5.442e-16,1,0
5804,5.781e-16,1,0
5806,6.166e-16,1,0
5808,6.581e-16,1,0
5810,7.011e-16,1,0
5812,7.479e-16,1,0
5814,8e-16,1,0
5816,8.528e-16,1,0
5818,9.057e-16,1,0
5820,9.509e-16,1,0
5822,9.887e-16,1,0
5824,1.019e-15,1,0
5826,1.049e-15,1,0
5828,1.079e-15,1,0
5830,1.117e-15,1,0
5832,1.17e-15,1,0
5834,1.23e-15,1,0
5836,1.291e-15,1,0
5838,1.351e-15,1,0
5840,1.404e-15,1,0
5842,1.457e-15,1,0
5844,1.509e-15,1,0
5846,1.555e-15,1,0
5848,1.592e-15,1,0
5850,1.623e-15,1,0
5852,1.645e-15,1,0
5854,1.66e-15,1,0
5856,1.66e-15,1,0
5858,1.66e-15,1,0
5860,1.66e-15,1,0
5862,1.66e-15,1,0
5864,1.653e-15,1,0
5866,1.638e-15,1,0
5868,1.623e-15,1,0
5870,1.608e-15,1,0
5872,1.585e-15,1,0
5874,1.555e-15,1,0
5876,1.532e-15,1,0
5878,1.502e-15,1,0
5880,1.487e-15,1,0
5882,1.487e-15,1,0
5884,1.502e-15,1,0
5886,1.509e-15,1,0
5888,1.525e-15,1,0
5890,1.54e-15,1,0
5892,1.547e-15,1,0
5894,1.547e-15,1,0
5896,1.555e-15,1,0
5898,1.57e-15,1,0
5900,1.592e-15,1,0
5902,1.638e-15,1,0
5904,1.691e-15,1,0
5906,1.751e-15,1,0
5908,1.826e-15,1,0
5910,1.917e-15,1,0
5912,2.015e-15,1,0
5914,2.136e-15,1,0
5916,2.264e-15,1,0
5918,2.408e-15,1,0
5920,2.543e-15,1,0
5922,2.687e-15,1,0
5924,2.83e-15,1,0
5926,2.981e-15,1,0
5928,3.14e-15,1,0
5930,3.321e-15,1,0
5932,3.517e-15,1,0
5934,1.344e-14,1,0
5936,5.071e-14,1,0
5938,9.298e-14,1,0
5940,1.386e-13,1,0
5942,1.864e-13,1,0
5944,2.353e-13,1,0
5946,2.838e-13,1,0
5948,3.317e-13,1,0
5950,3.798e-13,1,0
5952,4.276e-13,1,0
5954,4.77e-13,1,0
5956,5.299e-13,1,0
5958,5.879e-13,1,0
5960,6.531e-13,1,0
5962,7.277e-13,1,0
5964,8.135e-13,1,0
5966,9.128e-13,1,0
5968,1.028e-12,1,0
5970,1.163e-12,1,0
5972,1.32e-12,1,0
5974,1.506e-12,1,0
5976,1.723e-12,1,0
5978,1.983e-12,1,0
5980,2.292e-12,1,0
5982,2.657e-12,1,0
5984,3.08e-12,1,0
5986,3.56e-12,1,0
5988,4.093e-12,1,0
5990,4.664e-12,1,0
5992,5.252e-12,1,0
5994,5.837e-12,1,0
5996,6.395e-12,1,0
5998,6.924e-12,1,0
6000,7.424e-12,1,0
6002,7.909e-12,1,0
6004,8.394e-12,1,0
6006,8.89e-12,1,0
6008,9.398e-12,1,0
6010,9.911e-12,1,0
6012,1.042e-11,1,0
6014,1.092e-11,1,0
6016,1.14e-11,1,0
6018,1.184e-11,1,0
6020,1.226e-11,1,0
6022,1.268e-11,1,0
6024,1.311e-11,1,0
6026,1.36e-11,1,0
6028,1.42e-11,1,0
6030,1.499e-11,1,0
6032,1.603e-11,1,0
6034,1.74e-11,1,0
6036,1.916e-11,1,0
6038,2.136e-11,1,0
6040,2.401e-11,1,0
6042,2.709e-11,1,0
6044,3.051e-11,1,0
6046,3.419e-11,1,0
6048,3.796e-11,1,0
6050,4.166e-11,1,0
6052,4.519e-11,1,0
6054,4.858e-11,1,0
6056,5.189e-11,1,0
6058,5.528e-11,1,0
6060,5.883e-11,1,0
6062,6.257e-11,1,0
6064,6.644e-11,1,0
6066,7.032e-11,1,0
6068,7.407e-11,1,0
6070,7.751e-11,1,0
6072,8.044e-11,1,0
6074,8.273e-11,1,0
6076,8.424e-11,1,0
6078,8.491e-11,1,0
6080,8.472e-11,1,0
6082,8.371e-11,1,0
6084,8.193e-11,1,0
6086,7.954e-11,1,0
6088,7.66e-11,1,0
6090,7.327e-11,1,0
6092,6.964e-11,1,0
6094,6.579e-11,1,0
6096,6.175e-11,1,0
6098,5.748e-11,1,0
6100,5.295e-11,1,0
6102,4.807e-11,1,0
6104,4.289e-11,1,0
6106,3.757e-11,1,0
6108,3.23e-11,1,0
6110,2.731e-11,1,0
6112,2.278e-11,1,0
6114,1.881e-11,1,0
6116,1.546e-11,1,0
6118,1.273e-11,1,0
6120,1.058e-11,1,0
6122,8.955e-12,1,0
6124,7.746e-12,1,0
6126,6.902e-12,1,0
6128,6.331e-12,1,0
6130,5.989e-12,1,0
6132,5.82e-12,1,0
6134,5.808e-12,1,0
6136,5.927e-12,1,0
6138,6.175e-12,1,0
6140,6.552e-12,1,0
6142,7.059e-12,1,0
6144,7.708e-12,1,0
6146,8.512e-12,1,0
6148,9.506e-12,1,0
6150,1.072e-11,1,0
6152,1.22e-11,1,0
6154,1.402e-11,1,0
6156,1.623e-11,1,0
6158,1.889e-11,1,0
6160,2.204e-11,1,0
6162,2.573e-11,1,0
6164,2.996e-11,1,0
6166,3.477e-11,1,0
6168,4.016e-11,1,0
6170,4.617e-11,1,0
6172,5.289e-11,1,0
6174,6.051e-11,1,0
6176,6.933e-11,1,0
6178,7.972e-11,1,0
6180,9.209e-11,1,0
6182,1.068e-10,1,0
6184,1.243e-10,1,0
6186,1.447e-10,1,0
6188,1.684e-10,1,0
6190,1.953e-10,1,0
6192,2.254e-10,1,0
6194,2.582e-10,1,0
6196,2.933e-10,1,0
6198,3.297e-10,1,0
6200,3.662e-10,1,0
6202,4.014e-10,1,0
6204,4.345e-10,1,0
6206,4.655e-10,1,0
6208,4.951e-10,1,0
6210,5.248e-10,1,0
6212,5.554e-10,1,0
6214,5.872e-10,1,0
6216,6.2e-10,1,0
6218,6.526e-10,1,0
6220,6.838e-10,1,0
6222,7.115e-10,1,0
6224,7.342e-10,1,0
6226,7.503e-10,1,0
6228,7.59e-10,1,0
6230,7.597e-10,1,0
6232,7.526e-10,1,0
6234,7.38e-10,1,0
6236,7.17e-10,1,0
6238,6.905e-10,1,0
6240,6.597e-10,1,0
6242,6.255e-10,1,0
6244,5.889e-10,1,0
6246,5.506e-10,1,0
6248,5.107e-10,1,0
6250,4.691e-10,1,0
6252,4.252e-10,1,0
6254,3.786e-10,1,0
6256,3.296e-10,1,0
6258,2.797e-10,1,0
6260,2.307e-10,1,0
6262,1.848e-10,1,0
6264,1.44e-10,1,0
6266,1.091e-10,1,0
6268,8.078e-11,1,0
6270,5.881e-11,1,0
6272,4.268e-11,1,0
6274,3.141e-11,1,0
6276,2.402e-11,1,0
6278,1.953e-11,1,0
6280,1.711e-11,1,0
6282,1.615e-11,1,0
6284,1.625e-11,1,0
6286,1.722e-11,1,0
6288,1.901e-11,1,0
6290,2.17e-11,1,0
6292,2.541e-11,1,0
6294,3.033e-11,1,0
6296,3.67e-11,1,0
6298,4.48e-11,1,0
6300,5.496e-11,1,0
6302,6.753e-11,1,0
6304,8.287e-11,1,0
6306,1.013e-10,1,0
6308,1.232e-10,1,0
6310,1.486e-10,1,0
6312,1.776e-10,1,0
6314,2.1e-10,1,0
6316,2.453e-10,1,0
6318,2.826e-10,1,0
6320,3.207e-10,1,0
6322,3.585e-10,1,0
6324,3.947e-10,1,0
6326,4.295e-10,1,0
6328,4.634e-10,1,0
6330,4.975e-10,1,0
6332,5.327e-10,1,0
6334,5.691e-10,1,0
6336,6.066e-10,1,0
6338,6.44e-10,1,0
6340,6.801e-10,1,0
6342,7.13e-10,1,0
6344,7.41e-10,1,0
6346,7.624e-10,1,0
6348,7.761e-10,1,0
6350,7.814e-10,1,0
6352,7.782e-10,1,0
6354,7.67e-10,1,0
6356,7.483e-10,1,0
6358,7.233e-10,1,0
6360,6.931e-10,1,0
6362,6.588e-10,1,0
6364,6.215e-10,1,0
6366,5.819e-10,1,0
6368,5.402e-10,1,0
6370,4.966e-10,1,0
6372,4.506e-10,1,0
6374,4.017e-10,1,0
6376,3.503e-10,1,0
6378,2.981e-10,1,0
6380,2.468e-10,1,0
6382,1.987e-10,1,0
6384,1.552e-10,1,0
6386,1.179e-10,1,0
6388,8.705e-11,1,0
6390,6.278e-11,1,0
6392,4.457e-11,1,0
6394,3.136e-11,1,0
6396,2.219e-11,1,0
6398,1.601e-11,1,0
6400,1.191e-11,1,0
6402,9.181e-12,1,0
6404,7.312e-12,1,0
6406,6.003e-12,1,0
6408,5.04e-12,1,0
6410,4.304e-12,1,0
6412,3.722e-12,1,0
6414,3.25e-12,1,0
6416,2.861e-12,1,0
6418,2.533e-12,1,0
6420,2.254e-12,1,0
6422,2.016e-12,1,0
6424,1.812e-12,1,0
6426,1.637e-12,1,0
6428,1.491e-12,1,0
6430,1.37e-12,1,0
6432,1.275e-12,1,0
6434,1.205e-12,1,0
6436,1.164e-12,1,0
6438,1.153e-12,1,0
6440,1.179e-12,1,0
6442,1.248e-12,1,0
6444,1.37e-12,1,0
6446,1.561e-12,1,0
6448,1.839e-12,1,0
6450,2.232e-12,1,0
6452,2.761e-12,1,0
6454,3.467e-12,1,0
6456,4.391e-12,1,0
6458,5.58e-12,1,0
6460,7.078e-12,1,0
6462,8.932e-12,1,0
6464,1.117e-11,1,0
6466,1.382e-11,1,0
6468,1.688e-11,1,0
6470,2.031e-11,1,0
6472,2.403e-11,1,0
6474,2.792e-11,1,0
6476,3.188e-11,1,0
6478,3.573e-11,1,0
6480,3.941e-11,1,0
6482,4.294e-11,1,0
6484,4.645e-11,1,0
6486,5e-11,1,0
6488,5.367e-11,1,0
6490,5.743e-11,1,0
6492,6.123e-11,1,0
6494,6.491e-11,1,0
6496,6.837e-11,1,0
6498,7.141e-11,1,0
6500,7.392e-11,1,0
6502,7.576e-11,1,0
6504,7.687e-11,1,0
6506,7.72e-11,1,0
6508,7.678e-11,1,0
6510,7.567e-11,1,0
6512,7.396e-11,1,0
6514,7.187e-11,1,0
6516,6.938e-11,1,0
6518,6.665e-11,1,0
6520,6.373e-11,1,0
6522,6.07e-11,1,0
6524,5.757e-11,1,0
6526,5.426e-11,1,0
6528,5.07e-11,1,0
6530,4.683e-11,1,0
6532,4.269e-11,1,0
6534,3.841e-11,1,0
6536,3.42e-11,1,0
6538,3.02e-11,1,0
6540,2.654e-11,1,0
6542,2.33e-11,1,0
6544,2.05e-11,1,0
6546,1.812e-11,1,0
6548,1.611e-11,1,0
6550,1.439e-11,1,0
6552,1.291e-11,1,0
6554,1.158e-11,1,0
6556,1.037e-11,1,0
6558,9.206e-12,1,0
6560,8.084e-12,1,0
6562,7.01e-12,1,0
6564,6.045e-12,1,0
6566,5.105e-12,1,0
6568,4.203e-12,1,0
6570,3.363e-12,1,0
6572,2.61e-12,1,0
6574,1.964e-12,1,0
6576,1.429e-12,1,0
6578,1.009e-12,1,0
6580,6.869e-13,1,0
6582,4.567e-13,1,0
6584,2.909e-13,1,0
6586,1.79e-13,1,0
6588,1.033e-13,1,0
6590,5.183e-14,1,0
6592,1.809e-14,1,0
6594,8.906e-15,1,0
6596,8.151e-15,1,0
6598,7.472e-15,1,0
6600,6.86e-15,1,0
6602,6.332e-15,1,0
6604,5.902e-15,1,0
6606,5.555e-15,1,0
6608,5.268e-15,1,0
6610,5.019e-15,1,0
6612,4.808e-15,1,0
6614,4.657e-15,1,0
6616,4.551e-15,1,0
6618,4.483e-15,1,0
6620,4.453e-15,1,0
6622,4.46e-15,1,0
6624,4.498e-15,1,0
6626,4.581e-15,1,0
6628,4.702e-15,1,0
6630,4.86e-15,1,0
6632,5.049e-15,1,0
6634,5.275e-15,1,0
6636,5.54e-15,1,0
6638,5.864e-15,1,0
6640,6.272e-15,1,0
6642,3.285e-14,1,0
6644,8.652e-14,1,0
6646,1.564e-13,1,0
6648,2.476e-13,1,0
6650,3.706e-13,1,0
6652,5.518e-13,1,0
6654,8.262e-13,1,0
6656,1.265e-12,1,0
6658,1.708e-12,1,0
6660,2.148e-12,1,0
6662,2.584e-12,1,0
6664,3.012e-12,1,0
6666,3.432e-12,1,0
6668,3.836e-12,1,0
6670,4.219e-12,1,0
6672,4.571e-12,1,0
6674,4.879e-12,1,0
6676,5.133e-12,1,0
6678,5.322e-12,1,0
6680,5.439e-12,1,0
6682,5.482e-12,1,0
6684,5.452e-12,1,0
6686,5.352e-12,1,0
6688,5.185e-12,1,0
6690,4.955e-12,1,0
6692,4.666e-12,1,0
6694,4.323e-12,1,0
6696,3.935e-12,1,0
6698,3.511e-12,1,0
6700,3.069e-12,1,0
6702,2.641e-12,1,0
6704,2.302e-12,1,0
6706,2.118e-12,1,0
6708,1.978e-12,1,0
6710,1.874e-12,1,0
6712,1.809e-12,1,0
6714,1.787e-12,1,0
6716,1.812e-12,1,0
6718,1.888e-12,1,0
6720,2.015e-12,1,0
6722,2.195e-12,1,0
6724,2.429e-12,1,0
6726,2.721e-12,1,0
6728,3.074e-12,1,0
6730,3.495e-12,1,0
6732,3.99e-12,1,0
6734,4.564e-12,1,0
6736,5.216e-12,1,0
6738,5.943e-12,1,0
6740,6.726e-12,1,0
6742,7.566e-12,1,0
6744,8.462e-12,1,0
6746,9.412e-12,1,0
6748,1.04e-11,1,0
6750,1.142e-11,1,0
6752,1.244e-11,1,0
6754,1.342e-11,1,0
6756,1.433e-11,1,0
6758,1.519e-11,1,0
6760,1.602e-11,1,0
6762,1.688e-11,1,0
6764,1.782e-11,1,0
6766,1.89e-11,1,0
6768,2.01e-11,1,0
6770,2.139e-11,1,0
6772,2.268e-11,1,0
6774,2.375e-11,1,0
6776,2.445e-11,1,0
6778,2.481e-11,1,0
6780,2.486e-11,1,0
6782,2.464e-11,1,0
6784,2.417e-11,1,0
6786,2.349e-11,1,0
6788,2.262e-11,1,0
6790,2.157e-11,1,0
6792,2.038e-11,1,0
6794,1.908e-11,1,0
6796,1.77e-11,1,0
6798,1.626e-11,1,0
6800,1.477e-11,1,0
6802,1.323e-11,1,0
6804,1.165e-11,1,0
6806,9.999e-12,1,0
6808,8.29e-12,1,0
6810,6.576e-12,1,0
6812,4.935e-12,1,0
6814,3.475e-12,1,0
6816,2.28e-12,1,0
6818,1.419e-12,1,0
6820,9.163e-13,1,0
6822,7.47e-13,1,0
6824,7.556e-13,1,0
6826,7.834e-13,1,0
6828,8.307e-13,1,0
6830,8.969e-13,1,0
6832,9.822e-13,1,0
6834,1.088e-12,1,0
6836,1.215e-12,1,0
6838,1.367e-12,1,0
6840,1.546e-12,1,0
6842,1.755e-12,1,0
6844,1.999e-12,1,0
6846,2.283e-12,1,0
6848,2.614e-12,1,0
6850,2.998e-12,1,0
6852,3.446e-12,1,0
6854,3.968e-12,1,0
6856,4.576e-12,1,0
6858,5.28e-12,1,0
6860,6.095e-12,1,0
6862,7.031e-12,1,0
6864,8.103e-12,1,0
6866,9.32e-12,1,0
6868,1.07e-11,1,0
6870,1.225e-11,1,0
6872,1.4e-11,1,0
6874,1.6e-11,1,0
6876,1.825e-11,1,0
6878,2.082e-11,1,0
6880,2.377e-11,1,0
6882,2.719e-11,1,0
6884,3.115e-11,1,0
6886,3.576e-11,1,0
6888,4.11e-11,1,0
6890,4.725e-11,1,0
6892,5.425e-11,1,0
6894,6.219e-11,1,0
6896,7.118e-11,1,0
6898,8.133e-11,1,0
6900,9.264e-11,1,0
6902,1.052e-10,1,0
6904,1.19e-10,1,0
6906,1.341e-10,1,0
6908,1.506e-10,1,0
6910,1.684e-10,1,0
6912,1.879e-10,1,0
6914,2.094e-10,1,0
6916,2.339e-10,1,0
6918,2.624e-10,1,0
6920,2.956e-10,1,0
6922,3.345e-10,1,0
6924,3.795e-10,1,0
6926,4.309e-10,1,0
6928,4.883e-10,1,0
6930,5.499e-10,1,0
6932,6.166e-10,1,0
6934,6.887e-10,1,0
6936,7.664e-10,1,0
6938,8.495e-10,1,0
6940,9.372e-10,1,0
6942,1.028e-09,1,0
6944,1.119e-09,1,0
6946,1.209e-09,1,0
6948,1.293e-09,1,0
6950,1.372e-09,1,0
6952,1.448e-09,1,0
6954,1.526e-09,1,0
6956,1.612e-09,1,0
6958,1.711e-09,1,0
6960,1.822e-09,1,0
6962,1.944e-09,1,0
6964,2.07e-09,1,0
6966,2.175e-09,1,0
6968,2.246e-09,1,0
6970,2.287e-09,1,0
6972,2.298e-09,1,0
6974,2.285e-09,1,0
6976,2.248e-09,1,0
6978,2.19e-09,1,0
6980,2.111e-09,1,0
6982,2.016e-09,1,0
6984,1.906e-09,1,0
6986,1.785e-09,1,0
6988,1.657e-09,1,0
6990,1.521e-09,1,0
6992,1.382e-09,1,0
6994,1.238e-09,1,0
6996,1.089e-09,1,0
6998,9.341e-10,1,0
7000,7.733e-10,1,0
7002,6.1e-10,1,0
7004,4.528e-10,1,0
7006,3.101e-10,1,0
7008,1.906e-10,1,0
7010,1.028e-10,1,0
7012,4.896e-11,1,0
7014,2.904e-11,1,0
7016,2.392e-11,1,0
7018,1.984e-11,1,0
7020,1.661e-11,1,0
7022,1.403e-11,1,0
7024,1.193e-11,1,0
7026,1.023e-11,1,0
7028,8.815e-12,1,0
7030,7.641e-12,1,0
7032,6.658e-12,1,0
7034,5.828e-12,1,0
7036,5.123e-12,1,0
7038,4.521e-12,1,0
7040,4.004e-12,1,0
7042,3.558e-12,1,0
7044,3.171e-12,1,0
7046,2.834e-12,1,0
7048,2.539e-12,1,0
7050,2.28e-12,1,0
7052,2.052e-12,1,0
7054,1.85e-12,1,0
7056,1.671e-12,1,0
7058,1.512e-12,1,0
7060,1.37e-12,1,0
7062,1.243e-12,1,0
7064,1.129e-12,1,0
7066,1.026e-12,1,0
7068,9.339e-13,1,0
7070,8.504e-13,1,0
7072,7.748e-13,1,0
7074,7.063e-13,1,0
7076,6.44e-13,1,0
7078,5.872e-13,1,0
7080,5.354e-13,1,0
7082,4.881e-13,1,0
7084,4.448e-13,1,0
7086,4.051e-13,1,0
7088,3.686e-13,1,0
7090,3.351e-13,1,0
7092,3.042e-13,1,0
7094,2.757e-13,1,0
7096,2.494e-13,1,0
7098,2.252e-13,1,0
7100,2.027e-13,1,0
7102,1.818e-13,1,0
7104,1.625e-13,1,0
7106,1.446e-13,1,0
7108,1.28e-13,1,0
7110,1.125e-13,1,0
7112,9.815e-14,1,0
7114,8.481e-14,1,0
7116,7.242e-14,1,0
7118,6.095e-14,1,0
7120,5.034e-14,1,0
7122,4.06e-14,1,0
7124,3.174e-14,1,0
7126,2.39e-14,1,0
7128,1.717e-14,1,0
7130,1.206e-14,1,0
7132,1.034e-14,1,0
7134,9.811e-15,1,0
7136,9.358e-15,1,0
7138,8.906e-15,1,0
7140,8.453e-15,1,0
7142,8.075e-15,1,0
7144,7.698e-15,1,0
7146,7.328e-15,1,0
7148,6.989e-15,1,0
7150,6.664e-15,1,0
7152,6.355e-15,1,0
7154,6.068e-15,1,0
7156,5.796e-15,1,0
7158,5.54e-15,1,0
7160,5.298e-15,1,0
7162,5.064e-15,1,0
7164,4.845e-15,1,0
7166,4.642e-15,1,0
7168,4.445e-15,1,0
7170,4.257e-15,1,0
7172,4.075e-15,1,0
7174,3.909e-15,1,0
7176,3.743e-15,1,0
7178,3.592e-15,1,0
7180,3.449e-15,1,0
7182,3.306e-15,1,0
7184,3.177e-15,1,0
7186,3.057e-15,1,0
7188,2.936e-15,1,0
7190,2.823e-15,1,0
7192,2.709e-15,1,0
7194,2.611e-15,1,0
7196,2.513e-15,1,0
7198,2.415e-15,1,0
7200,2.325e-15,1,0
7202,2.242e-15,1,0
7204,2.158e-15,1,0
7206,2.083e-15,1,0
7208,2.008e-15,1,0
7210,1.94e-15,1,0
7212,1.872e-15,1,0
7214,1.804e-15,1,0
7216,1.743e-15,1,0
7218,1.691e-15,1,0
7220,1.638e-15,1,0
7222,1.585e-15,1,0
7224,1.54e-15,1,0
7226,1.494e-15,1,0
7228,1.457e-15,1,0
7230,1.419e-15,1,0
7232,1.389e-15,1,0
7234,1.358e-15,1,0
7236,1.343e-15,1,0
7238,1.321e-15,1,0
7240,1.298e-15,1,0
7242,1.283e-15,1,0
7244,1.268e-15,1,0
7246,1.253e-15,1,0
7248,1.245e-15,1,0
7250,5.862e-15,1,0
7252,3.288e-14,1,0
7254,6.265e-14,1,0
7256,9.326e-14,1,0
7258,1.234e-13,1,0
7260,1.522e-13,1,0
7262,1.796e-13,1,0
7264,2.058e-13,1,0
7266,2.317e-13,1,0
7268,2.575e-13,1,0
7270,2.833e-13,1,0
7272,3.087e-13,1,0
7274,3.328e-13,1,0
7276,3.55e-13,1,0
7278,3.742e-13,1,0
7280,3.895e-13,1,0
7282,4.003e-13,1,0
7284,4.058e-13,1,0
7286,4.058e-13,1,0
7288,4.003e-13,1,0
7290,3.895e-13,1,0
7292,3.742e-13,1,0
7294,3.548e-13,1,0
7296,3.324e-13,1,0
7298,3.077e-13,1,0
7300,2.818e-13,1,0
7302,2.549e-13,1,0
7304,2.274e-13,1,0
7306,1.99e-13,1,0
7308,1.691e-13,1,0
7310,1.374e-13,1,0
7312,1.04e-13,1,0
7314,6.996e-14,1,0
7316,3.648e-14,1,0
7318,5.56e-15,1,0
7320,6.709e-16,1,0
7322,6.468e-16,1,0
7324,6.196e-16,1,0
7326,5.917e-16,1,0
7328,5.645e-16,1,0
7330,5.396e-16,1,0
7332,5.162e-16,1,0
7334,4.928e-16,1,0
7336,4.717e-16,1,0
7338,4.528e-16,1,0
7340,4.385e-16,1,0
7342,4.279e-16,1,0
7344,4.211e-16,1,0
7346,4.181e-16,1,0
7348,4.166e-16,1,0
7350,4.166e-16,1,0
7352,4.189e-16,1,0
7354,4.226e-16,1,0
7356,4.279e-16,1,0
7358,4.37e-16,1,0
7360,4.475e-16,1,0
7362,4.611e-16,1,0
7364,4.755e-16,1,0
7366,4.936e-16,1,0
7368,5.155e-16,1,0
7370,5.426e-16,1,0
7372,5.736e-16,1,0
7374,6.06e-16,1,0
7376,6.453e-16,1,0
7378,6.928e-16,1,0
7380,2.296e-14,1,0
7382,5.327e-14,1,0
7384,8.601e-14,1,0
7386,1.202e-13,1,0
7388,1.548e-13,1,0
7390,1.892e-13,1,0
7392,2.235e-13,1,0
7394,2.581e-13,1,0
7396,2.945e-13,1,0
7398,3.339e-13,1,0
7400,3.774e-13,1,0
7402,4.261e-13,1,0
7404,4.803e-13,1,0
7406,5.411e-13,1,0
7408,6.089e-13,1,0
7410,6.851e-13,1,0
7412,7.711e-13,1,0
7414,8.691e-13,1,0
7416,9.818e-13,1,0
7418,1.112e-12,1,0
7420,1.263e-12,1,0
7422,1.436e-12,1,0
7424,1.634e-12,1,0
7426,1.856e-12,1,0
7428,2.099e-12,1,0
7430,2.358e-12,1,0
7432,2.625e-12,1,0
7434,2.889e-12,1,0
7436,3.139e-12,1,0
7438,3.373e-12,1,0
7440,3.595e-12,1,0
7442,3.811e-12,1,0
7444,4.032e-12,1,0
7446,4.26e-12,1,0
7448,4.497e-12,1,0
7450,4.736e-12,1,0
7452,4.97e-12,1,0
7454,5.185e-12,1,0
7456,5.369e-12,1,0
7458,5.511e-12,1,0
7460,5.6e-12,1,0
7462,5.63e-12,1,0
7464,5.6e-12,1,0
7466,5.512e-12,1,0
7468,5.369e-12,1,0
7470,5.181e-12,1,0
7472,4.955e-12,1,0
7474,4.699e-12,1,0
7476,4.424e-12,1,0
7478,4.134e-12,1,0
7480,3.833e-12,1,0
7482,3.52e-12,1,0
7484,3.193e-12,1,0
7486,2.847e-12,1,0
7488,2.481e-12,1,0
7490,2.103e-12,1,0
7492,1.73e-12,1,0
7494,1.375e-12,1,0
7496,1.053e-12,1,0
7498,7.751e-13,1,0
7500,5.442e-13,1,0
7502,3.613e-13,1,0
7504,2.236e-13,1,0
7506,1.239e-13,1,0
7508,5.619e-14,1,0
7510,1.47e-14,1,0
7512,4.747e-15,1,0
7514,4.483e-15,1,0
7516,4.279e-15,1,0
7518,4.158e-15,1,0
7520,4.136e-15,1,0
7522,4.204e-15,1,0
7524,4.355e-15,1,0
7526,1.84e-14,1,0
7528,4.496e-14,1,0
7530,8.112e-14,1,0
7532,1.284e-13,1,0
7534,1.892e-13,1,0
7536,2.667e-13,1,0
7538,3.638e-13,1,0
7540,4.862e-13,1,0
7542,6.386e-13,1,0
7544,8.266e-13,1,0
7546,1.056e-12,1,0
7548,1.334e-12,1,0
7550,1.665e-12,1,0
7552,2.055e-12,1,0
7554,2.506e-12,1,0
7556,3.021e-12,1,0
7558,3.595e-12,1,0
7560,4.225e-12,1,0
7562,4.9e-12,1,0
7564,5.605e-12,1,0
7566,6.318e-12,1,0
7568,7.018e-12,1,0
7570,7.688e-12,1,0
7572,8.326e-12,1,0
7574,8.949e-12,1,0
7576,9.578e-12,1,0
7578,1.023e-11,1,0
7580,1.089e-11,1,0
7582,1.157e-11,1,0
7584,1.224e-11,1,0
7586,1.286e-11,1,0
7588,1.339e-11,1,0
7590,1.38e-11,1,0
7592,1.407e-11,1,0
7594,1.418e-11,1,0
7596,1.412e-11,1,0
7598,1.39e-11,1,0
7600,1.354e-11,1,0
7602,1.306e-11,1,0
7604,1.247e-11,1,0
7606,1.181e-11,1,0
7608,1.108e-11,1,0
7610,1.032e-11,1,0
7612,9.52e-12,1,0
7614,8.7e-12,1,0
7616,7.857e-12,1,0
7618,6.985e-12,1,0
7620,6.077e-12,1,0
7622,5.144e-12,1,0
7624,4.213e-12,1,0
7626,3.324e-12,1,0
7628,2.518e-12,1,0
7630,1.82e-12,1,0
7632,1.251e-12,1,0
7634,8.129e-13,1,0
7636,4.967e-13,1,0
7638,2.819e-13,1,0
7640,1.46e-13,1,0
7642,6.531e-14,1,0
7644,1.977e-14,1,0
7646,6.506e-15,1,0
7648,5.547e-15,1,0
7650,4.74e-15,1,0
7652,4.113e-15,1,0
7654,3.645e-15,1,0
7656,3.291e-15,1,0
7658,3.004e-15,1,0
7660,2.755e-15,1,0
7662,2.536e-15,1,0
7664,2.392e-15,1,0
7666,2.302e-15,1,0
7668,2.249e-15,1,0
7670,2.219e-15,1,0
7672,2.226e-15,1,0
7674,2.264e-15,1,0
7676,2.34e-15,1,0
7678,2.445e-15,1,0
7680,2.581e-15,1,0
7682,8.149e-15,1,0
7684,4.005e-14,1,0
7686,8.285e-14,1,0
7688,1.376e-13,1,0
7690,2.056e-13,1,0
7692,2.892e-13,1,0
7694,3.902e-13,1,0
7696,5.099e-13,1,0
7698,6.488e-13,1,0
7700,8.062e-13,1,0
7702,9.798e-13,1,0
7704,1.166e-12,1,0
7706,1.358e-12,1,0
7708,1.551e-12,1,0
7710,1.737e-12,1,0
7712,1.915e-12,1,0
7714,2.088e-12,1,0
7716,2.261e-12,1,0
7718,2.44e-12,1,0
7720,2.626e-12,1,0
7722,2.818e-12,1,0
7724,3.01e-12,1,0
7726,3.195e-12,1,0
7728,3.365e-12,1,0
7730,3.508e-12,1,0
7732,3.618e-12,1,0
7734,3.689e-12,1,0
7736,3.718e-12,1,0
7738,3.705e-12,1,0
7740,3.652e-12,1,0
7742,3.564e-12,1,0
7744,3.447e-12,1,0
7746,3.305e-12,1,0
7748,3.146e-12,1,0
7750,2.973e-12,1,0
7752,2.79e-12,1,0
7754,2.6e-12,1,0
7756,2.4e-12,1,0
7758,2.189e-12,1,0
7760,1.963e-12,1,0
7762,1.722e-12,1,0
7764,1.473e-12,1,0
7766,1.226e-12,1,0
7768,9.909e-13,1,0
7770,7.778e-13,1,0
7772,5.938e-13,1,0
7774,4.407e-13,1,0
7776,3.182e-13,1,0
7778,2.235e-13,1,0
7780,1.522e-13,1,0
7782,9.812e-14,1,0
7784,5.676e-14,1,0
7786,2.415e-14,1,0
7788,1.683e-15,1,0
7790,1.434e-15,1,0
7792,1.238e-15,1,0
7794,1.079e-15,1,0
7796,9.434e-16,1,0
7798,8.302e-16,1,0
7800,7.306e-16,1,0
7802,6.4e-16,1,0
7804,5.691e-16,1,0
7806,5.117e-16,1,0
7808,4.626e-16,1,0
7810,4.166e-16,1,0
7812,3.743e-16,1,0
7814,3.411e-16,1,0
7816,3.132e-16,1,0
7818,2.891e-16,1,0
7820,2.664e-16,1,0
7822,2.453e-16,1,0
7824,2.279e-16,1,0
7826,2.136e-16,1,0
7828,2.008e-16,1,0
7830,1.887e-16,1,0
7832,1.781e-16,1,0
7834,1.698e-16,1,0
7836,1.623e-16,1,0
7838,1.562e-16,1,0
7840,1.509e-16,1,0
7842,1.472e-16,1,0
7844,1.434e-16,1,0
7846,1.419e-16,1,0
7848,1.411e-16,1,0
7850,1.419e-16,1,0
7852,1.434e-16,1,0
7854,1.457e-16,1,0
7856,1.502e-16,1,0
7858,1.57e-16,1,0
7860,1.668e-16,1,0
7862,1.811e-16,1,0
7864,1.985e-16,1,0
7866,2.181e-16,1,0
7868,2.415e-16,1,0
7870,2.664e-16,1,0
7872,2.966e-16,1,0
7874,3.313e-16,1,0
7876,3.675e-16,1,0
7878,4.03e-16,1,0
7880,4.347e-16,1,0
7882,4.619e-16,1,0
7884,4.875e-16,1,0
7886,5.117e-16,1,0
7888,5.336e-16,1,0
7890,5.54e-16,1,0
7892,5.706e-16,1,0
7894,5.849e-16,1,0
7896,5.977e-16,1,0
7898,6.113e-16,1,0
7900,1.061e-14,1,0
7902,2.17e-14,1,0
7904,3.323e-14,1,0
7906,4.525e-14,1,0
7908,5.762e-14,1,0
7910,7.011e-14,1,0
7912,8.221e-14,1,0
7914,9.352e-14,1,0
7916,1.034e-13,1,0
7918,1.115e-13,1,0
7920,1.176e-13,1,0
7922,1.216e-13,1,0
7924,1.234e-13,1,0
7926,1.229e-13,1,0
7928,1.206e-13,1,0
7930,1.17e-13,1,0
7932,1.127e-13,1,0
7934,1.081e-13,1,0
7936,1.038e-13,1,0
7938,1.002e-13,1,0
7940,9.738e-14,1,0
7942,9.552e-14,1,0
7944,9.443e-14,1,0
7946,9.389e-14,1,0
7948,9.366e-14,1,0
7950,9.377e-14,1,0
7952,9.433e-14,1,0
7954,9.567e-14,1,0
7956,9.768e-14,1,0
7958,1.005e-13,1,0
7960,1.046e-13,1,0
7962,1.106e-13,1,0
7964,1.191e-13,1,0
7966,1.304e-13,1,0
7968,1.446e-13,1,0
7970,1.611e-13,1,0
7972,1.789e-13,1,0
7974,1.96e-13,1,0
7976,2.106e-13,1,0
7978,2.203e-13,1,0
7980,2.255e-13,1,0
7982,2.263e-13,1,0
7984,2.231e-13,1,0
7986,2.165e-13,1,0
7988,2.068e-13,1,0
7990,1.945e-13,1,0
7992,1.8e-13,1,0
7994,1.637e-13,1,0
7996,1.462e-13,1,0
7998,1.278e-13,1,0
8000,1.088e-13,1,0
8002,8.916e-14,1,0
8004,6.893e-14,1,0
8006,4.796e-14,1,0
8008,2.634e-14,1,0
8010,4.974e-15,1,0
8012,8.151e-16,1,0
8014,8.302e-16,1,0
8016,8.453e-16,1,0
8018,8.679e-16,1,0
8020,8.906e-16,1,0
8022,9.132e-16,1,0
8024,9.358e-16,1,0
8026,9.66e-16,1,0
8028,1.004e-15,1,0
8030,1.057e-15,1,0
8032,1.125e-15,1,0
8034,1.2e-15,1,0
8036,1.291e-15,1,0
8038,1.389e-15,1,0
8040,6.595e-15,1,0
8042,2.605e-14,1,0
8044,4.954e-14,1,0
8046,7.688e-14,1,0
8048,1.083e-13,1,0
8050,1.441e-13,1,0
8052,1.841e-13,1,0
8054,2.286e-13,1,0
8056,2.772e-13,1,0
8058,3.294e-13,1,0
8060,3.845e-13,1,0
8062,4.415e-13,1,0
8064,4.993e-13,1,0
8066,5.575e-13,1,0
8068,6.175e-13,1,0
8070,6.813e-13,1,0
8072,7.524e-13,1,0
8074,8.335e-13,1,0
8076,9.256e-13,1,0
8078,1.029e-12,1,0
8080,1.141e-12,1,0
8082,1.253e-12,1,0
8084,1.358e-12,1,0
8086,1.46e-12,1,0
8088,1.561e-12,1,0
8090,1.663e-12,1,0
8092,1.77e-12,1,0
8094,1.884e-12,1,0
8096,2.005e-12,1,0
8098,2.136e-12,1,0
8100,2.276e-12,1,0
8102,2.426e-12,1,0
8104,2.585e-12,1,0
8106,2.75e-12,1,0
8108,2.918e-12,1,0
8110,3.082e-12,1,0
8112,3.243e-12,1,0
8114,3.398e-12,1,0
8116,3.558e-12,1,0
8118,3.735e-12,1,0
8120,3.947e-12,1,0
8122,4.208e-12,1,0
8124,4.525e-12,1,0
8126,4.897e-12,1,0
8128,5.316e-12,1,0
8130,5.752e-12,1,0
8132,6.174e-12,1,0
8134,6.589e-12,1,0
8136,7.013e-12,1,0
8138,7.462e-12,1,0
8140,7.957e-12,1,0
8142,8.518e-12,1,0
8144,9.167e-12,1,0
8146,9.929e-12,1,0
8148,1.082e-11,1,0
8150,1.187e-11,1,0
8152,1.309e-11,1,0
8154,1.449e-11,1,0
8156,1.607e-11,1,0
8158,1.782e-11,1,0
8160,1.972e-11,1,0
8162,2.172e-11,1,0
8164,2.376e-11,1,0
8166,2.578e-11,1,0
8168,2.771e-11,1,0
8170,2.956e-11,1,0
8172,3.14e-11,1,0
8174,3.336e-11,1,0
8176,3.556e-11,1,0
8178,3.809e-11,1,0
8180,4.093e-11,1,0
8182,4.398e-11,1,0
8184,4.703e-11,1,0
8186,4.986e-11,1,0
8188,5.188e-11,1,0
8190,5.313e-11,1,0
8192,5.366e-11,1,0
8194,5.352e-11,1,0
8196,5.277e-11,1,0
8198,5.147e-11,1,0
8200,4.97e-11,1,0
8202,4.753e-11,1,0
8204,4.503e-11,1,0
8206,4.228e-11,1,0
8208,3.936e-11,1,0
8210,3.631e-11,1,0
8212,3.316e-11,1,0
8214,2.993e-11,1,0
8216,2.661e-11,1,0
8218,2.317e-11,1,0
8220,1.961e-11,1,0
8222,1.604e-11,1,0
8224,1.264e-11,1,0
8226,9.61e-12,1,0
8228,7.158e-12,1,0
8230,5.46e-12,1,0
8232,4.584e-12,1,0
8234,4.502e-12,1,0
8236,5.024e-12,1,0
8238,5.734e-12,1,0
8240,6.605e-12,1,0
8242,7.649e-12,1,0
8244,8.877e-12,1,0
8246,1.031e-11,1,0
8248,1.195e-11,1,0
8250,1.382e-11,1,0
8252,1.593e-11,1,0
8254,1.828e-11,1,0
8256,2.09e-11,1,0
8258,2.377e-11,1,0
8260,2.691e-11,1,0
8262,3.027e-11,1,0
8264,3.38e-11,1,0
8266,3.74e-11,1,0
8268,4.095e-11,1,0
8270,4.43e-11,1,0
8272,4.743e-11,1,0
8274,5.043e-11,1,0
8276,5.352e-11,1,0
8278,5.687e-11,1,0
8280,6.059e-11,1,0
8282,6.473e-11,1,0
8284,6.903e-11,1,0
8286,7.342e-11,1,0
8288,7.661e-11,1,0
8290,7.866e-11,1,0
8292,7.963e-11,1,0
8294,7.959e-11,1,0
8296,7.862e-11,1,0
8298,7.683e-11,1,0
8300,7.428e-11,1,0
8302,7.108e-11,1,0
8304,6.733e-11,1,0
8306,6.313e-11,1,0
8308,5.862e-11,1,0
8310,5.389e-11,1,0
8312,4.904e-11,1,0
8314,4.412e-11,1,0
8316,3.915e-11,1,0
8318,3.41e-11,1,0
8320,2.889e-11,1,0
8322,2.35e-11,1,0
8324,1.814e-11,1,0
8326,1.303e-11,1,0
8328,8.549e-12,1,0
8330,4.95e-12,1,0
8332,2.45e-12,1,0
8334,1.118e-12,1,0
8336,8.048e-13,1,0
8338,6.484e-13,1,0
8340,5.257e-13,1,0
8342,4.281e-13,1,0
8344,3.496e-13,1,0
8346,2.858e-13,1,0
8348,2.334e-13,1,0
8350,1.9e-13,1,0
8352,1.538e-13,1,0
8354,1.235e-13,1,0
8356,9.783e-14,1,0
8358,7.609e-14,1,0
8360,5.762e-14,1,0
8362,4.193e-14,1,0
8364,2.872e-14,1,0
8366,1.785e-14,1,0
8368,9.478e-15,1,0
8370,6.702e-15,1,0
8372,6.045e-15,1,0
8374,5.502e-15,1,0
8376,5.034e-15,1,0
8378,4.611e-15,1,0
8380,4.219e-15,1,0
8382,3.857e-15,1,0
8384,3.547e-15,1,0
8386,3.268e-15,1,0
8388,3.019e-15,1,0
8390,2.792e-15,1,0
8392,2.574e-15,1,0
8394,2.385e-15,1,0
8396,2.219e-15,1,0
8398,2.06e-15,1,0
8400,1.917e-15,1,0
8402,1.781e-15,1,0
8404,1.66e-15,1,0
8406,1.555e-15,1,0
8408,1.457e-15,1,0
8410,1.358e-15,1,0
8412,1.268e-15,1,0
8414,1.192e-15,1,0
8416,1.117e-15,1,0
8418,1.049e-15,1,0
8420,9.887e-16,1,0
8422,9.283e-16,1,0
8424,8.755e-16,1,0
8426,8.226e-16,1,0
8428,7.774e-16,1,0
8430,7.343e-16,1,0
8432,6.928e-16,1,0
8434,6.551e-16,1,0
8436,6.204e-16,1,0
8438,5.872e-16,1,0
8440,5.562e-16,1,0
8442,5.268e-16,1,0
8444,4.996e-16,1,0
8446,4.74e-16,1,0
8448,4.506e-16,1,0
8450,4.279e-16,1,0
8452,4.06e-16,1,0
8454,3.864e-16,1,0
8456,3.675e-16,1,0
8458,3.502e-16,1,0
8460,3.336e-16,1,0
8462,3.177e-16,1,0
8464,3.026e-16,1,0
8466,2.891e-16,1,0
8468,2.762e-16,1,0
8470,2.634e-16,1,0
8472,2.513e-16,1,0
8474,2.4e-16,1,0
8476,2.302e-16,1,0
8478,2.196e-16,1,0
8480,2.106e-16,1,0
8482,2.015e-16,1,0
8484,1.925e-16,1,0
8486,1.849e-16,1,0
8488,1.766e-16,1,0
8490,1.698e-16,1,0
8492,1.623e-16,1,0
8494,1.562e-16,1,0
8496,1.494e-16,1,0
8498,1.434e-16,1,0
8500,1.381e-16,1,0
8502,1.321e-16,1,0
8504,1.275e-16,1,0
8506,1.223e-16,1,0
8508,1.177e-16,1,0
8510,1.132e-16,1,0
8512,1.087e-16,1,0
8514,1.049e-16,1,0
8516,1.004e-16,1,0
8518,9.66e-17,1,0
8520,9.358e-17,1,0
8522,8.981e-17,1,0
8524,8.679e-17,1,0
8526,8.377e-17,1,0
8528,8.075e-17,1,0
8530,7.774e-17,1,0
8532,7.479e-17,1,0
8534,7.215e-17,1,0
8536,6.966e-17,1,0
8538,6.725e-17,1,0
8540,6.491e-17,1,0
8542,6.264e-17,1,0
8544,6.053e-17,1,0
8546,5.849e-17,1,0
8548,5.653e-17,1,0
8550,5.457e-17,1,0
8552,5.275e-17,1,0
8554,5.102e-17,1,0
8556,4.936e-17,1,0
8558,4.777e-17,1,0
8560,4.619e-17,1,0
8562,4.468e-17,1,0
8564,4.325e-17,1,0
8566,4.189e-17,1,0
8568,4.053e-17,1,0
8570,3.925e-17,1,0
8572,3.804e-17,1,0
8574,3.683e-17,1,0
8576,3.57e-17,1,0
8578,3.457e-17,1,0
8580,3.351e-17,1,0
8582,3.245e-17,1,0
8584,3.147e-17,1,0
8586,3.057e-17,1,0
8588,2.958e-17,1,0
8590,2.875e-17,1,0
8592,2.785e-17,1,0
8594,2.702e-17,1,0
8596,2.626e-17,1,0
8598,2.551e-17,1,0
8600,2.475e-17,1,0
8602,2.4e-17,1,0
8604,2.332e-17,1,0
8606,2.264e-17,1,0
8608,2.196e-17,1,0
8610,2.136e-17,1,0
8612,2.075e-17,1,0
8614,2.015e-17,1,0
8616,1.962e-17,1,0
8618,1.902e-17,1,0
8620,1.849e-17,1,0
8622,1.804e-17,1,0
8624,1.751e-17,1,0
8626,1.706e-17,1,0
8628,1.66e-17,1,0
8630,1.615e-17,1,0
8632,1.57e-17,1,0
8634,1.525e-17,1,0
8636,1.487e-17,1,0
8638,1.442e-17,1,0
8640,1.404e-17,1,0
8642,1.366e-17,1,0
8644,1.336e-17,1,0
8646,1.298e-17,1,0
8648,1.26e-17,1,0
8650,1.23e-17,1,0
8652,1.2e-17,1,0
8654,1.17e-17,1,0
8656,1.14e-17,1,0
8658,1.109e-17,1,0
8660,1.079e-17,1,0
8662,1.057e-17,1,0
8664,1.026e-17,1,0
8666,1.004e-17,1,0
8668,9.736e-18,1,0
8670,9.509e-18,1,0
8672,9.283e-18,1,0
8674,9.057e-18,1,0
8676,8.83e-18,1,0
8678,8.604e-18,1,0
8680,8.377e-18,1,0
8682,8.226e-18,1,0
8684,8e-18,1,0
8686,7.774e-18,1,0
8688,7.623e-18,1,0
8690,7.419e-18,1,0
8692,7.245e-18,1,0
8694,7.072e-18,1,0
8696,6.906e-18,1,0
8698,6.74e-18,1,0
8700,6.581e-18,1,0
8702,6.423e-18,1,0
8704,6.279e-18,1,0
8706,6.128e-18,1,0
8708,5.985e-18,1,0
8710,5.849e-18,1,0
8712,5.713e-18,1,0
8714,5.585e-18,1,0
8716,5.457e-18,1,0
8718,5.328e-18,1,0
8720,5.208e-18,1,0
8722,5.087e-18,1,0
8724,4.974e-18,1,0
8726,4.86e-18,1,0
8728,4.755e-18,1,0
8730,4.649e-18,1,0
8732,4.543e-18,1,0
8734,4.445e-18,1,0
8736,4.347e-18,1,0
8738,4.249e-18,1,0
8740,4.158e-18,1,0
8742,4.068e-18,1,0
8744,3.977e-18,1,0
8746,3.887e-18,1,0
8748,3.804e-18,1,0
8750,3.721e-18,1,0
8752,3.645e-18,1,0
8754,3.562e-18,1,0
8756,3.487e-18,1,0
8758,3.411e-18,1,0
8760,3.343e-18,1,0
8762,3.268e-18,1,0
8764,3.2e-18,1,0
8766,3.132e-18,1,0
8768,3.072e-18,1,0
8770,3.004e-18,1,0
8772,2.943e-18,1,0
8774,2.883e-18,1,0
8776,2.823e-18,1,0
8778,2.762e-18,1,0
8780,2.709e-18,1,0
8782,2.649e-18,1,0
8784,2.596e-18,1,0
8786,2.543e-18,1,0
8788,2.491e-18,1,0
8790,2.445e-18,1,0
8792,2.392e-18,1,0
8794,2.347e-18,1,0
8796,2.302e-18,1,0
8798,2.257e-18,1,0
8800,2.211e-18,1,0
8802,2.166e-18,1,0
8804,2.121e-18,1,0
8806,2.083e-18,1,0
8808,2.038e-18,1,0
8810,2e-18,1,0
8812,1.962e-18,1,0
8814,1.925e-18,1,0
8816,1.887e-18,1,0
8818,1.849e-18,1,0
8820,1.811e-18,1,0
8822,1.781e-18,1,0
8824,1.743e-18,1,0
8826,1.713e-18,1,0
8828,1.683e-18,1,0
8830,1.645e-18,1,0
8832,1.615e-18,1,0
8834,1.585e-18,1,0
8836,1.555e-18,1,0
8838,1.525e-18,1,0
8840,1.502e-18,1,0
8842,1.472e-18,1,0
8844,1.442e-18,1,0
8846,1.419e-18,1,0
8848,1.389e-18,1,0
8850,1.366e-18,1,0
8852,1.343e-18,1,0
8854,1.321e-18,1,0
8856,1.291e-18,1,0
8858,1.268e-18,1,0
8860,1.245e-18,1,0
8862,1.223e-18,1,0
8864,1.208e-18,1,0
8866,1.185e-18,1,0
8868,1.162e-18,1,0
8870,1.14e-18,1,0
8872,1.125e-18,1,0
8874,1.102e-18,1,0
8876,1.087e-18,1,0
8878,1.064e-18,1,0
8880,1.049e-18,1,0
8882,1.026e-18,1,0
8884,1.011e-18,1,0
8886,9.962e-19,1,0
8888,9.811e-19,1,0
8890,9.585e-19,1,0
8892,9.434e-19,1,0
8894,9.283e-19,1,0
8896,9.132e-19,1,0
8898,8.981e-19,1,0
8900,8.83e-19,1,0
8902,8.679e-19,1,0
8904,8.604e-19,1,0
8906,8.453e-19,1,0
8908,8.302e-19,1,0
8910,8.151e-19,1,0
8912,8.075e-19,1,0
8914,7.925e-19,1,0
8916,7.774e-19,1,0
8918,7.698e-19,1,0
8920,7.547e-19,1,0
8922,7.442e-19,1,0
8924,7.328e-19,1,0
8926,7.215e-19,1,0
8928,7.109e-19,1,0
8930,7.011e-19,1,0
8932,6.906e-19,1,0
8934,6.808e-19,1,0
8936,6.709e-19,1,0
8938,6.611e-19,1,0
8940,6.521e-19,1,0
8942,6.43e-19,1,0
8944,6.34e-19,1,0
8946,6.257e-19,1,0
8948,6.174e-19,1,0
8950,6.091e-19,1,0
8952,6.008e-19,1,0
8954,5.932e-19,1,0
8956,5.857e-19,1,0
8958,5.781e-19,1,0
8960,5.706e-19,1,0
8962,5.638e-19,1,0
8964,5.57e-19,1,0
8966,5.502e-19,1,0
8968,5.442e-19,1,0
8970,5.374e-19,1,0
8972,5.313e-19,1,0
8974,5.253e-19,1,0
8976,5.2e-19,1,0
8978,5.14e-19,1,0
8980,5.087e-19,1,0
8982,5.034e-19,1,0
8984,4.981e-19,1,0
8986,4.936e-19,1,0
8988,4.891e-19,1,0
8990,4.845e-19,1,0
8992,4.8e-19,1,0
8994,4.755e-19,1,0
8996,4.717e-19,1,0
8998,4.679e-19,1,0
9000,4.642e-19,1,0
9002,4.604e-19,1,0
9004,4.566e-19,1,0
9006,4.536e-19,1,0
9008,4.506e-19,1,0
9010,4.475e-19,1,0
9012,4.445e-19,1,0
9014,4.423e-19,1,0
9016,4.4e-19,1,0
9018,4.37e-19,1,0
9020,4.355e-19,1,0
9022,4.332e-19,1,0
9024,4.317e-19,1,0
9026,4.294e-19,1,0
9028,4.287e-19,1,0
9030,4.272e-19,1,0
9032,4.257e-19,1,0
9034,4.249e-19,1,0
9036,4.242e-19,1,0
9038,4.234e-19,1,0
9040,4.234e-19,1,0
9042,4.226e-19,1,0
9044,4.226e-19,1,0
9046,4.226e-19,1,0
9048,4.234e-19,1,0
9050,4.234e-19,1,0
9052,4.242e-19,1,0
9054,4.249e-19,1,0
9056,4.264e-19,1,0
9058,4.272e-19,1,0
9060,4.287e-19,1,0
9062,4.302e-19,1,0
9064,4.325e-19,1,0
9066,4.347e-19,1,0
9068,4.37e-19,1,0
9070,4.392e-19,1,0
9072,4.423e-19,1,0
9074,4.453e-19,1,0
9076,4.483e-19,1,0
9078,4.521e-19,1,0
9080,4.558e-19,1,0
9082,4.596e-19,1,0
9084,4.642e-19,1,0
9086,4.687e-19,1,0
9088,4.732e-19,1,0
9090,4.785e-19,1,0
9092,4.838e-19,1,0
9094,4.898e-19,1,0
9096,4.958e-19,1,0
9098,5.026e-19,1,0
9100,5.094e-19,1,0
9102,5.162e-19,1,0
9104,5.238e-19,1,0
9106,5.313e-19,1,0
9108,5.396e-19,1,0
9110,5.487e-19,1,0
9112,5.577e-19,1,0
9114,5.668e-19,1,0
9116,5.774e-19,1,0
9118,5.872e-19,1,0
9120,5.985e-19,1,0
9122,6.098e-19,1,0
9124,6.219e-19,1,0
9126,6.347e-19,1,0
9128,6.475e-19,1,0
9130,6.611e-19,1,0
9132,6.755e-19,1,0
9134,6.906e-19,1,0
9136,7.064e-19,1,0
9138,7.223e-19,1,0
9140,7.396e-19,1,0
9142,7.547e-19,1,0
9144,7.774e-19,1,0
9146,7.925e-19,1,0
9148,8.151e-19,1,0
9150,8.377e-19,1,0
9152,8.604e-19,1,0
9154,8.83e-19,1,0
9156,9.057e-19,1,0
9158,9.283e-19,1,0
9160,9.585e-19,1,0
9162,9.887e-19,1,0
9164,1.011e-18,1,0
9166,1.042e-18,1,0
9168,1.072e-18,1,0
9170,1.109e-18,1,0
9172,1.14e-18,1,0
9174,1.177e-18,1,0
9176,1.215e-18,1,0
9178,1.253e-18,1,0
9180,1.298e-18,1,0
9182,1.343e-18,1,0
9184,1.389e-18,1,0
9186,1.434e-18,1,0
9188,1.479e-18,1,0
9190,1.532e-18,1,0
9192,1.592e-18,1,0
9194,1.645e-18,1,0
9196,1.706e-18,1,0
9198,1.774e-18,1,0
9200,1.842e-18,1,0
9202,1.909e-18,1,0
9204,1.985e-18,1,0
9206,2.06e-18,1,0
9208,2.143e-18,1,0
9210,2.226e-18,1,0
9212,2.325e-18,1,0
9214,2.423e-18,1,0
9216,2.521e-18,1,0
9218,2.634e-18,1,0
9220,2.747e-18,1,0
9222,2.868e-18,1,0
9224,3.004e-18,1,0
9226,3.132e-18,1,0
9228,3.283e-18,1,0
9230,3.434e-18,1,0
9232,3.6e-18,1,0
9234,3.774e-18,1,0
9236,3.955e-18,1,0
9238,4.151e-18,1,0
9240,4.362e-18,1,0
9242,4.589e-18,1,0
9244,4.823e-18,1,0
9246,5.072e-18,1,0
9248,5.343e-18,1,0
9250,5.638e-18,1,0
9252,5.947e-18,1,0
9254,6.279e-18,1,0
9256,6.634e-18,1,0
9258,7.011e-18,1,0
9260,7.434e-18,1,0
9262,7.925e-18,1,0
9264,8.377e-18,1,0
9266,8.906e-18,1,0
9268,9.434e-18,1,0
9270,1.004e-17,1,0
9272,1.072e-17,1,0
9274,1.147e-17,1,0
9276,1.223e-17,1,0
9278,1.306e-17,1,0
9280,1.404e-17,1,0
9282,1.509e-17,1,0
9284,1.615e-17,1,0
9286,1.736e-17,1,0
9288,1.872e-17,1,0
9290,2.03e-17,1,0
9292,2.204e-17,1,0
9294,2.377e-17,1,0
9296,2.581e-17,1,0
9298,2.815e-17,1,0
9300,3.094e-17,1,0
9302,3.389e-17,1,0
9304,3.706e-17,1,0
9306,4.068e-17,1,0
9308,4.498e-17,1,0
9310,5.042e-17,1,0
9312,5.638e-17,1,0
9314,6.279e-17,1,0
9316,7.019e-17,1,0
9318,7.925e-17,1,0
9320,9.132e-17,1,0
9322,1.049e-16,1,0
9324,1.208e-16,1,0
9326,1.389e-16,1,0
9328,1.592e-16,1,0
9330,1.811e-16,1,0
9332,2.06e-16,1,0
9334,2.34e-16,1,0
9336,2.634e-16,1,0
9338,2.943e-16,1,0
9340,3.26e-16,1,0
9342,3.6e-16,1,0
9344,3.955e-16,1,0
9346,4.309e-16,1,0
9348,1.103e-14,1,0
9350,2.506e-14,1,0
9352,4.104e-14,1,0
9354,5.874e-14,1,0
9356,7.793e-14,1,0
9358,9.821e-14,1,0
9360,1.19e-13,1,0
9362,1.397e-13,1,0
9364,1.596e-13,1,0
9366,1.784e-13,1,0
9368,1.965e-13,1,0
9370,2.147e-13,1,0
9372,2.34e-13,1,0
9374,2.551e-13,1,0
9376,2.783e-13,1,0
9378,3.032e-13,1,0
9380,3.282e-13,1,0
9382,3.517e-13,1,0
9384,3.712e-13,1,0
9386,3.839e-13,1,0
9388,3.902e-13,1,0
9390,3.907e-13,1,0
9392,3.857e-13,1,0
9394,3.758e-13,1,0
9396,3.617e-13,1,0
9398,3.44e-13,1,0
9400,3.234e-13,1,0
9402,3.005e-13,1,0
9404,2.758e-13,1,0
9406,2.5e-13,1,0
9408,2.232e-13,1,0
9410,1.957e-13,1,0
9412,1.672e-13,1,0
9414,1.376e-13,1,0
9416,1.068e-13,1,0
9418,7.534e-14,1,0
9420,4.448e-14,1,0
9422,1.646e-14,1,0
9424,7.117e-16,1,0
9426,6.853e-16,1,0
9428,6.611e-16,1,0
9430,6.423e-16,1,0
9432,6.242e-16,1,0
9434,6.06e-16,1,0
9436,5.925e-16,1,0
9438,5.887e-16,1,0
9440,6.008e-16,1,0
9442,6.279e-16,1,0
9444,6.679e-16,1,0
9446,7.192e-16,1,0
9448,7.849e-16,1,0
9450,8.604e-16,1,0
9452,9.434e-16,1,0
9454,1.237e-14,1,0
9456,2.704e-14,1,0
9458,4.486e-14,1,0
9460,6.621e-14,1,0
9462,9.162e-14,1,0
9464,1.215e-13,1,0
9466,1.567e-13,1,0
9468,1.979e-13,1,0
9470,2.458e-13,1,0
9472,3.012e-13,1,0
9474,3.647e-13,1,0
9476,4.369e-13,1,0
9478,5.184e-13,1,0
9480,6.09e-13,1,0
9482,7.084e-13,1,0
9484,8.155e-13,1,0
9486,9.281e-13,1,0
9488,1.044e-12,1,0
9490,1.16e-12,1,0
9492,1.272e-12,1,0
9494,1.377e-12,1,0
9496,1.48e-12,1,0
9498,1.584e-12,1,0
9500,1.698e-12,1,0
9502,1.828e-12,1,0
9504,1.975e-12,1,0
9506,2.14e-12,1,0
9508,2.312e-12,1,0
9510,2.455e-12,1,0
9512,2.557e-12,1,0
9514,2.62e-12,1,0
9516,2.647e-12,1,0
9518,2.64e-12,1,0
9520,2.602e-12,1,0
9522,2.536e-12,1,0
9524,2.446e-12,1,0
9526,2.334e-12,1,0
9528,2.206e-12,1,0
9530,2.063e-12,1,0
9532,1.911e-12,1,0
9534,1.75e-12,1,0
9536,1.584e-12,1,0
9538,1.413e-12,1,0
9540,1.237e-12,1,0
9542,1.054e-12,1,0
9544,8.642e-13,1,0
9546,6.704e-13,1,0
9548,4.821e-13,1,0
9550,3.093e-13,1,0
9552,1.651e-13,1,0
9554,5.853e-14,1,0
9556,2.657e-15,1,0
9558,2.34e-15,1,0
9560,2.068e-15,1,0
9562,1.849e-15,1,0
9564,1.645e-15,1,0
9566,1.472e-15,1,0
9568,1.321e-15,1,0
9570,1.208e-15,1,0
9572,1.132e-15,1,0
9574,1.094e-15,1,0
9576,1.079e-15,1,0
9578,4.198e-15,1,0
9580,1.473e-14,1,0
9582,2.792e-14,1,0
9584,4.378e-14,1,0
9586,6.256e-14,1,0
9588,8.443e-14,1,0
9590,1.096e-13,1,0
9592,1.382e-13,1,0
9594,1.702e-13,1,0
9596,2.055e-13,1,0
9598,2.437e-13,1,0
9600,2.843e-13,1,0
9602,3.262e-13,1,0
9604,3.682e-13,1,0
9606,4.09e-13,1,0
9608,4.477e-13,1,0
9610,4.847e-13,1,0
9612,5.22e-13,1,0
9614,5.617e-13,1,0
9616,6.059e-13,1,0
9618,6.555e-13,1,0
9620,7.1e-13,1,0
9622,7.681e-13,1,0
9624,8.206e-13,1,0
9626,8.615e-13,1,0
9628,8.884e-13,1,0
9630,9.02e-13,1,0
9632,9.031e-13,1,0
9634,8.928e-13,1,0
9636,8.72e-13,1,0
9638,8.425e-13,1,0
9640,8.051e-13,1,0
9642,7.613e-13,1,0
9644,7.123e-13,1,0
9646,6.594e-13,1,0
9648,6.037e-13,1,0
9650,5.458e-13,1,0
9652,4.862e-13,1,0
9654,4.248e-13,1,0
9656,3.61e-13,1,0
9658,2.945e-13,1,0
9660,2.263e-13,1,0
9662,1.588e-13,1,0
9664,9.623e-14,1,0
9666,4.206e-14,1,0
9668,1.162e-15,1,0
9670,1.064e-15,1,0
9672,9.509e-16,1,0
9674,8.226e-16,1,0
9676,6.913e-16,1,0
9678,5.683e-16,1,0
9680,4.687e-16,1,0
9682,3.955e-16,1,0
9684,3.404e-16,1,0
9686,2.974e-16,1,0
9688,2.619e-16,1,0
9690,2.287e-16,1,0
9692,1.985e-16,1,0
9694,1.758e-16,1,0
9696,1.57e-16,1,0
9698,1.419e-16,1,0
9700,1.268e-16,1,0
9702,1.132e-16,1,0
9704,1.019e-16,1,0
9706,9.283e-17,1,0
9708,8.453e-17,1,0
9710,7.698e-17,1,0
9712,6.966e-17,1,0
9714,6.362e-17,1,0
9716,5.842e-17,1,0
9718,5.381e-17,1,0
9720,4.943e-17,1,0
9722,4.536e-17,1,0
9724,4.189e-17,1,0
9726,3.879e-17,1,0
9728,3.6e-17,1,0
9730,3.336e-17,1,0
9732,3.087e-17,1,0
9734,2.875e-17,1,0
9736,2.679e-17,1,0
9738,2.506e-17,1,0
9740,2.332e-17,1,0
9742,2.181e-17,1,0
9744,2.038e-17,1,0
9746,1.909e-17,1,0
9748,1.796e-17,1,0
9750,1.683e-17,1,0
9752,1.585e-17,1,0
9754,1.487e-17,1,0
9756,1.404e-17,1,0
9758,1.321e-17,1,0
9760,1.245e-17,1,0
9762,1.177e-17,1,0
9764,1.109e-17,1,0
9766,1.049e-17,1,0
9768,9.962e-18,1,0
9770,9.434e-18,1,0
9772,8.906e-18,1,0
9774,8.453e-18,1,0
9776,8e-18,1,0
9778,7.623e-18,1,0
9780,7.238e-18,1,0
9782,6.875e-18,1,0
9784,6.543e-18,1,0
9786,6.226e-18,1,0
9788,5.932e-18,1,0
9790,5.653e-18,1,0
9792,5.381e-18,1,0
9794,5.132e-18,1,0
9796,4.898e-18,1,0
9798,4.679e-18,1,0
9800,4.468e-18,1,0
9802,4.272e-18,1,0
9804,4.083e-18,1,0
9806,3.902e-18,1,0
9808,3.736e-18,1,0
9810,3.577e-18,1,0
9812,3.426e-18,1,0
9814,3.283e-18,1,0
9816,3.147e-18,1,0
9818,3.019e-18,1,0
9820,2.891e-18,1,0
9822,2.777e-18,1,0
9824,2.664e-18,1,0
9826,2.558e-18,1,0
9828,2.46e-18,1,0
9830,2.362e-18,1,0
9832,2.272e-18,1,0
9834,2.181e-18,1,0
9836,2.098e-18,1,0
9838,2.023e-18,1,0
9840,1.947e-18,1,0
9842,1.872e-18,1,0
9844,1.804e-18,1,0
9846,1.736e-18,1,0
9848,1.675e-18,1,0
9850,1.615e-18,1,0
9852,1.555e-18,1,0
9854,1.502e-18,1,0
9856,1.449e-18,1,0
9858,1.396e-18,1,0
9860,1.351e-18,1,0
9862,1.298e-18,1,0
9864,1.253e-18,1,0
9866,1.215e-18,1,0
9868,1.17e-18,1,0
9870,1.132e-18,1,0
9872,1.094e-18,1,0
9874,1.057e-18,1,0
9876,1.026e-18,1,0
9878,9.887e-19,1,0
9880,9.585e-19,1,0
9882,9.283e-19,1,0
9884,8.981e-19,1,0
9886,8.679e-19,1,0
9888,8.377e-19,1,0
9890,8.151e-19,1,0
9892,7.849e-19,1,0
9894,7.623e-19,1,0
9896,7.396e-19,1,0
9898,7.162e-19,1,0
9900,6.943e-19,1,0
9902,6.732e-19,1,0
9904,6.528e-19,1,0
9906,6.332e-19,1,0
9908,6.143e-19,1,0
9910,5.955e-19,1,0
9912,5.781e-19,1,0
9914,5.608e-19,1,0
9916,5.442e-19,1,0
9918,5.283e-19,1,0
9920,5.132e-19,1,0
9922,4.981e-19,1,0
9924,4.838e-19,1,0
9926,4.702e-19,1,0
9928,4.566e-19,1,0
9930,4.438e-19,1,0
9932,4.309e-19,1,0
9934,4.189e-19,1,0
9936,4.075e-19,1,0
9938,3.962e-19,1,0
9940,3.849e-19,1,0
9942,3.743e-19,1,0
9944,3.645e-19,1,0
9946,3.547e-19,1,0
9948,3.449e-19,1,0
9950,3.358e-19,1,0
9952,3.268e-19,1,0
9954,3.177e-19,1,0
9956,3.094e-19,1,0
9958,3.011e-19,1,0
9960,2.936e-19,1,0
9962,2.853e-19,1,0
9964,2.785e-19,1,0
9966,2.709e-19,1,0
9968,2.642e-19,1,0
9970,2.574e-19,1,0
9972,2.506e-19,1,0
9974,2.438e-19,1,0
9976,2.377e-19,1,0
9978,2.317e-19,1,0
9980,2.257e-19,1,0
9982,2.204e-19,1,0
9984,2.151e-19,1,0
9986,2.098e-19,1,0
9988,2.045e-19,1,0
9990,1.992e-19,1,0
9992,1.97e-19,1,0
9994,1.97e-19,1,0
9996,1.962e-19,1,0
9998,1.902e-19,1,0
10000,1.887e-19,1,0
