-20,0.172,0.2749,1.3485
-10,0.1695,0.2732,1.35
0,0.17,0.2752,1.35
10,0.1695,0.2732,1.35
20,0.172,0.2749,1.3485
30,0.168,0.2676,1.3349
40,0.1687,0.2667,1.3
50,0.1624,0.2545,1.2708
60,0.1606,0.2497,1.2581
70,0.1508,0.2327,1.2533
80,0.1447,0.2218,1.2515
90,0.1344,0.2036,1.2507
100,0.1214,0.1825,1.2503
110,0.1133,0.1694,1.25
120,0.1009,0.1497,1.2497
130,0.09217,0.1353,1.2494
140,0.08297,0.121,1.249
150,0.06989,0.1014,1.2485
160,0.06513,0.09405,1.2478
170,0.05469,0.07848,1.2468
180,0.05056,0.07195,1.2455
190,0.04417,0.06246,1.2438
200,0.03779,0.05306,1.2416
210,0.03484,0.04853,1.2389
220,0.02994,0.04138,1.2355
230,0.0272,0.03735,1.2314
240,0.02325,0.03171,1.2265
250,0.02063,0.02785,1.2207
260,0.01818,0.02431,1.214
270,0.01592,0.02111,1.2065
280,0.01405,0.01845,1.1981
290,0.01251,0.0164,1.1889
300,0.0108,0.01405,1.179
310,0.009647,0.01255,1.1686
320,0.008424,0.01098,1.1578
330,0.007519,0.009797,1.1468
340,0.006555,0.008646,1.1358
350,0.00588,0.007779,1.125
360,0.005136,0.006898,1.1145
370,0.004511,0.006099,1.1044
380,0.003989,0.005453,1.0948
390,0.003509,0.004909,1.0858
400,0.003114,0.004413,1.0774
410,0.00274,0.003959,1.0698
420,0.002446,0.003581,1.0627
430,0.002144,0.003199,1.0563
440,0.001895,0.002871,1.0505
450,0.001676,0.002583,1.0453
460,0.001486,0.00233,1.0406
470,0.001312,0.002086,1.0364
480,0.001164,0.001874,1.0327
490,0.001031,0.001684,1.0293
500,0.0009129,0.001512,1.0263
510,0.0008106,0.001361,1.0236
520,0.0007213,0.001225,1.0213
530,0.00064,0.0011,1.0191
540,0.0005687,0.000989,1.0173
550,0.0005063,0.0008916,1.0156
560,0.0004511,0.0008039,1.0141
570,0.0004029,0.0007256,1.0127
580,0.0003596,0.0006545,1.0115
590,0.000322,0.0005918,1.0104
600,0.0002889,0.0005359,1.0095
610,0.0002597,0.0004867,1.0086
620,0.0002337,0.0004426,1.0078
630,0.0002108,0.0004033,1.0071
640,0.0001907,0.0003682,1.0065
650,0.0001728,0.0003366,1.0059
660,0.000157,0.0003085,1.0054
670,0.000143,0.0002833,1.005
680,0.0001305,0.0002605,1.0046
690,0.0001195,0.0002403,1.0042
700,0.0001097,0.0002221,1.0038
710,0.0001009,0.0002055,1.0035
720,9.307e-05,0.0001908,1.0033
730,8.604e-05,0.0001774,1.003
740,7.971e-05,0.0001653,1.0028
750,7.407e-05,0.0001544,1.0026
760,6.896e-05,0.0001443,1.0024
770,6.433e-05,0.0001351,1.0022
780,6.013e-05,0.0001267,1.002
790,5.631e-05,0.000119,1.0019
800,5.283e-05,0.0001119,1.0017
810,4.963e-05,0.0001053,1.0016
820,4.669e-05,9.922e-05,1.0045
830,4.398e-05,9.355e-05,1.0104
840,4.148e-05,8.831e-05,1.0163
850,3.917e-05,8.339e-05,1.0242
860,3.702e-05,7.878e-05,1.0302
870,3.502e-05,7.449e-05,1.0341
880,3.316e-05,7.043e-05,1.038
890,3.142e-05,6.664e-05,1.04
900,2.978e-05,6.307e-05,1.0409
910,2.825e-05,5.969e-05,1.0468
920,2.681e-05,5.654e-05,1.0368
930,2.546e-05,5.357e-05,1.0277
940,2.419e-05,5.075e-05,1.0107
950,2.299e-05,4.81e-05,1.0026
960,2.186e-05,4.56e-05,1.0006
970,2.079e-05,4.322e-05,1.0006
980,1.979e-05,4.102e-05,1.0005
990,1.884e-05,3.892e-05,1.0005
1000,1.795e-05,3.696e-05,1.0005
1010,1.711e-05,3.511e-05,1.0004
1020,1.633e-05,3.339e-05,1.0004
1030,1.559e-05,3.177e-05,1.0004
1040,1.49e-05,3.026e-05,1.0004
1050,1.426e-05,2.886e-05,1.0003
1060,1.367e-05,2.756e-05,1.0003
1070,1.312e-05,2.636e-05,1.0003
1080,1.263e-05,2.527e-05,1.0003
1090,1.218e-05,2.427e-05,1.0003
1100,1.178e-05,2.337e-05,1.0003
1110,1.143e-05,2.257e-05,1.0002
1120,1.112e-05,2.185e-05,1.0002
1130,1.088e-05,2.127e-05,1.0002
1140,1.07e-05,2.08e-05,1.0002
1150,1.057e-05,2.041e-05,1.0002
1160,1.05e-05,2.013e-05,1.0002
1170,1.051e-05,2e-05,1.0002
1180,1.059e-05,1.997e-05,1.0002
1190,1.076e-05,2.009e-05,1.0002
1200,1.1e-05,2.031e-05,1.0002
1210,1.133e-05,2.068e-05,1.0001
1220,1.18e-05,2.124e-05,1.0001
1230,1.237e-05,2.189e-05,1.0001
1240,1.308e-05,2.267e-05,1.0001
1250,1.393e-05,2.364e-05,1.0001
1260,1.483e-05,2.463e-05,1.0001
1270,1.614e-05,2.618e-05,1.0001
1280,1.758e-05,2.774e-05,1.0001
1290,1.93e-05,2.937e-05,1.0001
1300,2.123e-05,3.144e-05,1.0001
1310,2.346e-05,3.359e-05,1.0001
1320,2.647e-05,3.695e-05,1.0001
1330,2.93e-05,4.002e-05,1.0001
1340,3.279e-05,4.374e-05,1.0001
1350,3.745e-05,4.947e-05,1.0001
1360,4.152e-05,5.431e-05,1.0001
1370,4.813e-05,6.281e-05,1.0001
1380,5.477e-05,7.169e-05,1.0001
1390,6.203e-05,8.157e-05,1.0001
1400,7.331e-05,9.728e-05,1.0001
1410,8.056e-05,0.0001079,1.0001
1420,9.882e-05,0.0001337,1.0001
1430,0.000105,0.0001442,1.0001
1440,0.000121,0.0001683,1.0001
1450,0.0001341,0.0001879,1
1460,0.0001572,0.0002223,1
1470,0.0001698,0.0002425,1
1480,0.0001968,0.0002838,1
1490,0.0002175,0.0003143,1
1500,0.0002431,0.0003527,1
1510,0.0002735,0.0004012,1
1520,0.0002867,0.0004237,1
1530,0.000319,0.0004747,1
1540,0.0003371,0.0005057,1
1550,0.0003554,0.0005409,1
1560,0.0003726,0.0005734,1
1570,0.0003837,0.0005944,1
1580,0.0003878,0.0006077,1
1590,0.0003864,0.0006175,1
1600,0.0003858,0.0006238,1
1610,0.0003841,0.0006226,1
1620,0.0003852,0.0006248,1
1630,0.0003815,0.0006192,1
1640,0.0003762,0.0006098,1
1650,0.0003618,0.0005818,1
1660,0.0003579,0.0005709,1
1670,0.000345,0.0005465,1
1680,0.0003202,0.0005043,1
1690,0.0003018,0.0004699,1
1700,0.0002785,0.0004294,1
1710,0.0002602,0.0003984,1
1720,0.0002416,0.0003672,1
1730,0.0002097,0.0003152,1
1740,0.0001939,0.0002883,1
1750,0.0001689,0.0002503,1
1760,0.0001498,0.0002211,1
1770,0.0001308,0.000192,1
1780,0.000117,0.0001714,1
1790,0.0001011,0.0001485,1
1800,9.237e-05,0.0001358,1
1810,7.909e-05,0.0001156,1
1820,7.006e-05,0.0001021,1
1830,6.112e-05,8.887e-05,1
1840,5.401e-05,7.842e-05,1
1850,4.914e-05,7.12e-05,1
1860,4.266e-05,6.186e-05,1
1870,3.963e-05,5.73e-05,1
1880,3.316e-05,4.792e-05,1
1890,3.037e-05,4.364e-05,1
1900,2.598e-05,3.72e-05,1
1910,2.294e-05,3.28e-05,1
1920,2.066e-05,2.946e-05,1
1930,1.813e-05,2.591e-05,1
1940,1.583e-05,2.261e-05,1
1950,1.423e-05,2.048e-05,1
1960,1.247e-05,1.813e-05,1
1970,1.116e-05,1.63e-05,1
1980,9.76e-06,1.447e-05,1
1990,8.596e-06,1.282e-05,1
2000,7.72e-06,1.156e-05,1
2010,7.091e-06,1.072e-05,1
2020,6.499e-06,9.922e-06,1
2030,5.801e-06,8.919e-06,1
2040,5.15e-06,7.974e-06,1
2050,4.5e-06,7.05e-06,1
2060,4e-06,6.301e-06,1
2070,3.509e-06,5.559e-06,1
2080,3.1e-06,4.978e-06,1
2090,2.714e-06,4.371e-06,1
2100,2.406e-06,3.941e-06,1
2110,2.108e-06,3.479e-06,1
2120,1.875e-06,3.119e-06,1
2130,1.669e-06,2.795e-06,1
2140,1.555e-06,2.624e-06,1
2150,1.444e-06,2.458e-06,1
2160,1.345e-06,2.321e-06,1
2170,1.257e-06,2.192e-06,1
2180,1.175e-06,2.077e-06,1
2190,1.102e-06,1.966e-06,1
2200,1.035e-06,1.863e-06,1
2210,9.745e-07,1.775e-06,1
2220,9.194e-07,1.691e-06,1
2230,8.685e-07,1.617e-06,1
2240,8.222e-07,1.545e-06,1
2250,7.798e-07,1.484e-06,1
2260,7.412e-07,1.422e-06,1
2270,7.052e-07,1.371e-06,1
2280,6.724e-07,1.32e-06,1
2290,6.42e-07,1.275e-06,1
2300,6.143e-07,1.233e-06,1
2310,5.886e-07,1.187e-06,1
2320,5.649e-07,1.145e-06,1
2330,5.43e-07,1.118e-06,1
2340,5.228e-07,1.082e-06,1
2350,5.041e-07,1.048e-06,1
2360,4.868e-07,1.02e-06,1
2370,4.708e-07,9.889e-07,1
2380,4.559e-07,9.649e-07,1
2390,4.421e-07,9.368e-07,1
2400,4.293e-07,9.174e-07,1
2410,4.174e-07,8.96e-07,1
2420,4.064e-07,8.763e-07,1
2430,3.961e-07,8.566e-07,1
2440,3.865e-07,8.381e-07,1
2450,3.775e-07,8.192e-07,1
2460,3.692e-07,8.033e-07,1
2470,3.614e-07,7.864e-07,1
2480,3.542e-07,7.715e-07,1
2490,3.474e-07,7.563e-07,1
2500,3.411e-07,7.429e-07,1
2510,3.353e-07,7.282e-07,1
2520,3.298e-07,7.149e-07,1
2530,3.248e-07,7.011e-07,1
2540,3.201e-07,6.901e-07,1
2550,3.158e-07,6.771e-07,1
2560,3.119e-07,6.671e-07,1
2570,3.084e-07,6.577e-07,1
2580,3.053e-07,6.476e-07,1
2590,3.025e-07,6.376e-07,1
2600,3.003e-07,6.313e-07,1
2610,2.988e-07,6.233e-07,1
2620,2.976e-07,6.171e-07,1
2630,2.977e-07,6.163e-07,1
2640,2.989e-07,6.162e-07,1
2650,3.015e-07,6.186e-07,1
2660,3.057e-07,6.241e-07,1
2670,3.112e-07,6.337e-07,1
2680,3.161e-07,6.42e-07,1
2690,3.186e-07,6.421e-07,1
2700,3.176e-07,6.368e-07,1
2710,3.142e-07,6.269e-07,1
2720,3.099e-07,6.141e-07,1
2730,3.065e-07,6.023e-07,1
2740,3.011e-07,5.886e-07,1
2750,2.955e-07,5.73e-07,1
2760,2.914e-07,5.601e-07,1
2770,2.884e-07,5.496e-07,1
2780,2.864e-07,5.414e-07,1
2790,2.858e-07,5.354e-07,1
2800,2.851e-07,5.285e-07,1
2810,2.857e-07,5.233e-07,1
2820,2.87e-07,5.199e-07,1
2830,2.888e-07,5.168e-07,1
2840,2.914e-07,5.145e-07,1
2850,2.948e-07,5.125e-07,1
2860,2.99e-07,5.112e-07,1
2870,3.042e-07,5.125e-07,1
2880,3.105e-07,5.135e-07,1
2890,3.185e-07,5.209e-07,1
2900,3.276e-07,5.256e-07,1
2910,3.385e-07,5.357e-07,1
2920,3.511e-07,5.503e-07,1
2930,3.646e-07,5.636e-07,1
2940,3.858e-07,5.891e-07,1
2950,4.081e-07,6.194e-07,1
2960,4.335e-07,6.511e-07,1
2970,4.643e-07,6.915e-07,1
2980,5.011e-07,7.401e-07,1
2990,5.494e-07,8.004e-07,1
3000,5.953e-07,8.606e-07,1
3010,6.354e-07,9.087e-07,1
3020,7.116e-07,1.003e-06,1
3030,7.498e-07,1.043e-06,1
3040,8.613e-07,1.19e-06,1
3050,9.35e-07,1.293e-06,1
3060,1.002e-06,1.398e-06,1
3070,1.09e-06,1.508e-06,1
3080,1.174e-06,1.649e-06,1
3090,1.23e-06,1.735e-06,1
3100,1.288e-06,1.852e-06,1
3110,1.334e-06,1.955e-06,1
3120,1.383e-06,2.056e-06,1
3130,1.38e-06,2.079e-06,1
3140,1.39e-06,2.127e-06,1
3150,1.373e-06,2.117e-06,1
3160,1.354e-06,2.109e-06,1
3170,1.335e-06,2.101e-06,1
3180,1.343e-06,2.122e-06,1
3190,1.323e-06,2.097e-06,1
3200,1.349e-06,2.142e-06,1
3210,1.353e-06,2.139e-06,1
3220,1.362e-06,2.138e-06,1
3230,1.344e-06,2.097e-06,1
3240,1.329e-06,2.069e-06,1
3250,1.336e-06,2.072e-06,1
3260,1.327e-06,2.038e-06,1
3270,1.325e-06,2.02e-06,1
3280,1.359e-06,2.052e-06,1
3290,1.374e-06,2.046e-06,1
3300,1.415e-06,2.077e-06,1
3310,1.462e-06,2.103e-06,1
3320,1.526e-06,2.163e-06,1
3330,1.619e-06,2.244e-06,1
3340,1.735e-06,2.388e-06,1
3350,1.863e-06,2.552e-06,1
3360,2.034e-06,2.773e-06,1
3370,2.265e-06,3.067e-06,1
3380,2.482e-06,3.36e-06,1
3390,2.756e-06,3.714e-06,1
3400,3.103e-06,4.172e-06,1
3410,3.466e-06,4.643e-06,1
3420,3.832e-06,5.116e-06,1
3430,4.378e-06,5.831e-06,1
3440,4.913e-06,6.522e-06,1
3450,5.651e-06,7.478e-06,1
3460,6.311e-06,8.312e-06,1
3470,7.169e-06,9.407e-06,1
3480,8.057e-06,1.051e-05,1
3490,9.253e-06,1.207e-05,1
3500,1.047e-05,1.359e-05,1
3510,1.212e-05,1.568e-05,1
3520,1.36e-05,1.759e-05,1
3530,1.569e-05,2.029e-05,1
3540,1.776e-05,2.284e-05,1
3550,2.02e-05,2.602e-05,1
3560,2.281e-05,2.94e-05,1
3570,2.683e-05,3.483e-05,1
3580,2.994e-05,3.928e-05,1
3590,3.488e-05,4.618e-05,1
3600,3.896e-05,5.24e-05,1
3610,4.499e-05,6.132e-05,1
3620,5.175e-05,7.183e-05,1
3630,6.035e-05,8.521e-05,1
3640,6.34e-05,9.111e-05,1
3650,7.281e-05,0.000107,1
3660,7.923e-05,0.0001184,1
3670,8.348e-05,0.0001264,1
3680,9.631e-05,0.0001475,1
3690,0.0001044,0.0001612,1
3700,0.0001102,0.0001704,1
3710,0.0001176,0.0001818,1
3720,0.0001244,0.0001924,1
3730,0.0001283,0.0001994,1
3740,0.0001326,0.0002061,1
3750,0.00014,0.000218,1
3760,0.0001395,0.0002187,1
3770,0.0001387,0.00022,1
3780,0.0001363,0.0002196,1
3790,0.0001314,0.0002131,1
3800,0.0001241,0.0002015,1
3810,0.0001228,0.0001988,1
3820,0.0001148,0.0001847,1
3830,0.0001086,0.0001729,1
3840,0.0001018,0.0001597,1
3850,8.89e-05,0.0001373,1
3860,8.316e-05,0.0001262,1
3870,7.292e-05,0.0001087,1
3880,6.452e-05,9.439e-05,1
3890,5.625e-05,8.061e-05,1
3900,5.045e-05,7.093e-05,1
3910,4.38e-05,6.049e-05,1
3920,3.762e-05,5.12e-05,1
3930,3.29e-05,4.435e-05,1
3940,2.836e-05,3.817e-05,1
3950,2.485e-05,3.34e-05,1
3960,2.168e-05,2.927e-05,1
3970,1.895e-05,2.573e-05,1
3980,1.659e-05,2.291e-05,1
3990,1.453e-05,2.04e-05,1
4000,1.282e-05,1.827e-05,1
4010,1.132e-05,1.636e-05,1
4020,1.001e-05,1.463e-05,1
4030,8.836e-06,1.309e-05,1
4040,7.804e-06,1.17e-05,1
4050,6.922e-06,1.047e-05,1
4060,6.116e-06,9.315e-06,1
4070,5.429e-06,8.328e-06,1
4080,4.824e-06,7.458e-06,1
4090,4.278e-06,6.665e-06,1
4100,3.788e-06,5.94e-06,1
4110,3.371e-06,5.316e-06,1
4120,2.985e-06,4.752e-06,1
4130,2.649e-06,4.252e-06,1
4140,2.357e-06,3.825e-06,1
4150,2.09e-06,3.421e-06,1
4160,1.858e-06,3.064e-06,1
4170,1.647e-06,2.746e-06,1
4180,1.462e-06,2.465e-06,1
4190,1.299e-06,2.216e-06,1
4200,1.155e-06,1.99e-06,1
4210,1.028e-06,1.79e-06,1
4220,9.142e-07,1.609e-06,1
4230,8.132e-07,1.449e-06,1
4240,7.246e-07,1.306e-06,1
4250,6.418e-07,1.171e-06,1
4260,5.726e-07,1.056e-06,1
4270,5.221e-07,9.738e-07,1
4280,4.89e-07,9.212e-07,1
4290,4.666e-07,8.894e-07,1
4300,4.443e-07,8.561e-07,1
4310,4.203e-07,8.183e-07,1
4320,3.978e-07,7.824e-07,1
4330,3.77e-07,7.484e-07,1
4340,3.575e-07,7.168e-07,1
4350,3.395e-07,6.872e-07,1
4360,3.227e-07,6.59e-07,1
4370,3.07e-07,6.325e-07,1
4380,2.924e-07,6.07e-07,1
4390,2.788e-07,5.833e-07,1
4400,2.661e-07,5.61e-07,1
4410,2.543e-07,5.4e-07,1
4420,2.433e-07,5.197e-07,1
4430,2.329e-07,5.005e-07,1
4440,2.233e-07,4.823e-07,1
4450,2.143e-07,4.652e-07,1
4460,2.058e-07,4.483e-07,1
4470,1.98e-07,4.329e-07,1
4480,1.906e-07,4.177e-07,1
4490,1.837e-07,4.029e-07,1
4500,1.773e-07,3.888e-07,1
4510,1.713e-07,3.749e-07,1
4520,1.657e-07,3.618e-07,1
4530,1.605e-07,3.492e-07,1
4540,1.557e-07,3.377e-07,1
4550,1.514e-07,3.269e-07,1
4560,1.472e-07,3.166e-07,1
4570,1.435e-07,3.081e-07,1
4580,1.404e-07,3.01e-07,1
4590,1.377e-07,2.947e-07,1
4600,1.354e-07,2.89e-07,1
4610,1.332e-07,2.844e-07,1
4620,1.308e-07,2.789e-07,1
4630,1.282e-07,2.731e-07,1
4640,1.256e-07,2.67e-07,1
4650,1.227e-07,2.604e-07,1
4660,1.192e-07,2.525e-07,1
4670,1.159e-07,2.444e-07,1
4680,1.134e-07,2.384e-07,1
4690,1.114e-07,2.328e-07,1
4700,1.098e-07,2.28e-07,1
4710,1.081e-07,2.23e-07,1
4720,1.066e-07,2.183e-07,1
4730,1.055e-07,2.144e-07,1
4740,1.045e-07,2.105e-07,1
4750,1.036e-07,2.073e-07,1
4760,1.03e-07,2.046e-07,1
4770,1.026e-07,2.022e-07,1
4780,1.025e-07,2.002e-07,1
4790,1.025e-07,1.985e-07,1
4800,1.028e-07,1.975e-07,1
4810,1.033e-07,1.965e-07,1
4820,1.041e-07,1.96e-07,1
4830,1.049e-07,1.954e-07,1
4840,1.06e-07,1.954e-07,1
4850,1.075e-07,1.96e-07,1
4860,1.093e-07,1.971e-07,1
4870,1.114e-07,1.984e-07,1
4880,1.139e-07,2.003e-07,1
4890,1.166e-07,2.026e-07,1
4900,1.199e-07,2.058e-07,1
4910,1.239e-07,2.099e-07,1
4920,1.282e-07,2.142e-07,1
4930,1.316e-07,2.171e-07,1
4940,1.355e-07,2.206e-07,1
4950,1.436e-07,2.312e-07,1
4960,1.588e-07,2.523e-07,1
4970,1.807e-07,2.834e-07,1
4980,2.06e-07,3.195e-07,1
4990,2.337e-07,3.587e-07,1
5000,2.645e-07,4.015e-07,1
5010,2.996e-07,4.497e-07,1
5020,3.393e-07,5.049e-07,1
5030,3.843e-07,5.665e-07,1
5040,4.363e-07,6.366e-07,1
5050,4.935e-07,7.121e-07,1
5060,5.607e-07,7.996e-07,1
5070,6.363e-07,8.946e-07,1
5080,7.242e-07,1.002e-06,1
5090,8.23e-07,1.117e-06,1
5100,9.411e-07,1.262e-06,1
5110,1.071e-06,1.416e-06,1
5120,1.232e-06,1.611e-06,1
5130,1.402e-06,1.807e-06,1
5140,1.6e-06,2.056e-06,1
5150,1.82e-06,2.351e-06,1
5160,2.128e-06,2.769e-06,1
5170,2.386e-06,3.138e-06,1
5180,2.781e-06,3.699e-06,1
5190,3.242e-06,4.386e-06,1
5200,3.653e-06,5.041e-06,1
5210,4.323e-06,6.074e-06,1
5220,4.747e-06,6.812e-06,1
5230,5.321e-06,7.79e-06,1
5240,5.919e-06,8.855e-06,1
5250,6.681e-06,1.014e-05,1
5260,7.101e-06,1.095e-05,1
5270,7.983e-06,1.245e-05,1
5280,8.342e-06,1.316e-05,1
5290,8.741e-06,1.39e-05,1
5300,9.431e-06,1.504e-05,1
5310,9.952e-06,1.583e-05,1
5320,1.026e-05,1.617e-05,1
5330,1.055e-05,1.652e-05,1
5340,1.095e-05,1.713e-05,1
5350,1.095e-05,1.724e-05,1
5360,1.087e-05,1.715e-05,1
5370,1.056e-05,1.668e-05,1
5380,1.026e-05,1.629e-05,1
5390,9.715e-06,1.552e-05,1
5400,9.252e-06,1.478e-05,1
5410,8.452e-06,1.34e-05,1
5420,7.958e-06,1.245e-05,1
5430,7.268e-06,1.121e-05,1
5440,6.295e-06,9.575e-06,1
5450,6.003e-06,8.956e-06,1
5460,5e-06,7.345e-06,1
5470,4.591e-06,6.597e-06,1
5480,3.983e-06,5.612e-06,1
5490,3.479e-06,4.818e-06,1
5500,3.058e-06,4.165e-06,1
5510,2.667e-06,3.579e-06,1
5520,2.293e-06,3.041e-06,1
5530,1.995e-06,2.623e-06,1
5540,1.747e-06,2.29e-06,1
5550,1.517e-06,1.984e-06,1
5560,1.335e-06,1.748e-06,1
5570,1.165e-06,1.534e-06,1
5580,1.028e-06,1.369e-06,1
5590,9.007e-07,1.219e-06,1
5600,7.956e-07,1.092e-06,1
5610,7.015e-07,9.8e-07,1
5620,6.192e-07,8.762e-07,1
5630,5.491e-07,7.896e-07,1
5640,4.859e-07,7.104e-07,1
5650,4.297e-07,6.364e-07,1
5660,3.799e-07,5.691e-07,1
5670,3.38e-07,5.107e-07,1
5680,3.002e-07,4.575e-07,1
5690,2.659e-07,4.09e-07,1
5700,2.366e-07,3.667e-07,1
5710,2.103e-07,3.287e-07,1
5720,1.861e-07,2.931e-07,1
5730,1.655e-07,2.633e-07,1
5740,1.469e-07,2.356e-07,1
5750,1.309e-07,2.111e-07,1
5760,1.162e-07,1.895e-07,1
5770,1.032e-07,1.697e-07,1
5780,9.198e-08,1.525e-07,1
5790,8.181e-08,1.369e-07,1
5800,7.294e-08,1.233e-07,1
5810,6.516e-08,1.114e-07,1
5820,5.787e-08,9.988e-08,1
5830,5.163e-08,9.004e-08,1
5840,4.612e-08,8.149e-08,1
5850,4.096e-08,7.311e-08,1
5860,3.654e-08,6.587e-08,1
5870,3.299e-08,6.014e-08,1
5880,3.052e-08,5.618e-08,1
5890,2.856e-08,5.32e-08,1
5900,2.683e-08,5.052e-08,1
5910,2.507e-08,4.768e-08,1
5920,2.346e-08,4.514e-08,1
5930,2.194e-08,4.267e-08,1
5940,2.053e-08,4.032e-08,1
5950,1.921e-08,3.815e-08,1
5960,1.799e-08,3.605e-08,1
5970,1.686e-08,3.409e-08,1
5980,1.58e-08,3.219e-08,1
5990,1.481e-08,3.038e-08,1
6000,1.389e-08,2.869e-08,1
6010,1.304e-08,2.71e-08,1
6020,1.226e-08,2.563e-08,1
6030,1.151e-08,2.418e-08,1
6040,1.083e-08,2.288e-08,1
6050,1.02e-08,2.166e-08,1
6060,9.618e-09,2.051e-08,1
6070,9.08e-09,1.945e-08,1
6080,8.575e-09,1.844e-08,1
6090,8.08e-09,1.745e-08,1
6100,7.624e-09,1.65e-08,1
6110,7.176e-09,1.558e-08,1
6120,6.761e-09,1.471e-08,1
6130,6.37e-09,1.387e-08,1
6140,6.004e-09,1.308e-08,1
6150,5.672e-09,1.235e-08,1
6160,5.371e-09,1.169e-08,1
6170,5.097e-09,1.107e-08,1
6180,4.845e-09,1.05e-08,1
6190,4.608e-09,9.963e-09,1
6200,4.39e-09,9.461e-09,1
6210,4.192e-09,9.004e-09,1
6220,4.011e-09,8.58e-09,1
6230,3.846e-09,8.191e-09,1
6240,3.698e-09,7.835e-09,1
6250,3.568e-09,7.525e-09,1
6260,3.45e-09,7.242e-09,1
6270,3.351e-09,7.004e-09,1
6280,3.268e-09,6.798e-09,1
6290,3.195e-09,6.617e-09,1
6300,3.131e-09,6.463e-09,1
6310,3.091e-09,6.355e-09,1
6320,3.06e-09,6.267e-09,1
6330,3.039e-09,6.194e-09,1
6340,3.034e-09,6.156e-09,1
6350,3.045e-09,6.144e-09,1
6360,3.072e-09,6.159e-09,1
6370,3.116e-09,6.21e-09,1
6380,3.176e-09,6.288e-09,1
6390,3.253e-09,6.398e-09,1
6400,3.347e-09,6.536e-09,1
6410,3.467e-09,6.719e-09,1
6420,3.605e-09,6.929e-09,1
6430,3.763e-09,7.176e-09,1
6440,3.946e-09,7.459e-09,1
6450,4.162e-09,7.787e-09,1
6460,4.399e-09,8.147e-09,1
6470,4.677e-09,8.573e-09,1
6480,4.983e-09,9.024e-09,1
6490,5.336e-09,9.547e-09,1
6500,5.728e-09,1.011e-08,1
6510,6.168e-09,1.073e-08,1
6520,6.684e-09,1.146e-08,1
6530,7.214e-09,1.217e-08,1
6540,7.861e-09,1.306e-08,1
6550,8.62e-09,1.411e-08,1
6560,9.481e-09,1.525e-08,1
6570,1.032e-08,1.637e-08,1
6580,1.135e-08,1.776e-08,1
6590,1.264e-08,1.958e-08,1
6600,1.396e-08,2.136e-08,1
6610,1.567e-08,2.372e-08,1
6620,1.74e-08,2.612e-08,1
6630,1.977e-08,2.944e-08,1
6640,2.2e-08,3.249e-08,1
6650,2.563e-08,3.74e-08,1
6660,2.935e-08,4.244e-08,1
6670,3.386e-08,4.845e-08,1
6680,3.993e-08,5.63e-08,1
6690,4.828e-08,6.728e-08,1
6700,5.714e-08,7.908e-08,1
6710,6.877e-08,9.511e-08,1
6720,8.135e-08,1.128e-07,1
6730,9.779e-08,1.358e-07,1
6740,1.132e-07,1.587e-07,1
6750,1.344e-07,1.904e-07,1
6760,1.544e-07,2.224e-07,1
6770,1.82e-07,2.66e-07,1
6780,2.207e-07,3.278e-07,1
6790,2.509e-07,3.775e-07,1
6800,2.854e-07,4.355e-07,1
6810,3.026e-07,4.672e-07,1
6820,3.278e-07,5.11e-07,1
6830,3.474e-07,5.461e-07,1
6840,3.693e-07,5.828e-07,1
6850,3.93e-07,6.233e-07,1
6860,4.104e-07,6.509e-07,1
6870,4.22e-07,6.672e-07,1
6880,4.439e-07,6.969e-07,1
6890,4.545e-07,7.104e-07,1
6900,4.778e-07,7.439e-07,1
6910,4.812e-07,7.463e-07,1
6920,5.018e-07,7.708e-07,1
6930,4.899e-07,7.466e-07,1
6940,5.075e-07,7.668e-07,1
6950,5.073e-07,7.549e-07,1
6960,5.171e-07,7.586e-07,1
6970,5.131e-07,7.384e-07,1
6980,5.25e-07,7.439e-07,1
6990,5.617e-07,7.785e-07,1
7000,5.846e-07,7.915e-07,1
7010,6.239e-07,8.31e-07,1
7020,6.696e-07,8.745e-07,1
7030,7.398e-07,9.558e-07,1
7040,8.073e-07,1.038e-06,1
7050,9.15e-07,1.173e-06,1
7060,1.009e-06,1.304e-06,1
7070,1.116e-06,1.452e-06,1
7080,1.264e-06,1.671e-06,1
7090,1.439e-06,1.931e-06,1
7100,1.644e-06,2.239e-06,1
7110,1.856e-06,2.578e-06,1
7120,2.147e-06,3.032e-06,1
7130,2.317e-06,3.334e-06,1
7140,2.713e-06,3.98e-06,1
7150,2.882e-06,4.3e-06,1
7160,2.99e-06,4.518e-06,1
7170,3.489e-06,5.321e-06,1
7180,3.581e-06,5.508e-06,1
7190,4.033e-06,6.211e-06,1
7200,4.26e-06,6.59e-06,1
7210,4.543e-06,7.046e-06,1
7220,4.84e-06,7.555e-06,1
7230,4.826e-06,7.558e-06,1
7240,5.013e-06,7.875e-06,1
7250,5.252e-06,8.319e-06,1
7260,5.277e-06,8.433e-06,1
7270,5.306e-06,8.59e-06,1
7280,5.234e-06,8.499e-06,1
7290,5.111e-06,8.284e-06,1
7300,5.134e-06,8.276e-06,1
7310,4.748e-06,7.587e-06,1
7320,4.434e-06,7.014e-06,1
7330,4.109e-06,6.397e-06,1
7340,3.605e-06,5.52e-06,1
7350,3.252e-06,4.888e-06,1
7360,2.731e-06,4.024e-06,1
7370,2.369e-06,3.433e-06,1
7380,1.922e-06,2.726e-06,1
7390,1.558e-06,2.169e-06,1
7400,1.321e-06,1.811e-06,1
7410,1.058e-06,1.438e-06,1
7420,8.515e-07,1.156e-06,1
7430,6.811e-07,9.272e-07,1
7440,5.431e-07,7.455e-07,1
7450,4.348e-07,6.056e-07,1
7460,3.51e-07,4.98e-07,1
7470,2.853e-07,4.116e-07,1
7480,2.344e-07,3.425e-07,1
7490,1.949e-07,2.878e-07,1
7500,1.649e-07,2.455e-07,1
7510,1.409e-07,2.114e-07,1
7520,1.232e-07,1.862e-07,1
7530,1.098e-07,1.667e-07,1
7540,9.866e-08,1.507e-07,1
7550,8.899e-08,1.37e-07,1
7560,8.135e-08,1.26e-07,1
7570,7.409e-08,1.153e-07,1
7580,6.809e-08,1.065e-07,1
7590,6.237e-08,9.812e-08,1
7600,5.728e-08,9.045e-08,1
7610,5.267e-08,8.334e-08,1
7620,4.865e-08,7.719e-08,1
7630,4.482e-08,7.133e-08,1
7640,4.169e-08,6.653e-08,1
7650,3.841e-08,6.16e-08,1
7660,3.573e-08,5.753e-08,1
7670,3.304e-08,5.349e-08,1
7680,3.065e-08,5.005e-08,1
7690,2.851e-08,4.693e-08,1
7700,2.634e-08,4.388e-08,1
7710,2.448e-08,4.127e-08,1
7720,2.275e-08,3.883e-08,1
7730,2.114e-08,3.653e-08,1
7740,1.965e-08,3.443e-08,1
7750,1.83e-08,3.256e-08,1
7760,1.707e-08,3.075e-08,1
7770,1.591e-08,2.899e-08,1
7780,1.484e-08,2.735e-08,1
7790,1.386e-08,2.586e-08,1
7800,1.294e-08,2.443e-08,1
7810,1.209e-08,2.305e-08,1
7820,1.131e-08,2.177e-08,1
7830,1.056e-08,2.049e-08,1
7840,9.901e-09,1.938e-08,1
7850,9.263e-09,1.833e-08,1
7860,8.68e-09,1.734e-08,1
7870,8.137e-09,1.638e-08,1
7880,7.627e-09,1.548e-08,1
7890,7.158e-09,1.464e-08,1
7900,6.715e-09,1.386e-08,1
7910,6.305e-09,1.31e-08,1
7920,5.927e-09,1.239e-08,1
7930,5.568e-09,1.173e-08,1
7940,5.242e-09,1.11e-08,1
7950,4.935e-09,1.051e-08,1
7960,4.648e-09,9.947e-09,1
7970,4.383e-09,9.414e-09,1
7980,4.137e-09,8.911e-09,1
7990,3.909e-09,8.435e-09,1
8000,3.697e-09,7.989e-09,1
8010,3.5e-09,7.567e-09,1
8020,3.321e-09,7.174e-09,1
8030,3.156e-09,6.804e-09,1
8040,3.006e-09,6.46e-09,1
8050,2.868e-09,6.132e-09,1
8060,2.745e-09,5.828e-09,1
8070,2.638e-09,5.55e-09,1
8080,2.545e-09,5.286e-09,1
8090,2.469e-09,5.049e-09,1
8100,2.405e-09,4.831e-09,1
8110,2.369e-09,4.658e-09,1
8120,2.344e-09,4.505e-09,1
8130,2.35e-09,4.413e-09,1
8140,2.371e-09,4.362e-09,1
8150,2.491e-09,4.489e-09,1
8160,2.535e-09,4.487e-09,1
8170,2.73e-09,4.761e-09,1
8180,3.067e-09,5.278e-09,1
8190,3.322e-09,5.63e-09,1
8200,3.63e-09,6.056e-09,1
8210,4.045e-09,6.633e-09,1
8220,4.524e-09,7.337e-09,1
8230,4.981e-09,7.954e-09,1
8240,5.613e-09,8.869e-09,1
8250,6.051e-09,9.5e-09,1
8260,6.538e-09,1.027e-08,1
8270,6.892e-09,1.087e-08,1
8280,7.601e-09,1.204e-08,1
8290,8.194e-09,1.304e-08,1
8300,8.806e-09,1.413e-08,1
8310,9.45e-09,1.529e-08,1
8320,9.745e-09,1.586e-08,1
8330,1.009e-08,1.649e-08,1
8340,1.017e-08,1.661e-08,1
8350,1.039e-08,1.703e-08,1
8360,1.061e-08,1.741e-08,1
8370,1.076e-08,1.766e-08,1
8380,1.086e-08,1.779e-08,1
8390,1.111e-08,1.816e-08,1
8400,1.142e-08,1.866e-08,1
8410,1.16e-08,1.889e-08,1
8420,1.174e-08,1.904e-08,1
8430,1.18e-08,1.897e-08,1
8440,1.187e-08,1.893e-08,1
8450,1.194e-08,1.888e-08,1
8460,1.192e-08,1.868e-08,1
8470,1.224e-08,1.895e-08,1
8480,1.245e-08,1.899e-08,1
8490,1.246e-08,1.876e-08,1
8500,1.318e-08,1.96e-08,1
8510,1.377e-08,2.02e-08,1
8520,1.471e-08,2.121e-08,1
8530,1.582e-08,2.239e-08,1
8540,1.713e-08,2.379e-08,1
8550,1.853e-08,2.526e-08,1
8560,2.063e-08,2.766e-08,1
8570,2.27e-08,2.994e-08,1
8580,2.567e-08,3.332e-08,1
8590,2.891e-08,3.703e-08,1
8600,3.264e-08,4.158e-08,1
8610,3.744e-08,4.774e-08,1
8620,4.286e-08,5.499e-08,1
8630,4.915e-08,6.355e-08,1
8640,5.623e-08,7.349e-08,1
8650,6.336e-08,8.414e-08,1
8660,7.293e-08,9.846e-08,1
8670,8.309e-08,1.143e-07,1
8680,9.319e-08,1.307e-07,1
8690,1.091e-07,1.562e-07,1
8700,1.243e-07,1.817e-07,1
8710,1.348e-07,2.011e-07,1
8720,1.449e-07,2.192e-07,1
8730,1.62e-07,2.485e-07,1
8740,1.846e-07,2.867e-07,1
8750,1.937e-07,3.035e-07,1
8760,2.04e-07,3.223e-07,1
8770,2.179e-07,3.443e-07,1
8780,2.298e-07,3.617e-07,1
8790,2.433e-07,3.793e-07,1
8800,2.439e-07,3.793e-07,1
8810,2.464e-07,3.839e-07,1
8820,2.611e-07,4.081e-07,1
8830,2.617e-07,4.117e-07,1
8840,2.582e-07,4.085e-07,1
8850,2.453e-07,3.92e-07,1
8860,2.401e-07,3.851e-07,1
8870,2.349e-07,3.754e-07,1
8880,2.203e-07,3.49e-07,1
8890,2.066e-07,3.229e-07,1
8900,1.939e-07,2.978e-07,1
8910,1.78e-07,2.691e-07,1
8920,1.558e-07,2.312e-07,1
8930,1.391e-07,2.029e-07,1
8940,1.203e-07,1.721e-07,1
8950,1.048e-07,1.472e-07,1
8960,9.464e-08,1.308e-07,1
8970,8.306e-08,1.132e-07,1
8980,7.239e-08,9.736e-08,1
8990,6.317e-08,8.458e-08,1
9000,5.52e-08,7.402e-08,1
9010,4.847e-08,6.534e-08,1
9020,4.282e-08,5.811e-08,1
9030,3.796e-08,5.235e-08,1
9040,3.377e-08,4.762e-08,1
9050,2.996e-08,4.293e-08,1
9060,2.678e-08,3.896e-08,1
9070,2.4e-08,3.526e-08,1
9080,2.134e-08,3.165e-08,1
9090,1.904e-08,2.833e-08,1
9100,1.705e-08,2.551e-08,1
9110,1.523e-08,2.288e-08,1
9120,1.35e-08,2.036e-08,1
9130,1.204e-08,1.82e-08,1
9140,1.07e-08,1.626e-08,1
9150,9.408e-09,1.438e-08,1
9160,8.476e-09,1.299e-08,1
9170,7.47e-09,1.149e-08,1
9180,6.679e-09,1.03e-08,1
9190,5.929e-09,9.148e-09,1
9200,5.267e-09,8.122e-09,1
9210,4.711e-09,7.264e-09,1
9220,4.172e-09,6.425e-09,1
9230,3.761e-09,5.777e-09,1
9240,3.288e-09,5.06e-09,1
9250,2.929e-09,4.502e-09,1
9260,2.609e-09,4.013e-09,1
9270,2.315e-09,3.567e-09,1
9280,2.042e-09,3.145e-09,1
9290,1.844e-09,2.864e-09,1
9300,1.64e-09,2.553e-09,1
9310,1.47e-09,2.311e-09,1
9320,1.31e-09,2.087e-09,1
9330,1.176e-09,1.886e-09,1
9340,1.049e-09,1.716e-09,1
9350,9.377e-10,1.556e-09,1
9360,8.462e-10,1.432e-09,1
9370,7.616e-10,1.311e-09,1
9380,6.818e-10,1.196e-09,1
9390,6.119e-10,1.091e-09,1
9400,5.558e-10,1.006e-09,1
9410,5.152e-10,9.428e-10,1
9420,4.832e-10,8.9e-10,1
9430,4.546e-10,8.438e-10,1
9440,4.267e-10,8.005e-10,1
9450,4.009e-10,7.597e-10,1
9460,3.77e-10,7.201e-10,1
9470,3.546e-10,6.818e-10,1
9480,3.34e-10,6.55e-10,1
9490,3.149e-10,6.286e-10,1
9500,2.971e-10,6.004e-10,1
9510,2.805e-10,5.73e-10,1
9520,2.652e-10,5.466e-10,1
9530,2.509e-10,5.203e-10,1
9540,2.377e-10,4.968e-10,1
9550,2.255e-10,4.741e-10,1
9560,2.142e-10,4.52e-10,1
9570,2.038e-10,4.314e-10,1
9580,1.943e-10,4.124e-10,1
9590,1.855e-10,3.944e-10,1
9600,1.776e-10,3.777e-10,1
9610,1.703e-10,3.619e-10,1
9620,1.64e-10,3.477e-10,1
9630,1.586e-10,3.344e-10,1
9640,1.536e-10,3.217e-10,1
9650,1.494e-10,3.096e-10,1
9660,1.466e-10,2.999e-10,1
9670,1.446e-10,2.898e-10,1
9680,1.44e-10,2.826e-10,1
9690,1.439e-10,2.75e-10,1
9700,1.455e-10,2.701e-10,1
9710,1.461e-10,2.651e-10,1
9720,1.479e-10,2.641e-10,1
9730,1.514e-10,2.671e-10,1
9740,1.538e-10,2.67e-10,1
9750,1.59e-10,2.748e-10,1
9760,1.652e-10,2.863e-10,1
9770,1.75e-10,3.051e-10,1
9780,1.811e-10,3.163e-10,1
9790,1.88e-10,3.284e-10,1
9800,1.933e-10,3.408e-10,1
9810,2.027e-10,3.601e-10,1
9820,2.078e-10,3.71e-10,1
9830,2.17e-10,3.878e-10,1
9840,2.249e-10,4.028e-10,1
9850,2.323e-10,4.159e-10,1
9860,2.408e-10,4.296e-10,1
9870,2.461e-10,4.371e-10,1
9880,2.536e-10,4.463e-10,1
9890,2.581e-10,4.52e-10,1
9900,2.615e-10,4.554e-10,1
9910,2.721e-10,4.716e-10,1
9920,2.782e-10,4.791e-10,1
9930,2.866e-10,4.9e-10,1
9940,2.938e-10,5.001e-10,1
9950,2.958e-10,4.999e-10,1
9960,3.011e-10,5.061e-10,1
9970,3.155e-10,5.291e-10,1
9980,3.237e-10,5.416e-10,1
9990,3.589e-10,5.994e-10,1
10000,3.838e-10,6.394e-10,1
10010,4.083e-10,6.807e-10,1
10020,4.354e-10,7.25e-10,1
10030,4.745e-10,7.847e-10,1
10040,5.148e-10,8.43e-10,1
10050,5.648e-10,9.146e-10,1
10060,6.194e-10,9.907e-10,1
10070,6.748e-10,1.062e-09,1
10080,7.566e-10,1.17e-09,1
10090,8.421e-10,1.277e-09,1
10100,9.427e-10,1.401e-09,1
10110,1.042e-09,1.524e-09,1
10120,1.165e-09,1.674e-09,1
10130,1.341e-09,1.888e-09,1
10140,1.518e-09,2.112e-09,1
10150,1.686e-09,2.322e-09,1
10160,2.036e-09,2.808e-09,1
10170,2.362e-09,3.269e-09,1
10180,2.811e-09,3.902e-09,1
10190,3.296e-09,4.614e-09,1
10200,4.07e-09,5.763e-09,1
10210,4.695e-09,6.747e-09,1
10220,6.152e-09,8.972e-09,1
10230,7.572e-09,1.118e-08,1
10240,9.557e-09,1.428e-08,1
10250,1.135e-08,1.713e-08,1
10260,1.279e-08,1.948e-08,1
10270,1.364e-08,2.09e-08,1
10280,1.436e-08,2.211e-08,1
10290,1.54e-08,2.362e-08,1
10300,1.672e-08,2.556e-08,1
10310,1.793e-08,2.729e-08,1
10320,1.906e-08,2.88e-08,1
10330,2.036e-08,3.046e-08,1
10340,2.144e-08,3.167e-08,1
10350,2.292e-08,3.367e-08,1
10360,2.371e-08,3.457e-08,1
10370,2.493e-08,3.59e-08,1
10380,2.606e-08,3.711e-08,1
10390,2.706e-08,3.826e-08,1
10400,2.866e-08,4.001e-08,1
10410,3.036e-08,4.211e-08,1
10420,3.136e-08,4.315e-08,1
10430,3.405e-08,4.661e-08,1
10440,3.665e-08,5.01e-08,1
10450,3.837e-08,5.249e-08,1
10460,4.229e-08,5.84e-08,1
10470,4.748e-08,6.628e-08,1
10480,5.32e-08,7.512e-08,1
10490,5.763e-08,8.253e-08,1
10500,6.677e-08,9.722e-08,1
10510,7.216e-08,1.067e-07,1
10520,7.716e-08,1.153e-07,1
10530,8.958e-08,1.347e-07,1
10540,9.419e-08,1.428e-07,1
10550,1.036e-07,1.577e-07,1
10560,1.108e-07,1.694e-07,1
10570,1.189e-07,1.833e-07,1
10580,1.246e-07,1.938e-07,1
10590,1.348e-07,2.108e-07,1
10600,1.31e-07,2.059e-07,1
10610,1.361e-07,2.157e-07,1
10620,1.364e-07,2.185e-07,1
10630,1.363e-07,2.208e-07,1
10640,1.343e-07,2.182e-07,1
10650,1.293e-07,2.093e-07,1
10660,1.254e-07,2.014e-07,1
10670,1.235e-07,1.962e-07,1
10680,1.158e-07,1.819e-07,1
10690,1.107e-07,1.713e-07,1
10700,9.961e-08,1.51e-07,1
10710,9.011e-08,1.34e-07,1
10720,7.91e-08,1.154e-07,1
10730,6.916e-08,9.89e-08,1
10740,6.338e-08,8.88e-08,1
10750,5.564e-08,7.673e-08,1
10760,4.827e-08,6.599e-08,1
10770,4.198e-08,5.73e-08,1
10780,3.695e-08,5.081e-08,1
10790,3.276e-08,4.567e-08,1
10800,2.929e-08,4.147e-08,1
10810,2.633e-08,3.773e-08,1
10820,2.391e-08,3.46e-08,1
10830,2.192e-08,3.194e-08,1
10840,2.021e-08,2.953e-08,1
10850,1.89e-08,2.759e-08,1
10860,1.772e-08,2.594e-08,1
10870,1.667e-08,2.442e-08,1
10880,1.603e-08,2.355e-08,1
10890,1.547e-08,2.283e-08,1
10900,1.537e-08,2.279e-08,1
10910,1.492e-08,2.231e-08,1
10920,1.515e-08,2.279e-08,1
10930,1.479e-08,2.239e-08,1
10940,1.45e-08,2.21e-08,1
10950,1.513e-08,2.309e-08,1
10960,1.495e-08,2.293e-08,1
10970,1.529e-08,2.352e-08,1
10980,1.565e-08,2.415e-08,1
10990,1.564e-08,2.43e-08,1
11000,1.553e-08,2.426e-08,1
11010,1.569e-08,2.465e-08,1
11020,1.584e-08,2.5e-08,1
11030,1.57e-08,2.496e-08,1
11040,1.538e-08,2.465e-08,1
11050,1.531e-08,2.475e-08,1
11060,1.346e-08,2.179e-08,1
11070,1.199e-08,1.934e-08,1
11080,1.044e-08,1.676e-08,1
11090,8.892e-09,1.415e-08,1
11100,7.076e-09,1.115e-08,1
11110,5.884e-09,9.148e-09,1
11120,5.039e-09,7.692e-09,1
11130,4.129e-09,6.193e-09,1
11140,3.663e-09,5.401e-09,1
11150,2.993e-09,4.341e-09,1
11160,2.622e-09,3.734e-09,1
11170,2.232e-09,3.127e-09,1
11180,1.884e-09,2.619e-09,1
11190,1.569e-09,2.181e-09,1
11200,1.348e-09,1.887e-09,1
11210,1.144e-09,1.625e-09,1
11220,1.009e-09,1.456e-09,1
11230,8.833e-10,1.304e-09,1
11240,7.907e-10,1.19e-09,1
11250,7.079e-10,1.083e-09,1
11260,6.514e-10,1.012e-09,1
11270,5.823e-10,9.153e-10,1
11280,5.312e-10,8.434e-10,1
11290,4.883e-10,7.828e-10,1
11300,4.458e-10,7.21e-10,1
11310,4.094e-10,6.665e-10,1
11320,3.734e-10,6.136e-10,1
11330,3.458e-10,5.728e-10,1
11340,3.205e-10,5.351e-10,1
11350,2.962e-10,4.985e-10,1
11360,2.733e-10,4.633e-10,1
11370,2.532e-10,4.337e-10,1
11380,2.351e-10,4.069e-10,1
11390,2.187e-10,3.825e-10,1
11400,2.034e-10,3.596e-10,1
11410,1.889e-10,3.374e-10,1
11420,1.764e-10,3.186e-10,1
11430,1.648e-10,3.006e-10,1
11440,1.541e-10,2.837e-10,1
11450,1.443e-10,2.681e-10,1
11460,1.355e-10,2.538e-10,1
11470,1.274e-10,2.405e-10,1
11480,1.198e-10,2.277e-10,1
11490,1.133e-10,2.167e-10,1
11500,1.071e-10,2.06e-10,1
11510,1.015e-10,1.961e-10,1
11520,9.648e-11,1.871e-10,1
11530,9.195e-11,1.788e-10,1
11540,8.791e-11,1.711e-10,1
11550,8.435e-11,1.639e-10,1
11560,8.125e-11,1.574e-10,1
11570,7.859e-11,1.515e-10,1
11580,7.621e-11,1.456e-10,1
11590,7.481e-11,1.411e-10,1
11600,7.351e-11,1.365e-10,1
11610,7.228e-11,1.315e-10,1
11620,7.295e-11,1.296e-10,1
11630,7.339e-11,1.262e-10,1
11640,7.588e-11,1.264e-10,1
11650,7.701e-11,1.257e-10,1
11660,7.886e-11,1.252e-10,1
11670,8.511e-11,1.327e-10,1
11680,9.061e-11,1.392e-10,1
11690,9.926e-11,1.519e-10,1
11700,1.083e-10,1.664e-10,1
11710,1.241e-10,1.911e-10,1
11720,1.469e-10,2.276e-10,1
11730,1.736e-10,2.702e-10,1
11740,1.966e-10,3.086e-10,1
11750,2.132e-10,3.378e-10,1
11760,2.28e-10,3.632e-10,1
11770,2.473e-10,3.957e-10,1
11780,2.718e-10,4.36e-10,1
11790,2.922e-10,4.701e-10,1
11800,3.128e-10,5.03e-10,1
11810,3.361e-10,5.381e-10,1
11820,3.641e-10,5.793e-10,1
11830,3.91e-10,6.19e-10,1
11840,4.196e-10,6.596e-10,1
11850,4.501e-10,7.004e-10,1
11860,4.932e-10,7.561e-10,1
11870,5.258e-10,7.934e-10,1
11880,5.755e-10,8.552e-10,1
11890,6.253e-10,9.142e-10,1
11900,6.664e-10,9.57e-10,1
11910,7.344e-10,1.027e-09,1
11920,7.985e-10,1.097e-09,1
11930,8.877e-10,1.193e-09,1
11940,1.005e-09,1.334e-09,1
11950,1.118e-09,1.47e-09,1
11960,1.251e-09,1.636e-09,1
11970,1.428e-09,1.871e-09,1
11980,1.61e-09,2.122e-09,1
11990,1.888e-09,2.519e-09,1
12000,2.077e-09,2.806e-09,1
12010,2.331e-09,3.203e-09,1
12020,2.751e-09,3.846e-09,1
12030,3.061e-09,4.362e-09,1
12040,3.522e-09,5.114e-09,1
12050,3.805e-09,5.643e-09,1
12060,4.181e-09,6.305e-09,1
12070,4.575e-09,6.981e-09,1
12080,5.167e-09,7.983e-09,1
12090,5.634e-09,8.783e-09,1
12100,6.007e-09,9.419e-09,1
12110,6.501e-09,1.017e-08,1
12120,6.829e-09,1.063e-08,1
12130,7.211e-09,1.121e-08,1
12140,7.262e-09,1.13e-08,1
12150,7.696e-09,1.201e-08,1
12160,7.832e-09,1.225e-08,1
12170,7.799e-09,1.232e-08,1
12180,7.651e-09,1.223e-08,1
12190,7.304e-09,1.177e-08,1
12200,7.15e-09,1.151e-08,1
12210,6.977e-09,1.116e-08,1
12220,6.603e-09,1.047e-08,1
12230,6.209e-09,9.698e-09,1
12240,5.69e-09,8.734e-09,1
12250,5.432e-09,8.202e-09,1
12260,4.764e-09,7.041e-09,1
12270,4.189e-09,6.074e-09,1
12280,3.64e-09,5.172e-09,1
12290,3.203e-09,4.468e-09,1
12300,2.848e-09,3.913e-09,1
12310,2.51e-09,3.414e-09,1
12320,2.194e-09,2.975e-09,1
12330,1.946e-09,2.65e-09,1
12340,1.75e-09,2.406e-09,1
12350,1.567e-09,2.173e-09,1
12360,1.426e-09,2.009e-09,1
12370,1.302e-09,1.861e-09,1
12380,1.197e-09,1.727e-09,1
12390,1.109e-09,1.612e-09,1
12400,1.035e-09,1.514e-09,1
12410,9.719e-10,1.43e-09,1
12420,9.207e-10,1.362e-09,1
12430,8.957e-10,1.333e-09,1
12440,8.578e-10,1.288e-09,1
12450,8.262e-10,1.249e-09,1
12460,8.117e-10,1.238e-09,1
12470,7.987e-10,1.228e-09,1
12480,7.875e-10,1.217e-09,1
12490,7.741e-10,1.202e-09,1
12500,7.762e-10,1.209e-09,1
12510,7.537e-10,1.177e-09,1
12520,7.424e-10,1.157e-09,1
12530,7.474e-10,1.165e-09,1
12540,7.294e-10,1.142e-09,1
12550,7.216e-10,1.131e-09,1
12560,7.233e-10,1.138e-09,1
12570,7.14e-10,1.127e-09,1
12580,7.085e-10,1.131e-09,1
12590,6.434e-10,1.039e-09,1
12600,5.585e-10,9.049e-10,1
12610,5.015e-10,8.118e-10,1
12620,3.956e-10,6.369e-10,1
12630,3.337e-10,5.329e-10,1
12640,2.545e-10,4.016e-10,1
12650,2.141e-10,3.329e-10,1
12660,1.761e-10,2.698e-10,1
12670,1.685e-10,2.539e-10,1
12680,1.507e-10,2.236e-10,1
12690,1.241e-10,1.814e-10,1
12700,1.081e-10,1.56e-10,1
12710,9.675e-11,1.385e-10,1
12720,7.964e-11,1.135e-10,1
12730,6.93e-11,9.918e-11,1
12740,5.79e-11,8.391e-11,1
12750,5.069e-11,7.496e-11,1
12760,4.452e-11,6.715e-11,1
12770,3.97e-11,6.105e-11,1
12780,3.551e-11,5.585e-11,1
12790,3.228e-11,5.16e-11,1
12800,2.939e-11,4.764e-11,1
12810,2.682e-11,4.401e-11,1
12820,2.471e-11,4.099e-11,1
12830,2.278e-11,3.816e-11,1
12840,2.106e-11,3.565e-11,1
12850,1.95e-11,3.342e-11,1
12860,1.811e-11,3.142e-11,1
12870,1.682e-11,2.954e-11,1
12880,1.563e-11,2.776e-11,1
12890,1.458e-11,2.624e-11,1
12900,1.363e-11,2.485e-11,1
12910,1.278e-11,2.355e-11,1
12920,1.2e-11,2.237e-11,1
12930,1.129e-11,2.128e-11,1
12940,1.066e-11,2.031e-11,1
12950,1.007e-11,1.942e-11,1
12960,9.545e-12,1.859e-11,1
12970,9.075e-12,1.785e-11,1
12980,8.656e-12,1.718e-11,1
12990,8.285e-12,1.658e-11,1
13000,7.958e-12,1.603e-11,1
13010,7.674e-12,1.555e-11,1
13020,7.431e-12,1.514e-11,1
13030,7.227e-12,1.477e-11,1
13040,7.061e-12,1.447e-11,1
13050,6.934e-12,1.423e-11,1
13060,6.843e-12,1.405e-11,1
13070,6.79e-12,1.393e-11,1
13080,6.775e-12,1.388e-11,1
13090,6.798e-12,1.388e-11,1
13100,6.859e-12,1.396e-11,1
13110,6.96e-12,1.409e-11,1
13120,7.102e-12,1.43e-11,1
13130,7.287e-12,1.459e-11,1
13140,7.517e-12,1.494e-11,1
13150,7.795e-12,1.538e-11,1
13160,8.123e-12,1.59e-11,1
13170,8.504e-12,1.65e-11,1
13180,8.945e-12,1.719e-11,1
13190,9.45e-12,1.8e-11,1
13200,1.003e-11,1.89e-11,1
13210,1.07e-11,1.996e-11,1
13220,1.148e-11,2.118e-11,1
13230,1.232e-11,2.247e-11,1
13240,1.327e-11,2.391e-11,1
13250,1.441e-11,2.563e-11,1
13260,1.535e-11,2.695e-11,1
13270,1.655e-11,2.866e-11,1
13280,1.814e-11,3.096e-11,1
13290,2.02e-11,3.392e-11,1
13300,2.307e-11,3.806e-11,1
13310,2.622e-11,4.261e-11,1
13320,2.962e-11,4.748e-11,1
13330,3.369e-11,5.323e-11,1
13340,3.819e-11,5.935e-11,1
13350,4.329e-11,6.619e-11,1
13360,4.932e-11,7.418e-11,1
13370,5.589e-11,8.294e-11,1
13380,6.364e-11,9.26e-11,1
13390,7.284e-11,1.039e-10,1
13400,8.236e-11,1.156e-10,1
13410,9.447e-11,1.297e-10,1
13420,1.078e-10,1.46e-10,1
13430,1.229e-10,1.641e-10,1
13440,1.417e-10,1.858e-10,1
13450,1.614e-10,2.1e-10,1
13460,1.843e-10,2.383e-10,1
13470,2.107e-10,2.724e-10,1
13480,2.406e-10,3.116e-10,1
13490,2.728e-10,3.538e-10,1
13500,3.195e-10,4.173e-10,1
13510,3.595e-10,4.727e-10,1
13520,4.153e-10,5.503e-10,1
13530,4.736e-10,6.337e-10,1
13540,5.41e-10,7.32e-10,1
13550,6.088e-10,8.298e-10,1
13560,6.769e-10,9.328e-10,1
13570,7.691e-10,1.059e-09,1
13580,8.545e-10,1.176e-09,1
13590,9.621e-10,1.328e-09,1
13600,1.047e-09,1.445e-09,1
13610,1.161e-09,1.593e-09,1
13620,1.296e-09,1.77e-09,1
13630,1.424e-09,1.954e-09,1
13640,1.576e-09,2.175e-09,1
13650,1.739e-09,2.405e-09,1
13660,1.893e-09,2.622e-09,1
13670,2.08e-09,2.906e-09,1
13680,2.336e-09,3.294e-09,1
13690,2.604e-09,3.713e-09,1
13700,2.76e-09,3.98e-09,1
13710,3.001e-09,4.384e-09,1
13720,3.365e-09,4.987e-09,1
13730,3.55e-09,5.311e-09,1
13740,3.895e-09,5.874e-09,1
13750,4.183e-09,6.337e-09,1
13760,4.614e-09,7.027e-09,1
13770,4.846e-09,7.39e-09,1
13780,5.068e-09,7.769e-09,1
13790,5.427e-09,8.374e-09,1
13800,5.541e-09,8.605e-09,1
13810,5.864e-09,9.165e-09,1
13820,5.997e-09,9.415e-09,1
13830,5.997e-09,9.511e-09,1
13840,6.061e-09,9.704e-09,1
13850,5.944e-09,9.588e-09,1
13860,5.855e-09,9.45e-09,1
13870,5.661e-09,9.086e-09,1
13880,5.523e-09,8.798e-09,1
13890,5.374e-09,8.469e-09,1
13900,4.94e-09,7.697e-09,1
13910,4.688e-09,7.168e-09,1
13920,4.17e-09,6.255e-09,1
13930,3.913e-09,5.772e-09,1
13940,3.423e-09,4.97e-09,1
13950,2.997e-09,4.271e-09,1
13960,2.598e-09,3.653e-09,1
13970,2.253e-09,3.154e-09,1
13980,1.946e-09,2.742e-09,1
13990,1.71e-09,2.435e-09,1
14000,1.507e-09,2.166e-09,1
14010,1.336e-09,1.936e-09,1
14020,1.19e-09,1.731e-09,1
14030,1.068e-09,1.556e-09,1
14040,9.623e-10,1.399e-09,1
14050,8.772e-10,1.272e-09,1
14060,8.007e-10,1.157e-09,1
14070,7.42e-10,1.066e-09,1
14080,6.884e-10,9.844e-10,1
14090,6.483e-10,9.258e-10,1
14100,6.162e-10,8.787e-10,1
14110,5.922e-10,8.421e-10,1
14120,5.688e-10,8.083e-10,1
14130,5.654e-10,8.046e-10,1
14140,5.637e-10,8.067e-10,1
14150,5.701e-10,8.181e-10,1
14160,5.781e-10,8.325e-10,1
14170,5.874e-10,8.517e-10,1
14180,6.268e-10,9.151e-10,1
14190,6.357e-10,9.351e-10,1
14200,6.525e-10,9.677e-10,1
14210,7.137e-10,1.071e-09,1
14220,7.441e-10,1.126e-09,1
14230,8.024e-10,1.219e-09,1
14240,8.485e-10,1.297e-09,1
14250,9.143e-10,1.408e-09,1
14260,9.536e-10,1.476e-09,1
14270,9.717e-10,1.517e-09,1
14280,1.018e-09,1.6e-09,1
14290,1.042e-09,1.649e-09,1
14300,1.054e-09,1.678e-09,1
14310,1.092e-09,1.746e-09,1
14320,1.093e-09,1.764e-09,1
14330,1.072e-09,1.741e-09,1
14340,1.046e-09,1.703e-09,1
14350,9.283e-10,1.506e-09,1
14360,8.053e-10,1.298e-09,1
14370,6.68e-10,1.066e-09,1
14380,5.63e-10,8.872e-10,1
14390,4.933e-10,7.676e-10,1
14400,3.488e-10,5.313e-10,1
14410,3.324e-10,4.978e-10,1
14420,2.826e-10,4.163e-10,1
14430,2.429e-10,3.527e-10,1
14440,2.051e-10,2.929e-10,1
14450,1.679e-10,2.372e-10,1
14460,1.411e-10,1.992e-10,1
14470,1.24e-10,1.767e-10,1
14480,1.098e-10,1.588e-10,1
14490,9.668e-11,1.419e-10,1
14500,8.529e-11,1.275e-10,1
14510,7.848e-11,1.186e-10,1
14520,7.098e-11,1.082e-10,1
14530,6.117e-11,9.39e-11,1
14540,5.246e-11,8.11e-11,1
14550,4.521e-11,7.039e-11,1
14560,4.059e-11,6.366e-11,1
14570,3.783e-11,5.968e-11,1
14580,3.502e-11,5.547e-11,1
14590,3.271e-11,5.202e-11,1
14600,2.956e-11,4.73e-11,1
14610,2.636e-11,4.24e-11,1
14620,2.464e-11,3.969e-11,1
14630,2.19e-11,3.535e-11,1
14640,1.986e-11,3.219e-11,1
14650,1.791e-11,2.916e-11,1
14660,1.638e-11,2.677e-11,1
14670,1.491e-11,2.445e-11,1
14680,1.383e-11,2.279e-11,1
14690,1.271e-11,2.107e-11,1
14700,1.166e-11,1.95e-11,1
14710,1.082e-11,1.83e-11,1
14720,1.002e-11,1.716e-11,1
14730,9.317e-12,1.617e-11,1
14740,8.697e-12,1.536e-11,1
14750,8.157e-12,1.463e-11,1
14760,7.678e-12,1.394e-11,1
14770,7.252e-12,1.331e-11,1
14780,6.874e-12,1.273e-11,1
14790,6.539e-12,1.22e-11,1
14800,6.243e-12,1.171e-11,1
14810,5.985e-12,1.129e-11,1
14820,5.763e-12,1.091e-11,1
14830,5.575e-12,1.057e-11,1
14840,5.421e-12,1.028e-11,1
14850,5.3e-12,1.002e-11,1
14860,5.212e-12,9.801e-12,1
14870,5.157e-12,9.618e-12,1
14880,5.138e-12,9.471e-12,1
14890,5.156e-12,9.371e-12,1
14900,5.214e-12,9.313e-12,1
14910,5.313e-12,9.311e-12,1
14920,5.457e-12,9.387e-12,1
14930,5.686e-12,9.547e-12,1
14940,5.953e-12,9.799e-12,1
14950,6.284e-12,1.013e-11,1
14960,6.856e-12,1.082e-11,1
14970,7.351e-12,1.141e-11,1
14980,8.006e-12,1.22e-11,1
14990,8.957e-12,1.352e-11,1
15000,1.031e-11,1.538e-11,1
15010,1.17e-11,1.732e-11,1
15020,1.345e-11,1.978e-11,1
15030,1.623e-11,2.366e-11,1
15040,1.999e-11,2.896e-11,1
15050,2.507e-11,3.601e-11,1
15060,3.004e-11,4.259e-11,1
15070,3.378e-11,4.737e-11,1
15080,3.688e-11,5.089e-11,1
15090,4.118e-11,5.592e-11,1
15100,4.569e-11,6.109e-11,1
15110,5.025e-11,6.628e-11,1
15120,5.66e-11,7.381e-11,1
15130,6.231e-11,8.088e-11,1
15140,6.881e-11,8.966e-11,1
15150,7.996e-11,1.045e-10,1
15160,8.526e-11,1.12e-10,1
15170,9.694e-11,1.287e-10,1
15180,1.106e-10,1.486e-10,1
15190,1.222e-10,1.662e-10,1
15200,1.355e-10,1.866e-10,1
15210,1.525e-10,2.133e-10,1
15220,1.775e-10,2.524e-10,1
15230,1.924e-10,2.776e-10,1
15240,2.181e-10,3.204e-10,1
15250,2.379e-10,3.559e-10,1
15260,2.662e-10,4.028e-10,1
15270,2.907e-10,4.448e-10,1
15280,3.154e-10,4.882e-10,1
15290,3.366e-10,5.244e-10,1
15300,3.579e-10,5.605e-10,1
15310,3.858e-10,6.018e-10,1
15320,4.046e-10,6.328e-10,1
15330,4.196e-10,6.579e-10,1
15340,4.166e-10,6.541e-10,1
15350,4.457e-10,7.024e-10,1
15360,4.466e-10,7.074e-10,1
15370,4.404e-10,7.068e-10,1
15380,4.337e-10,7.009e-10,1
15390,4.15e-10,6.698e-10,1
15400,4.083e-10,6.545e-10,1
15410,3.91e-10,6.209e-10,1
15420,3.723e-10,5.834e-10,1
15430,3.514e-10,5.412e-10,1
15440,3.303e-10,5.001e-10,1
15450,2.847e-10,4.231e-10,1
15460,2.546e-10,3.727e-10,1
15470,2.23e-10,3.211e-10,1
15480,1.994e-10,2.833e-10,1
15490,1.733e-10,2.447e-10,1
15500,1.488e-10,2.097e-10,1
15510,1.297e-10,1.843e-10,1
15520,1.144e-10,1.639e-10,1
15530,1.004e-10,1.449e-10,1
15540,8.741e-11,1.27e-10,1
15550,7.928e-11,1.161e-10,1
15560,7.034e-11,1.033e-10,1
15570,6.323e-11,9.282e-11,1
15580,5.754e-11,8.407e-11,1
15590,5.25e-11,7.639e-11,1
15600,4.85e-11,7.023e-11,1
15610,4.502e-11,6.474e-11,1
15620,4.286e-11,6.142e-11,1
15630,4.028e-11,5.76e-11,1
15640,3.899e-11,5.568e-11,1
15650,3.824e-11,5.472e-11,1
15660,3.761e-11,5.39e-11,1
15670,3.804e-11,5.455e-11,1
15680,3.839e-11,5.54e-11,1
15690,3.845e-11,5.587e-11,1
15700,4.244e-11,6.23e-11,1
15710,4.382e-11,6.49e-11,1
15720,4.582e-11,6.868e-11,1
15730,4.847e-11,7.382e-11,1
15740,5.209e-11,8.022e-11,1
15750,5.384e-11,8.372e-11,1
15760,5.887e-11,9.243e-11,1
15770,6.371e-11,1.004e-10,1
15780,6.737e-11,1.062e-10,1
15790,7.168e-11,1.13e-10,1
15800,7.415e-11,1.176e-10,1
15810,7.827e-11,1.244e-10,1
15820,8.037e-11,1.279e-10,1
15830,8.12e-11,1.298e-10,1
15840,8.154e-11,1.315e-10,1
15850,7.981e-11,1.308e-10,1
15860,7.783e-11,1.284e-10,1
15870,6.9e-11,1.138e-10,1
15880,6.03e-11,9.898e-11,1
15890,4.9e-11,7.972e-11,1
15900,3.878e-11,6.261e-11,1
15910,3.068e-11,4.86e-11,1
15920,2.533e-11,3.916e-11,1
15930,2.255e-11,3.416e-11,1
15940,2.056e-11,3.043e-11,1
15950,1.569e-11,2.277e-11,1
15960,1.398e-11,1.999e-11,1
15970,1.149e-11,1.632e-11,1
15980,9.249e-12,1.326e-11,1
15990,7.706e-12,1.127e-11,1
16000,6.436e-12,9.68e-12,1
16010,5.514e-12,8.474e-12,1
16020,4.782e-12,7.49e-12,1
16030,4.202e-12,6.688e-12,1
16040,3.721e-12,6.012e-12,1
16050,3.336e-12,5.468e-12,1
16060,3.015e-12,5.01e-12,1
16070,2.744e-12,4.623e-12,1
16080,2.512e-12,4.285e-12,1
16090,2.312e-12,3.994e-12,1
16100,2.138e-12,3.741e-12,1
16110,1.987e-12,3.519e-12,1
16120,1.855e-12,3.326e-12,1
16130,1.741e-12,3.157e-12,1
16140,1.642e-12,3.011e-12,1
16150,1.557e-12,2.885e-12,1
16160,1.483e-12,2.773e-12,1
16170,1.422e-12,2.683e-12,1
16180,1.37e-12,2.604e-12,1
16190,1.329e-12,2.542e-12,1
16200,1.297e-12,2.493e-12,1
16210,1.274e-12,2.458e-12,1
16220,1.259e-12,2.434e-12,1
16230,1.253e-12,2.423e-12,1
16240,1.255e-12,2.424e-12,1
16250,1.266e-12,2.44e-12,1
16260,1.284e-12,2.465e-12,1
16270,1.312e-12,2.506e-12,1
16280,1.348e-12,2.56e-12,1
16290,1.393e-12,2.626e-12,1
16300,1.448e-12,2.707e-12,1
16310,1.512e-12,2.803e-12,1
16320,1.587e-12,2.914e-12,1
16330,1.672e-12,3.039e-12,1
16340,1.77e-12,3.184e-12,1
16350,1.88e-12,3.345e-12,1
16360,1.99e-12,3.501e-12,1
16370,2.11e-12,3.67e-12,1
16380,2.274e-12,3.91e-12,1
16390,2.516e-12,4.273e-12,1
16400,2.844e-12,4.77e-12,1
16410,3.231e-12,5.347e-12,1
16420,3.661e-12,5.978e-12,1
16430,4.153e-12,6.682e-12,1
16440,4.717e-12,7.467e-12,1
16450,5.36e-12,8.34e-12,1
16460,6.094e-12,9.293e-12,1
16470,6.93e-12,1.035e-11,1
16480,7.882e-12,1.152e-11,1
16490,8.966e-12,1.285e-11,1
16500,1.02e-11,1.428e-11,1
16510,1.162e-11,1.586e-11,1
16520,1.324e-11,1.764e-11,1
16530,1.51e-11,1.972e-11,1
16540,1.72e-11,2.214e-11,1
16550,1.965e-11,2.478e-11,1
16560,2.237e-11,2.776e-11,1
16570,2.56e-11,3.151e-11,1
16580,2.927e-11,3.591e-11,1
16590,3.371e-11,4.103e-11,1
16600,3.842e-11,4.66e-11,1
16610,4.429e-11,5.395e-11,1
16620,5.139e-11,6.306e-11,1
16630,5.798e-11,7.172e-11,1
16640,6.697e-11,8.358e-11,1
16650,7.626e-11,9.67e-11,1
16660,8.647e-11,1.11e-10,1
16670,1.022e-10,1.325e-10,1
16680,1.136e-10,1.494e-10,1
16690,1.3e-10,1.736e-10,1
16700,1.481e-10,2.007e-10,1
16710,1.672e-10,2.296e-10,1
16720,1.871e-10,2.608e-10,1
16730,2.126e-10,3.004e-10,1
16740,2.357e-10,3.361e-10,1
16750,2.583e-10,3.727e-10,1
16760,2.997e-10,4.373e-10,1
16770,3.289e-10,4.838e-10,1
16780,3.702e-10,5.483e-10,1
16790,4.012e-10,6.006e-10,1
16800,4.319e-10,6.535e-10,1
16810,4.527e-10,6.899e-10,1
16820,5.001e-10,7.687e-10,1
16830,5.448e-10,8.444e-10,1
16840,5.611e-10,8.798e-10,1
16850,5.76e-10,9.135e-10,1
16860,5.965e-10,9.532e-10,1
16870,6.079e-10,9.757e-10,1
16880,6.207e-10,9.968e-10,1
16890,6.276e-10,1.006e-09,1
16900,6.222e-10,9.949e-10,1
16910,6.137e-10,9.789e-10,1
16920,6e-10,9.564e-10,1
16930,5.814e-10,9.215e-10,1
16940,5.393e-10,8.51e-10,1
16950,5.35e-10,8.394e-10,1
16960,4.947e-10,7.707e-10,1
16970,4.629e-10,7.152e-10,1
16980,4.117e-10,6.274e-10,1
16990,3.712e-10,5.598e-10,1
17000,3.372e-10,5.028e-10,1
17010,2.923e-10,4.3e-10,1
17020,2.55e-10,3.71e-10,1
17030,2.232e-10,3.245e-10,1
17040,1.929e-10,2.809e-10,1
17050,1.679e-10,2.461e-10,1
17060,1.46e-10,2.154e-10,1
17070,1.289e-10,1.91e-10,1
17080,1.13e-10,1.685e-10,1
17090,9.953e-11,1.487e-10,1
17100,8.763e-11,1.313e-10,1
17110,7.76e-11,1.163e-10,1
17120,6.9e-11,1.031e-10,1
17130,6.16e-11,9.172e-11,1
17140,5.525e-11,8.221e-11,1
17150,4.958e-11,7.382e-11,1
17160,4.489e-11,6.693e-11,1
17170,4.072e-11,6.079e-11,1
17180,3.728e-11,5.581e-11,1
17190,3.438e-11,5.167e-11,1
17200,3.205e-11,4.811e-11,1
17210,3.006e-11,4.506e-11,1
17220,2.848e-11,4.255e-11,1
17230,2.766e-11,4.083e-11,1
17240,2.688e-11,3.949e-11,1
17250,2.664e-11,3.881e-11,1
17260,2.67e-11,3.861e-11,1
17270,2.696e-11,3.858e-11,1
17280,2.786e-11,3.951e-11,1
17290,2.861e-11,4.045e-11,1
17300,3.009e-11,4.24e-11,1
17310,3.178e-11,4.487e-11,1
17320,3.389e-11,4.806e-11,1
17330,3.587e-11,5.133e-11,1
17340,3.819e-11,5.518e-11,1
17350,4.054e-11,5.919e-11,1
17360,4.417e-11,6.533e-11,1
17370,4.703e-11,7.031e-11,1
17380,5.137e-11,7.762e-11,1
17390,5.46e-11,8.305e-11,1
17400,6.055e-11,9.252e-11,1
17410,6.333e-11,9.727e-11,1
17420,6.773e-11,1.045e-10,1
17430,7.219e-11,1.117e-10,1
17440,7.717e-11,1.2e-10,1
17450,8.131e-11,1.275e-10,1
17460,8.491e-11,1.341e-10,1
17470,8.574e-11,1.362e-10,1
17480,9.01e-11,1.438e-10,1
17490,9.017e-11,1.45e-10,1
17500,8.999e-11,1.455e-10,1
17510,8.959e-11,1.455e-10,1
17520,8.838e-11,1.434e-10,1
17530,8.579e-11,1.381e-10,1
17540,8.162e-11,1.301e-10,1
17550,8.098e-11,1.276e-10,1
17560,7.472e-11,1.163e-10,1
17570,7.108e-11,1.089e-10,1
17580,6.559e-11,9.911e-11,1
17590,5.994e-11,8.943e-11,1
17600,5.172e-11,7.618e-11,1
17610,4.424e-11,6.424e-11,1
17620,3.951e-11,5.717e-11,1
17630,3.34e-11,4.866e-11,1
17640,2.902e-11,4.257e-11,1
17650,2.541e-11,3.773e-11,1
17660,2.215e-11,3.331e-11,1
17670,1.945e-11,2.958e-11,1
17680,1.716e-11,2.629e-11,1
17690,1.503e-11,2.316e-11,1
17700,1.339e-11,2.073e-11,1
17710,1.185e-11,1.841e-11,1
17720,1.05e-11,1.635e-11,1
17730,9.336e-12,1.464e-11,1
17740,8.307e-12,1.31e-11,1
17750,7.312e-12,1.16e-11,1
17760,6.55e-12,1.047e-11,1
17770,5.836e-12,9.408e-12,1
17780,5.178e-12,8.414e-12,1
17790,4.6e-12,7.521e-12,1
17800,4.086e-12,6.705e-12,1
17810,3.639e-12,5.993e-12,1
17820,3.247e-12,5.371e-12,1
17830,2.904e-12,4.815e-12,1
17840,2.604e-12,4.338e-12,1
17850,2.341e-12,3.921e-12,1
17860,2.112e-12,3.567e-12,1
17870,1.914e-12,3.265e-12,1
17880,1.744e-12,3.01e-12,1
17890,1.598e-12,2.795e-12,1
17900,1.476e-12,2.613e-12,1
17910,1.374e-12,2.464e-12,1
17920,1.293e-12,2.346e-12,1
17930,1.23e-12,2.256e-12,1
17940,1.185e-12,2.195e-12,1
17950,1.158e-12,2.165e-12,1
17960,1.147e-12,2.166e-12,1
17970,1.154e-12,2.198e-12,1
17980,1.177e-12,2.262e-12,1
17990,1.219e-12,2.364e-12,1
18000,1.28e-12,2.502e-12,1
18010,1.36e-12,2.682e-12,1
18020,1.463e-12,2.908e-12,1
18030,1.591e-12,3.187e-12,1
18040,1.75e-12,3.533e-12,1
18050,1.94e-12,3.946e-12,1
18060,2.156e-12,4.418e-12,1
18070,2.43e-12,5.013e-12,1
18080,2.748e-12,5.708e-12,1
18090,3.052e-12,6.379e-12,1
18100,3.533e-12,7.43e-12,1
18110,3.967e-12,8.39e-12,1
18120,4.471e-12,9.51e-12,1
18130,5.041e-12,1.078e-11,1
18140,5.86e-12,1.259e-11,1
18150,6.664e-12,1.438e-11,1
18160,7.522e-12,1.63e-11,1
18170,8.342e-12,1.814e-11,1
18180,9.412e-12,2.055e-11,1
18190,1.072e-11,2.348e-11,1
18200,1.213e-11,2.664e-11,1
18210,1.343e-11,2.956e-11,1
18220,1.496e-11,3.3e-11,1
18230,1.664e-11,3.677e-11,1
18240,1.822e-11,4.032e-11,1
18250,2.029e-11,4.494e-11,1
18260,2.233e-11,4.951e-11,1
18270,2.457e-11,5.452e-11,1
18280,2.709e-11,6.014e-11,1
18290,2.928e-11,6.5e-11,1
18300,3.115e-11,6.915e-11,1
18310,3.356e-11,7.45e-11,1
18320,3.592e-11,7.971e-11,1
18330,3.818e-11,8.468e-11,1
18340,3.936e-11,8.726e-11,1
18350,4.061e-11,8.995e-11,1
18360,4.149e-11,9.182e-11,1
18370,4.299e-11,9.509e-11,1
18380,4.223e-11,9.333e-11,1
18390,4.251e-11,9.386e-11,1
18400,4.287e-11,9.457e-11,1
18410,4.177e-11,9.21e-11,1
18420,4.094e-11,9.019e-11,1
18430,3.942e-11,8.68e-11,1
18440,3.772e-11,8.298e-11,1
18450,3.614e-11,7.947e-11,1
18460,3.394e-11,7.46e-11,1
18470,3.222e-11,7.082e-11,1
18480,2.791e-11,6.132e-11,1
18490,2.665e-11,5.855e-11,1
18500,2.309e-11,5.073e-11,1
18510,2.032e-11,4.464e-11,1
18520,1.74e-11,3.825e-11,1
18530,1.535e-11,3.375e-11,1
18540,1.323e-11,2.911e-11,1
18550,1.151e-11,2.535e-11,1
18560,9.803e-12,2.16e-11,1
18570,8.65e-12,1.907e-11,1
18580,7.54e-12,1.665e-11,1
18590,6.619e-12,1.463e-11,1
18600,5.832e-12,1.291e-11,1
18610,5.113e-12,1.133e-11,1
18620,4.503e-12,9.997e-12,1
18630,3.975e-12,8.836e-12,1
18640,3.52e-12,7.839e-12,1
18650,3.112e-12,6.943e-12,1
18660,2.797e-12,6.254e-12,1
18670,2.5e-12,5.6e-12,1
18680,2.24e-12,5.029e-12,1
18690,2.013e-12,4.529e-12,1
18700,1.819e-12,4.102e-12,1
18710,1.653e-12,3.737e-12,1
18720,1.513e-12,3.428e-12,1
18730,1.395e-12,3.169e-12,1
18740,1.299e-12,2.959e-12,1
18750,1.225e-12,2.798e-12,1
18760,1.168e-12,2.675e-12,1
18770,1.124e-12,2.582e-12,1
18780,1.148e-12,2.644e-12,1
18790,1.107e-12,2.557e-12,1
18800,1.128e-12,2.614e-12,1
18810,1.169e-12,2.717e-12,1
18820,1.233e-12,2.874e-12,1
18830,1.307e-12,3.056e-12,1
18840,1.359e-12,3.187e-12,1
18850,1.543e-12,3.631e-12,1
18860,1.686e-12,3.979e-12,1
18870,1.794e-12,4.248e-12,1
18880,2.028e-12,4.817e-12,1
18890,2.21e-12,5.266e-12,1
18900,2.441e-12,5.836e-12,1
18910,2.653e-12,6.365e-12,1
18920,2.828e-12,6.807e-12,1
18930,3.093e-12,7.47e-12,1
18940,3.28e-12,7.951e-12,1
18950,3.551e-12,8.636e-12,1
18960,3.677e-12,8.972e-12,1
18970,3.803e-12,9.314e-12,1
18980,3.844e-12,9.445e-12,1
18990,4.068e-12,1.003e-11,1
19000,4.093e-12,1.013e-11,1
19010,4.002e-12,9.937e-12,1
19020,3.904e-12,9.729e-12,1
19030,3.624e-12,9.064e-12,1
19040,3.633e-12,9.119e-12,1
19050,3.622e-12,9.124e-12,1
19060,3.443e-12,8.704e-12,1
19070,3.184e-12,8.078e-12,1
19080,2.934e-12,7.47e-12,1
19090,2.476e-12,6.329e-12,1
19100,2.212e-12,5.674e-12,1
19110,1.867e-12,4.808e-12,1
19120,1.594e-12,4.119e-12,1
19130,1.37e-12,3.554e-12,1
19140,1.192e-12,3.103e-12,1
19150,1.045e-12,2.731e-12,1
19160,9.211e-13,2.415e-12,1
19170,8.17e-13,2.15e-12,1
19180,7.29e-13,1.926e-12,1
19190,6.55e-13,1.737e-12,1
19200,5.929e-13,1.578e-12,1
19210,5.415e-13,1.447e-12,1
19220,4.995e-13,1.34e-12,1
19230,4.661e-13,1.255e-12,1
19240,4.406e-13,1.191e-12,1
19250,4.225e-13,1.146e-12,1
19260,4.116e-13,1.121e-12,1
19270,4.075e-13,1.114e-12,1
19280,4.102e-13,1.126e-12,1
19290,4.198e-13,1.156e-12,1
19300,4.365e-13,1.207e-12,1
19310,4.606e-13,1.278e-12,1
19320,4.925e-13,1.372e-12,1
19330,5.326e-13,1.49e-12,1
19340,5.818e-13,1.633e-12,1
19350,6.407e-13,1.805e-12,1
19360,7.104e-13,2.01e-12,1
19370,7.92e-13,2.249e-12,1
19380,8.868e-13,2.528e-12,1
19390,9.964e-13,2.852e-12,1
19400,1.123e-12,3.228e-12,1
19410,1.268e-12,3.658e-12,1
19420,1.434e-12,4.153e-12,1
19430,1.626e-12,4.728e-12,1
19440,1.848e-12,5.394e-12,1
19450,2.107e-12,6.176e-12,1
19460,2.422e-12,7.126e-12,1
19470,2.772e-12,8.188e-12,1
19480,3.145e-12,9.328e-12,1
19490,3.704e-12,1.103e-11,1
19500,4.27e-12,1.276e-11,1
19510,4.721e-12,1.417e-11,1
19520,5.361e-12,1.615e-11,1
19530,6.083e-12,1.84e-11,1
19540,7.095e-12,2.155e-11,1
19550,7.968e-12,2.429e-11,1
19560,9.228e-12,2.826e-11,1
19570,1.048e-11,3.222e-11,1
19580,1.187e-11,3.664e-11,1
19590,1.336e-11,4.14e-11,1
19600,1.577e-11,4.906e-11,1
19610,1.772e-11,5.536e-11,1
19620,2.017e-11,6.327e-11,1
19630,2.25e-11,7.088e-11,1
19640,2.63e-11,8.316e-11,1
19650,2.911e-11,9.242e-11,1
19660,3.356e-11,1.07e-10,1
19670,3.82e-11,1.223e-10,1
19680,4.173e-11,1.341e-10,1
19690,4.811e-11,1.553e-10,1
19700,5.254e-11,1.703e-10,1
19710,5.839e-11,1.9e-10,1
19720,6.187e-11,2.022e-10,1
19730,6.805e-11,2.233e-10,1
19740,7.118e-11,2.345e-10,1
19750,7.369e-11,2.438e-10,1
19760,7.664e-11,2.546e-10,1
19770,7.794e-11,2.599e-10,1
19780,7.947e-11,2.661e-10,1
19790,8.036e-11,2.703e-10,1
19800,7.954e-11,2.686e-10,1
19810,7.849e-11,2.662e-10,1
19820,7.518e-11,2.56e-10,1
19830,7.462e-11,2.552e-10,1
19840,6.926e-11,2.378e-10,1
19850,6.531e-11,2.252e-10,1
19860,6.197e-11,2.146e-10,1
19870,5.421e-11,1.885e-10,1
19880,4.777e-11,1.668e-10,1
19890,4.111e-11,1.441e-10,1
19900,3.679e-11,1.295e-10,1
19910,3.166e-11,1.119e-10,1
19920,2.786e-11,9.893e-11,1
19930,2.436e-11,8.687e-11,1
19940,2.144e-11,7.678e-11,1
19950,1.859e-11,6.685e-11,1
19960,1.628e-11,5.879e-11,1
19970,1.414e-11,5.127e-11,1
19980,1.237e-11,4.505e-11,1
19990,1.093e-11,3.997e-11,1
20000,9.558e-12,3.511e-11,1
