time,invalid,thin_or_unclassified,ice,water,valid,optically_thick
2021-04-01 00:00:00,121,0,0,0,0,0
2021-04-01 01:00:00,0,34,0,87,121,0
2021-04-01 02:00:00,0,10,0,111,121,2
2021-04-01 03:00:00,0,25,0,96,121,98
2021-04-01 04:00:00,0,0,0,121,121,96
2021-04-01 05:00:00,0,56,30,35,121,121
2021-04-01 06:00:00,0,68,50,3,121,121
2021-04-01 07:00:00,0,99,18,4,121,65
2021-04-01 08:00:00,0,0,121,0,121,0
2021-04-01 09:00:00,121,0,0,0,0,0
2021-04-01 10:00:00,121,0,0,0,0,0
2021-04-01 23:00:00,121,0,0,0,0,0
2021-04-02 00:00:00,121,0,0,0,0,0
2021-04-02 01:00:00,0,0,121,0,121,0
2021-04-02 02:00:00,0,16,105,0,121,41
2021-04-02 03:00:00,0,0,121,0,121,121
2021-04-02 04:00:00,0,29,92,0,121,121
2021-04-02 05:00:00,0,16,102,3,121,87
2021-04-02 06:00:00,0,46,66,9,121,69
2021-04-02 07:00:00,0,52,45,24,121,2
2021-04-02 08:00:00,0,6,0,115,121,0
2021-04-02 09:00:00,121,0,0,0,0,0
2021-04-02 10:00:00,121,0,0,0,0,0
2021-04-02 23:00:00,121,0,0,0,0,0
2021-04-03 01:00:00,0,121,0,0,121,0
2021-04-03 08:00:00,0,121,0,0,121,0
2021-04-03 09:00:00,121,0,0,0,0,0
2021-04-03 10:00:00,121,0,0,0,0,0
2021-04-03 23:00:00,121,0,0,0,0,0
2021-04-04 00:00:00,121,0,0,0,0,0
2021-04-04 10:00:00,121,0,0,0,0,0
2021-04-04 23:00:00,121,0,0,0,0,0
2021-04-05 00:00:00,121,0,0,0,0,0
2021-04-05 01:00:00,0,118,3,0,121,0
2021-04-05 02:00:00,0,96,25,0,121,0
2021-04-05 03:00:00,0,109,12,0,121,0
2021-04-05 04:00:00,0,100,21,0,121,0
2021-04-05 05:00:00,0,16,105,0,121,22
2021-04-05 06:00:00,0,0,121,0,121,3
2021-04-05 07:00:00,0,0,121,0,121,0
2021-04-05 08:00:00,0,0,121,0,121,0
2021-04-05 09:00:00,121,0,0,0,0,0
2021-04-05 10:00:00,121,0,0,0,0,0
2021-04-05 23:00:00,121,0,0,0,0,0
2021-04-06 00:00:00,121,0,0,0,0,0
2021-04-06 01:00:00,0,121,0,0,121,0
2021-04-06 07:00:00,0,119,0,2,121,0
2021-04-06 08:00:00,0,121,0,0,121,0
2021-04-06 09:00:00,121,0,0,0,0,0
2021-04-06 10:00:00,121,0,0,0,0,0
2021-04-06 23:00:00,121,0,0,0,0,0
2021-04-07 00:00:00,121,0,0,0,0,0
2021-04-07 01:00:00,0,121,0,0,121,0
2021-04-07 07:00:00,0,121,0,0,121,0
2021-04-07 08:00:00,0,121,0,0,121,0
2021-04-07 09:00:00,121,0,0,0,0,0
2021-04-07 10:00:00,121,0,0,0,0,0
2021-04-07 23:00:00,121,0,0,0,0,0
2021-04-08 00:00:00,121,0,0,0,0,0
2021-04-08 01:00:00,0,121,0,0,121,0
2021-04-08 08:00:00,0,121,0,0,121,0
2021-04-08 09:00:00,121,0,0,0,0,0
2021-04-08 10:00:00,121,0,0,0,0,0
2021-04-08 23:00:00,121,0,0,0,0,0
2021-04-09 00:00:00,68,36,2,15,53,0
2021-04-09 01:00:00,0,94,0,27,121,0
2021-04-09 02:00:00,0,92,4,25,121,0
2021-04-09 03:00:00,0,43,0,78,121,4
2021-04-09 04:00:00,0,0,0,121,121,12
2021-04-09 05:00:00,0,5,0,116,121,0
2021-04-09 06:00:00,0,28,0,93,121,0
2021-04-09 07:00:00,0,59,0,62,121,0
2021-04-09 08:00:00,0,94,0,27,121,0
2021-04-09 09:00:00,121,0,0,0,0,0
2021-04-09 10:00:00,121,0,0,0,0,0
2021-04-09 23:00:00,121,0,0,0,0,0
2021-04-10 00:00:00,0,59,0,62,121,0
2021-04-10 01:00:00,0,66,55,0,121,0
2021-04-10 02:00:00,0,87,32,2,121,0
2021-04-10 03:00:00,0,118,3,0,121,0
2021-04-10 05:00:00,0,76,43,2,121,0
2021-04-10 07:00:00,0,121,0,0,121,0
2021-04-10 08:00:00,0,111,0,10,121,0
2021-04-10 09:00:00,121,0,0,0,0,0
2021-04-10 10:00:00,121,0,0,0,0,0
2021-04-10 23:00:00,121,0,0,0,0,0
2021-04-11 00:00:00,0,113,8,0,121,0
2021-04-11 01:00:00,0,32,89,0,121,0
2021-04-11 02:00:00,0,0,121,0,121,38
2021-04-11 03:00:00,0,0,121,0,121,37
2021-04-11 04:00:00,0,0,121,0,121,121
2021-04-11 05:00:00,0,5,116,0,121,78
2021-04-11 06:00:00,0,2,119,0,121,62
2021-04-11 07:00:00,0,0,121,0,121,37
2021-04-11 08:00:00,0,1,120,0,121,0
2021-04-11 09:00:00,121,0,0,0,0,0
2021-04-11 10:00:00,121,0,0,0,0,0
2021-04-11 23:00:00,121,0,0,0,0,0
2021-04-12 00:00:00,0,2,0,119,121,0
2021-04-12 01:00:00,0,0,0,121,121,0
2021-04-12 02:00:00,0,0,0,121,121,114
2021-04-12 03:00:00,0,0,0,121,121,78
2021-04-12 04:00:00,0,30,0,91,121,64
2021-04-12 05:00:00,0,5,0,116,121,121
2021-04-12 06:00:00,0,38,0,83,121,121
2021-04-12 07:00:00,0,22,99,0,121,111
2021-04-12 09:00:00,121,0,0,0,0,0
2021-04-12 10:00:00,121,0,0,0,0,0
2021-04-12 23:00:00,121,0,0,0,0,0
2021-04-13 00:00:00,0,120,1,0,121,0
2021-04-13 01:00:00,0,121,0,0,121,0
2021-04-13 10:00:00,121,0,0,0,0,0
2021-04-13 23:00:00,121,0,0,0,0,0
2021-04-14 00:00:00,0,121,0,0,121,0
2021-04-14 01:00:00,0,121,0,0,121,0
2021-04-14 09:00:00,121,0,0,0,0,0
2021-04-14 10:00:00,121,0,0,0,0,0
2021-04-14 23:00:00,121,0,0,0,0,0
2021-04-15 00:00:00,0,116,5,0,121,0
2021-04-15 01:00:00,0,121,0,0,121,0
2021-04-15 03:00:00,0,92,0,29,121,0
2021-04-15 05:00:00,0,32,0,89,121,0
2021-04-15 06:00:00,0,75,44,2,121,59
2021-04-15 07:00:00,0,23,98,0,121,95
2021-04-15 08:00:00,0,59,56,6,121,65
2021-04-15 09:00:00,121,0,0,0,0,0
2021-04-15 10:00:00,121,0,0,0,0,0
2021-04-15 23:00:00,121,0,0,0,0,0
2021-04-16 00:00:00,0,44,0,77,121,0
2021-04-16 01:00:00,0,31,0,90,121,0
2021-04-16 02:00:00,0,88,0,33,121,0
2021-04-16 03:00:00,0,73,21,27,121,13
2021-04-16 05:00:00,0,22,0,99,121,13
2021-04-16 06:00:00,0,46,1,74,121,14
2021-04-16 07:00:00,0,70,3,48,121,1
2021-04-16 08:00:00,0,112,4,5,121,0
2021-04-16 09:00:00,121,0,0,0,0,0
2021-04-16 10:00:00,121,0,0,0,0,0
2021-04-16 23:00:00,121,0,0,0,0,0
2021-04-17 00:00:00,0,121,0,0,121,0
2021-04-17 01:00:00,0,121,0,0,121,0
2021-04-17 08:00:00,0,121,0,0,121,0
2021-04-17 10:00:00,121,0,0,0,0,0
2021-04-17 23:00:00,121,0,0,0,0,0
2021-04-18 00:00:00,0,121,0,0,121,0
2021-04-18 08:00:00,0,121,0,0,121,0
2021-04-18 09:00:00,121,0,0,0,0,0
2021-04-18 10:00:00,121,0,0,0,0,0
2021-04-18 23:00:00,121,0,0,0,0,0
2021-04-19 00:00:00,0,121,0,0,121,0
2021-04-19 08:00:00,0,121,0,0,121,0
2021-04-19 09:00:00,121,0,0,0,0,0
2021-04-19 10:00:00,121,0,0,0,0,0
2021-04-19 23:00:00,121,0,0,0,0,0
2021-04-20 00:00:00,0,121,0,0,121,0
2021-04-20 01:00:00,0,121,0,0,121,0
2021-04-20 02:00:00,0,121,0,0,121,0
2021-04-20 05:00:00,0,12,0,109,121,0
2021-04-20 07:00:00,0,121,0,0,121,0
2021-04-20 08:00:00,0,121,0,0,121,0
2021-04-20 09:00:00,121,0,0,0,0,0
2021-04-20 10:00:00,121,0,0,0,0,0
2021-04-20 23:00:00,121,0,0,0,0,0
2021-04-21 00:00:00,0,120,0,1,121,0
2021-04-21 01:00:00,0,67,0,54,121,0
2021-04-21 02:00:00,0,38,15,68,121,12
2021-04-21 03:00:00,0,18,103,0,121,113
2021-04-21 04:00:00,0,35,61,25,121,114
2021-04-21 05:00:00,0,24,29,68,121,71
2021-04-21 06:00:00,0,46,64,11,121,47
2021-04-21 07:00:00,0,26,0,95,121,68
2021-04-21 08:00:00,0,0,0,121,121,0
2021-04-21 09:00:00,121,0,0,0,0,0
2021-04-21 10:00:00,121,0,0,0,0,0
2021-04-21 22:00:00,121,0,0,0,0,0
2021-04-21 23:00:00,121,0,0,0,0,0
2021-04-22 00:00:00,0,2,119,0,121,0
2021-04-22 01:00:00,0,0,121,0,121,100
2021-04-22 02:00:00,0,34,85,2,121,79
2021-04-22 03:00:00,0,14,4,103,121,120
2021-04-22 04:00:00,0,0,0,121,121,76
2021-04-22 05:00:00,0,0,0,121,121,6
2021-04-22 07:00:00,0,41,0,80,121,0
2021-04-22 09:00:00,121,0,0,0,0,0
2021-04-22 10:00:00,121,0,0,0,0,0
2021-04-23 00:00:00,0,80,41,0,121,0
2021-04-23 01:00:00,0,121,0,0,121,0
2021-04-23 08:00:00,0,121,0,0,121,0
2021-04-23 09:00:00,121,0,0,0,0,0
2021-04-23 10:00:00,121,0,0,0,0,0
2021-04-23 23:00:00,121,0,0,0,0,0
2021-04-24 00:00:00,0,99,4,18,121,0
2021-04-24 01:00:00,0,59,0,62,121,0
2021-04-24 02:00:00,0,12,0,109,121,2
2021-04-24 03:00:00,0,0,0,121,121,39
2021-04-24 04:00:00,0,0,0,121,121,66
2021-04-24 05:00:00,0,0,0,121,121,52
2021-04-24 08:00:00,0,69,0,52,121,0
2021-04-24 09:00:00,121,0,0,0,0,0
2021-04-24 10:00:00,121,0,0,0,0,0
2021-04-24 22:00:00,121,0,0,0,0,0
2021-04-24 23:00:00,121,0,0,0,0,0
2021-04-25 00:00:00,0,0,0,121,121,0
2021-04-25 01:00:00,0,10,0,111,121,0
2021-04-25 02:00:00,0,18,0,103,121,7
2021-04-25 03:00:00,0,26,0,95,121,101
2021-04-25 04:00:00,0,0,0,121,121,118
2021-04-25 05:00:00,0,26,0,95,121,76
2021-04-25 06:00:00,0,121,0,0,121,4
2021-04-25 07:00:00,0,114,7,0,121,0
2021-04-25 08:00:00,0,105,0,16,121,0
2021-04-25 09:00:00,121,0,0,0,0,0
2021-04-25 10:00:00,121,0,0,0,0,0
2021-04-25 22:00:00,121,0,0,0,0,0
2021-04-25 23:00:00,121,0,0,0,0,0
2021-04-26 00:00:00,0,11,110,0,121,0
2021-04-26 01:00:00,0,0,121,0,121,1
2021-04-26 02:00:00,0,99,22,0,121,0
2021-04-26 05:00:00,0,44,0,77,121,0
2021-04-26 08:00:00,0,121,0,0,121,0
2021-04-26 09:00:00,121,0,0,0,0,0
2021-04-26 10:00:00,121,0,0,0,0,0
2021-04-26 23:00:00,121,0,0,0,0,0
2021-04-27 00:00:00,0,27,1,93,121,0
2021-04-27 01:00:00,0,121,0,0,121,0
2021-04-27 05:00:00,0,28,0,93,121,0
2021-04-27 06:00:00,0,38,0,83,121,0
2021-04-27 10:00:00,121,0,0,0,0,0
2021-04-28 00:00:00,0,121,0,0,121,0
2021-04-28 01:00:00,0,54,0,67,121,0
2021-04-28 07:00:00,0,110,7,4,121,0
2021-04-28 08:00:00,0,106,12,3,121,0
2021-04-28 09:00:00,121,0,0,0,0,0
2021-04-28 10:00:00,121,0,0,0,0,0
2021-04-29 00:00:00,0,120,0,1,121,0
2021-04-29 01:00:00,0,119,2,0,121,1
2021-04-29 02:00:00,0,116,5,0,121,96
2021-04-29 09:00:00,121,0,0,0,0,0
2021-04-29 10:00:00,121,0,0,0,0,0
2021-04-29 22:00:00,121,0,0,0,0,0
2021-04-29 23:00:00,121,0,0,0,0,0
2021-04-30 00:00:00,0,21,0,100,121,3
2021-04-30 01:00:00,0,41,77,3,121,119
2021-04-30 02:00:00,0,46,75,0,121,121
2021-04-30 03:00:00,0,52,64,5,121,50
2021-04-30 04:00:00,0,0,0,121,121,118
2021-04-30 05:00:00,0,0,0,121,121,121
2021-04-30 10:00:00,121,0,0,0,0,0
2021-04-30 22:00:00,121,0,0,0,0,0
2021-05-01 00:00:00,0,121,0,0,121,0
2021-05-01 01:00:00,0,121,0,0,121,0
2021-05-01 04:00:00,0,5,0,116,121,1
2021-05-01 05:00:00,0,0,0,121,121,0
2021-05-01 07:00:00,0,89,0,32,121,0
2021-05-01 10:00:00,121,0,0,0,0,0
2021-05-01 22:00:00,121,0,0,0,0,0
2021-05-02 00:00:00,0,121,0,0,121,0
2021-05-02 01:00:00,0,121,0,0,121,0
2021-05-02 09:00:00,121,0,0,0,0,0
2021-05-02 10:00:00,121,0,0,0,0,0
2021-05-02 23:00:00,121,0,0,0,0,0
2021-05-03 00:00:00,0,118,3,0,121,0
2021-05-03 01:00:00,0,121,0,0,121,0
2021-05-03 07:00:00,0,100,0,21,121,0
2021-05-03 08:00:00,0,48,0,73,121,0
2021-05-03 09:00:00,121,0,0,0,0,0
2021-05-03 10:00:00,121,0,0,0,0,0
2021-05-04 00:00:00,0,121,0,0,121,0
2021-05-04 01:00:00,0,121,0,0,121,0
2021-05-04 06:00:00,0,54,42,25,121,47
2021-05-04 07:00:00,0,116,3,2,121,1
2021-05-04 08:00:00,0,61,58,2,121,0
2021-05-04 10:00:00,121,0,0,0,0,0
2021-05-04 22:00:00,121,0,0,0,0,0
2021-05-04 23:00:00,121,0,0,0,0,0
2021-05-05 00:00:00,0,121,0,0,121,0
2021-05-05 01:00:00,0,121,0,0,121,0
2021-05-05 10:00:00,121,0,0,0,0,0
2021-05-05 22:00:00,121,0,0,0,0,0
2021-05-05 23:00:00,121,0,0,0,0,0
2021-05-06 00:00:00,0,121,0,0,121,0
2021-05-06 01:00:00,0,121,0,0,121,0
2021-05-06 04:00:00,0,28,0,93,121,5
2021-05-06 05:00:00,0,0,0,121,121,3
2021-05-06 06:00:00,0,0,0,121,121,0
2021-05-06 08:00:00,0,121,0,0,121,0
2021-05-06 09:00:00,121,0,0,0,0,0
2021-05-06 10:00:00,121,0,0,0,0,0
2021-05-06 22:00:00,121,0,0,0,0,0
2021-05-06 23:00:00,121,0,0,0,0,0
2021-05-07 09:00:00,121,0,0,0,0,0
2021-05-07 10:00:00,121,0,0,0,0,0
2021-05-07 22:00:00,121,0,0,0,0,0
2021-05-07 23:00:00,121,0,0,0,0,0
2021-05-08 00:00:00,0,121,0,0,121,0
2021-05-08 10:00:00,121,0,0,0,0,0
2021-05-08 22:00:00,121,0,0,0,0,0
2021-05-08 23:00:00,0,0,121,0,121,0
2021-05-09 00:00:00,0,121,0,0,121,0
2021-05-09 05:00:00,0,61,60,0,121,24
2021-05-09 06:00:00,0,49,72,0,121,0
2021-05-09 07:00:00,0,41,80,0,121,0
2021-05-09 09:00:00,121,0,0,0,0,0
2021-05-09 10:00:00,121,0,0,0,0,0
2021-05-09 22:00:00,121,0,0,0,0,0
2021-05-09 23:00:00,121,0,0,0,0,0
2021-05-10 00:00:00,0,121,0,0,121,0
2021-05-10 01:00:00,0,121,0,0,121,0
2021-05-10 02:00:00,0,121,0,0,121,0
2021-05-10 05:00:00,0,79,0,42,121,0
2021-05-10 06:00:00,0,116,0,5,121,0
2021-05-10 09:00:00,121,0,0,0,0,0
2021-05-10 10:00:00,121,0,0,0,0,0
2021-05-10 22:00:00,121,0,0,0,0,0
2021-05-10 23:00:00,121,0,0,0,0,0
2021-05-11 03:00:00,0,121,0,0,121,0
2021-05-11 05:00:00,0,121,0,0,121,0
2021-05-11 06:00:00,0,121,0,0,121,0
2021-05-11 07:00:00,0,121,0,0,121,0
2021-05-11 08:00:00,0,121,0,0,121,0
2021-05-11 09:00:00,121,0,0,0,0,0
2021-05-11 10:00:00,121,0,0,0,0,0
2021-05-11 22:00:00,121,0,0,0,0,0
2021-05-11 23:00:00,121,0,0,0,0,0
2021-05-12 02:00:00,0,36,0,85,121,0
2021-05-12 04:00:00,0,0,0,121,121,10
2021-05-12 09:00:00,121,0,0,0,0,0
2021-05-12 10:00:00,121,0,0,0,0,0
2021-05-12 22:00:00,121,0,0,0,0,0
2021-05-12 23:00:00,121,0,0,0,0,0
2021-05-13 00:00:00,0,5,0,116,121,0
2021-05-13 01:00:00,0,0,0,121,121,118
2021-05-13 02:00:00,0,0,0,121,121,121
2021-05-13 03:00:00,0,0,0,121,121,121
2021-05-13 04:00:00,0,9,0,112,121,121
2021-05-13 05:00:00,0,0,0,121,121,121
2021-05-13 06:00:00,0,20,0,101,121,72
2021-05-13 07:00:00,0,56,0,65,121,0
2021-05-13 08:00:00,0,98,0,23,121,0
2021-05-13 09:00:00,95,21,5,0,26,0
2021-05-13 10:00:00,121,0,0,0,0,0
2021-05-13 22:00:00,121,0,0,0,0,0
2021-05-13 23:00:00,121,0,0,0,0,0
2021-05-14 00:00:00,0,14,0,107,121,0
2021-05-14 01:00:00,0,3,0,118,121,0
2021-05-14 02:00:00,0,27,0,94,121,26
2021-05-14 03:00:00,0,3,0,118,121,83
2021-05-14 04:00:00,0,30,0,91,121,29
2021-05-14 05:00:00,0,0,0,121,121,107
2021-05-14 06:00:00,0,0,0,121,121,121
2021-05-14 07:00:00,0,0,0,121,121,115
2021-05-14 08:00:00,0,4,0,117,121,13
2021-05-14 09:00:00,46,46,0,29,75,0
2021-05-14 10:00:00,121,0,0,0,0,0
2021-05-14 22:00:00,121,0,0,0,0,0
2021-05-14 23:00:00,121,0,0,0,0,0
2021-05-15 00:00:00,0,0,0,121,121,0
2021-05-15 01:00:00,0,0,0,121,121,117
2021-05-15 02:00:00,0,4,0,117,121,121
2021-05-15 03:00:00,0,43,0,78,121,121
2021-05-15 04:00:00,0,14,0,107,121,121
2021-05-15 05:00:00,0,0,0,121,121,121
2021-05-15 06:00:00,0,0,0,121,121,121
2021-05-15 07:00:00,0,2,0,119,121,121
2021-05-15 08:00:00,0,33,0,88,121,106
2021-05-15 09:00:00,0,111,0,10,121,0
2021-05-15 10:00:00,121,0,0,0,0,0
2021-05-15 22:00:00,121,0,0,0,0,0
2021-05-15 23:00:00,121,0,0,0,0,0
2021-05-16 00:00:00,0,29,89,3,121,1
2021-05-16 01:00:00,0,39,82,0,121,119
2021-05-16 02:00:00,0,8,113,0,121,99
2021-05-16 04:00:00,0,100,0,21,121,0
2021-05-16 05:00:00,0,51,0,70,121,0
2021-05-16 07:00:00,0,121,0,0,121,0
2021-05-16 08:00:00,0,121,0,0,121,0
2021-05-16 09:00:00,0,102,19,0,121,0
2021-05-16 10:00:00,121,0,0,0,0,0
2021-05-16 22:00:00,121,0,0,0,0,0
2021-05-16 23:00:00,121,0,0,0,0,0
2021-05-17 03:00:00,0,121,0,0,121,0
2021-05-17 22:00:00,121,0,0,0,0,0
2021-05-17 23:00:00,121,0,0,0,0,0
2021-05-18 07:00:00,0,73,6,42,121,4
2021-05-18 08:00:00,0,85,10,26,121,12
2021-05-18 10:00:00,121,0,0,0,0,0
2021-05-18 22:00:00,121,0,0,0,0,0
2021-05-18 23:00:00,121,0,0,0,0,0
2021-05-19 04:00:00,0,121,0,0,121,0
2021-05-19 07:00:00,0,121,0,0,121,0
2021-05-19 08:00:00,0,111,10,0,121,0
2021-05-19 09:00:00,0,121,0,0,121,0
2021-05-19 10:00:00,121,0,0,0,0,0
2021-05-19 22:00:00,121,0,0,0,0,0
2021-05-19 23:00:00,121,0,0,0,0,0
2021-05-20 00:00:00,0,4,117,0,121,0
2021-05-20 01:00:00,0,110,11,0,121,0
2021-05-20 06:00:00,0,121,0,0,121,0
2021-05-20 07:00:00,0,121,0,0,121,0
2021-05-20 09:00:00,0,42,79,0,121,0
2021-05-20 10:00:00,121,0,0,0,0,0
2021-05-20 22:00:00,121,0,0,0,0,0
2021-05-20 23:00:00,121,0,0,0,0,0
2021-05-21 07:00:00,0,121,0,0,121,0
2021-05-21 08:00:00,0,119,2,0,121,0
2021-05-21 09:00:00,0,35,86,0,121,0
2021-05-21 10:00:00,121,0,0,0,0,0
2021-05-21 22:00:00,121,0,0,0,0,0
2021-05-21 23:00:00,121,0,0,0,0,0
2021-05-22 07:00:00,0,121,0,0,121,0
2021-05-22 08:00:00,0,116,0,5,121,0
2021-05-22 09:00:00,0,90,31,0,121,0
2021-05-22 10:00:00,121,0,0,0,0,0
2021-05-22 22:00:00,121,0,0,0,0,0
2021-05-22 23:00:00,121,0,0,0,0,0
2021-05-23 00:00:00,0,61,0,60,121,0
2021-05-23 01:00:00,0,45,0,76,121,0
2021-05-23 03:00:00,0,106,0,15,121,0
2021-05-23 09:00:00,0,119,0,2,121,0
2021-05-23 10:00:00,121,0,0,0,0,0
2021-05-23 22:00:00,121,0,0,0,0,0
2021-05-23 23:00:00,121,0,0,0,0,0
2021-05-24 03:00:00,0,36,77,8,121,90
2021-05-24 04:00:00,0,35,84,2,121,94
2021-05-24 05:00:00,0,47,74,0,121,63
2021-05-24 07:00:00,0,26,85,10,121,107
2021-05-24 08:00:00,0,23,98,0,121,44
2021-05-24 10:00:00,121,0,0,0,0,0
2021-05-24 22:00:00,121,0,0,0,0,0
2021-05-24 23:00:00,121,0,0,0,0,0
2021-05-25 02:00:00,0,94,0,27,121,0
2021-05-25 09:00:00,0,121,0,0,121,0
2021-05-25 10:00:00,121,0,0,0,0,0
2021-05-25 22:00:00,121,0,0,0,0,0
2021-05-25 23:00:00,121,0,0,0,0,0
2021-05-26 01:00:00,0,77,0,44,121,0
2021-05-26 05:00:00,0,9,0,112,121,29
2021-05-26 06:00:00,0,14,106,1,121,119
2021-05-26 07:00:00,0,60,61,0,121,51
2021-05-26 09:00:00,0,97,24,0,121,0
2021-05-26 10:00:00,121,0,0,0,0,0
2021-05-26 22:00:00,121,0,0,0,0,0
2021-05-26 23:00:00,121,0,0,0,0,0
2021-05-27 00:00:00,0,53,0,68,121,0
2021-05-27 02:00:00,0,72,19,30,121,26
2021-05-27 03:00:00,0,7,7,107,121,83
2021-05-27 04:00:00,0,56,7,58,121,72
2021-05-27 05:00:00,0,16,94,11,121,121
2021-05-27 06:00:00,0,93,19,9,121,18
2021-05-27 10:00:00,121,0,0,0,0,0
2021-05-27 22:00:00,121,0,0,0,0,0
2021-05-27 23:00:00,121,0,0,0,0,0
2021-05-28 08:00:00,0,49,0,72,121,0
2021-05-28 09:00:00,0,76,0,45,121,0
2021-05-28 10:00:00,121,0,0,0,0,0
2021-05-28 11:00:00,121,0,0,0,0,0
2021-05-28 22:00:00,121,0,0,0,0,0
2021-05-28 23:00:00,121,0,0,0,0,0
2021-05-29 10:00:00,121,0,0,0,0,0
2021-05-29 11:00:00,121,0,0,0,0,0
2021-05-29 22:00:00,121,0,0,0,0,0
2021-05-29 23:00:00,121,0,0,0,0,0
2021-05-30 10:00:00,121,0,0,0,0,0
2021-05-30 22:00:00,121,0,0,0,0,0
2021-05-30 23:00:00,121,0,0,0,0,0
2021-05-31 00:00:00,0,0,121,0,121,102
2021-05-31 01:00:00,0,30,91,0,121,121
2021-05-31 02:00:00,0,50,70,1,121,118
2021-05-31 03:00:00,0,22,37,62,121,117
2021-05-31 04:00:00,0,20,101,0,121,114
2021-05-31 05:00:00,0,94,2,25,121,84
2021-05-31 06:00:00,0,68,24,29,121,119
2021-05-31 07:00:00,0,0,121,0,121,121
2021-05-31 08:00:00,0,0,121,0,121,120
2021-05-31 09:00:00,0,0,121,0,121,0
2021-05-31 10:00:00,121,0,0,0,0,0
2021-05-31 11:00:00,121,0,0,0,0,0
2021-05-31 22:00:00,121,0,0,0,0,0
2021-05-31 23:00:00,121,0,0,0,0,0
2021-06-01 08:00:00,0,99,0,22,121,0
2021-06-01 09:00:00,0,119,2,0,121,0
2021-06-01 10:00:00,121,0,0,0,0,0
2021-06-01 11:00:00,121,0,0,0,0,0
2021-06-01 22:00:00,121,0,0,0,0,0
2021-06-01 23:00:00,121,0,0,0,0,0
2021-06-02 00:00:00,0,69,0,52,121,0
2021-06-02 01:00:00,0,75,0,46,121,86
2021-06-02 02:00:00,0,58,49,14,121,82
2021-06-02 03:00:00,0,18,103,0,121,120
2021-06-02 04:00:00,0,12,109,0,121,90
2021-06-02 05:00:00,0,44,77,0,121,44
2021-06-02 09:00:00,0,121,0,0,121,0
2021-06-02 22:00:00,121,0,0,0,0,0
2021-06-02 23:00:00,121,0,0,0,0,0
2021-06-03 11:00:00,121,0,0,0,0,0
2021-06-03 22:00:00,121,0,0,0,0,0
2021-06-03 23:00:00,121,0,0,0,0,0
2021-06-04 04:00:00,0,75,0,46,121,0
2021-06-04 11:00:00,121,0,0,0,0,0
2021-06-04 22:00:00,121,0,0,0,0,0
2021-06-04 23:00:00,121,0,0,0,0,0
2021-06-05 08:00:00,0,115,0,6,121,0
2021-06-05 10:00:00,121,0,0,0,0,0
2021-06-05 11:00:00,121,0,0,0,0,0
2021-06-05 22:00:00,121,0,0,0,0,0
2021-06-05 23:00:00,121,0,0,0,0,0
2021-06-06 02:00:00,0,121,0,0,121,0
2021-06-06 06:00:00,0,70,51,0,121,38
2021-06-06 07:00:00,0,0,121,0,121,115
2021-06-06 08:00:00,0,0,121,0,121,119
2021-06-06 09:00:00,0,0,121,0,121,2
2021-06-06 10:00:00,121,0,0,0,0,0
2021-06-06 11:00:00,121,0,0,0,0,0
2021-06-06 23:00:00,121,0,0,0,0,0
2021-06-07 00:00:00,0,52,0,69,121,0
2021-06-07 02:00:00,0,44,77,0,121,72
2021-06-07 04:00:00,0,53,68,0,121,34
2021-06-07 05:00:00,0,78,43,0,121,28
2021-06-07 06:00:00,0,24,96,1,121,78
2021-06-07 07:00:00,0,44,60,17,121,46
2021-06-07 08:00:00,0,82,0,39,121,0
2021-06-07 09:00:00,0,88,30,3,121,0
2021-06-07 10:00:00,121,0,0,0,0,0
2021-06-07 11:00:00,121,0,0,0,0,0
2021-06-07 22:00:00,121,0,0,0,0,0
2021-06-07 23:00:00,121,0,0,0,0,0
2021-06-08 00:00:00,0,91,0,30,121,0
2021-06-08 01:00:00,0,93,0,28,121,0
2021-06-08 02:00:00,0,121,0,0,121,0
2021-06-08 03:00:00,0,121,0,0,121,0
2021-06-08 05:00:00,0,121,0,0,121,0
2021-06-08 06:00:00,0,116,5,0,121,0
2021-06-08 07:00:00,0,118,3,0,121,0
2021-06-08 09:00:00,0,81,40,0,121,0
2021-06-08 10:00:00,121,0,0,0,0,0
2021-06-08 11:00:00,121,0,0,0,0,0
2021-06-08 22:00:00,121,0,0,0,0,0
2021-06-08 23:00:00,121,0,0,0,0,0
2021-06-09 00:00:00,0,117,0,4,121,0
2021-06-09 01:00:00,0,116,0,5,121,30
2021-06-09 02:00:00,0,120,1,0,121,16
2021-06-09 03:00:00,0,6,115,0,121,115
2021-06-09 04:00:00,0,2,119,0,121,121
2021-06-09 05:00:00,0,0,121,0,121,121
2021-06-09 06:00:00,0,0,121,0,121,121
2021-06-09 07:00:00,0,0,121,0,121,121
2021-06-09 08:00:00,0,0,121,0,121,121
2021-06-09 09:00:00,0,0,121,0,121,0
2021-06-09 10:00:00,121,0,0,0,0,0
2021-06-09 11:00:00,121,0,0,0,0,0
2021-06-09 22:00:00,121,0,0,0,0,0
2021-06-09 23:00:00,121,0,0,0,0,0
2021-06-10 10:00:00,121,0,0,0,0,0
2021-06-10 11:00:00,121,0,0,0,0,0
2021-06-10 22:00:00,121,0,0,0,0,0
2021-06-10 23:00:00,121,0,0,0,0,0
2021-06-11 04:00:00,0,120,0,1,121,0
2021-06-11 05:00:00,0,57,64,0,121,17
2021-06-11 07:00:00,0,39,82,0,121,2
2021-06-11 08:00:00,0,0,121,0,121,0
2021-06-11 09:00:00,0,0,121,0,121,0
2021-06-11 10:00:00,121,0,0,0,0,0
2021-06-11 11:00:00,121,0,0,0,0,0
2021-06-11 22:00:00,121,0,0,0,0,0
2021-06-11 23:00:00,121,0,0,0,0,0
2021-06-12 00:00:00,0,101,20,0,121,0
2021-06-12 03:00:00,0,105,16,0,121,3
2021-06-12 06:00:00,0,121,0,0,121,0
2021-06-12 10:00:00,121,0,0,0,0,0
2021-06-12 11:00:00,121,0,0,0,0,0
2021-06-12 22:00:00,121,0,0,0,0,0
2021-06-12 23:00:00,121,0,0,0,0,0
2021-06-13 00:00:00,0,77,23,21,121,0
2021-06-13 01:00:00,0,55,0,66,121,0
2021-06-13 02:00:00,0,103,0,18,121,0
2021-06-13 03:00:00,0,121,0,0,121,0
2021-06-13 04:00:00,0,41,0,80,121,41
2021-06-13 05:00:00,0,104,1,16,121,105
2021-06-13 06:00:00,0,37,84,0,121,79
2021-06-13 07:00:00,0,78,43,0,121,2
2021-06-13 08:00:00,0,49,72,0,121,5
2021-06-13 09:00:00,0,41,80,0,121,6
2021-06-13 10:00:00,121,0,0,0,0,0
2021-06-13 11:00:00,121,0,0,0,0,0
2021-06-13 22:00:00,121,0,0,0,0,0
2021-06-13 23:00:00,121,0,0,0,0,0
2021-06-14 00:00:00,0,63,58,0,121,63
2021-06-14 01:00:00,0,58,63,0,121,109
2021-06-14 02:00:00,0,6,115,0,121,121
2021-06-14 03:00:00,0,109,1,11,121,121
2021-06-14 04:00:00,0,82,24,15,121,121
2021-06-14 05:00:00,0,32,15,74,121,121
2021-06-14 06:00:00,0,21,68,32,121,121
2021-06-14 07:00:00,0,0,121,0,121,121
2021-06-14 08:00:00,0,68,32,21,121,39
2021-06-14 09:00:00,0,35,86,0,121,0
2021-06-14 10:00:00,121,0,0,0,0,0
2021-06-14 11:00:00,121,0,0,0,0,0
2021-06-14 22:00:00,121,0,0,0,0,0
2021-06-14 23:00:00,121,0,0,0,0,0
2021-06-15 00:00:00,0,0,0,121,121,0
2021-06-15 01:00:00,0,1,0,120,121,0
2021-06-15 02:00:00,0,41,0,80,121,0
2021-06-15 10:00:00,121,0,0,0,0,0
2021-06-15 11:00:00,121,0,0,0,0,0
2021-06-15 22:00:00,121,0,0,0,0,0
2021-06-15 23:00:00,121,0,0,0,0,0
2021-06-16 00:00:00,0,28,0,93,121,0
2021-06-16 01:00:00,0,84,23,14,121,120
2021-06-16 02:00:00,0,109,3,9,121,121
2021-06-16 03:00:00,0,65,0,56,121,121
2021-06-16 04:00:00,0,115,0,6,121,121
2021-06-16 05:00:00,0,4,117,0,121,121
2021-06-16 06:00:00,0,14,107,0,121,121
2021-06-16 07:00:00,0,78,43,0,121,121
2021-06-16 08:00:00,0,53,0,68,121,120
2021-06-16 09:00:00,0,0,121,0,121,14
2021-06-16 10:00:00,121,0,0,0,0,0
2021-06-16 11:00:00,121,0,0,0,0,0
2021-06-16 22:00:00,121,0,0,0,0,0
2021-06-16 23:00:00,121,0,0,0,0,0
2021-06-17 08:00:00,0,121,0,0,121,0
2021-06-17 09:00:00,0,79,39,3,121,0
2021-06-17 11:00:00,121,0,0,0,0,0
2021-06-17 22:00:00,121,0,0,0,0,0
2021-06-17 23:00:00,121,0,0,0,0,0
2021-06-18 00:00:00,0,29,0,92,121,0
2021-06-18 01:00:00,0,44,0,77,121,64
2021-06-18 02:00:00,0,23,0,98,121,18
2021-06-18 10:00:00,121,0,0,0,0,0
2021-06-18 11:00:00,121,0,0,0,0,0
2021-06-18 22:00:00,121,0,0,0,0,0
2021-06-18 23:00:00,121,0,0,0,0,0
2021-06-19 10:00:00,121,0,0,0,0,0
2021-06-19 11:00:00,121,0,0,0,0,0
2021-06-19 22:00:00,121,0,0,0,0,0
2021-06-19 23:00:00,121,0,0,0,0,0
2021-06-20 01:00:00,0,121,0,0,121,0
2021-06-20 03:00:00,0,120,0,1,121,0
2021-06-20 06:00:00,0,85,0,36,121,0
2021-06-20 07:00:00,0,80,0,41,121,3
2021-06-20 10:00:00,121,0,0,0,0,0
2021-06-20 11:00:00,121,0,0,0,0,0
2021-06-20 22:00:00,121,0,0,0,0,0
2021-06-20 23:00:00,121,0,0,0,0,0
2021-06-21 10:00:00,121,0,0,0,0,0
2021-06-21 11:00:00,121,0,0,0,0,0
2021-06-21 22:00:00,121,0,0,0,0,0
2021-06-21 23:00:00,121,0,0,0,0,0
2021-06-22 00:00:00,0,93,9,19,121,0
2021-06-22 10:00:00,121,0,0,0,0,0
2021-06-22 11:00:00,121,0,0,0,0,0
2021-06-22 22:00:00,121,0,0,0,0,0
2021-06-22 23:00:00,121,0,0,0,0,0
2021-06-23 00:00:00,0,11,110,0,121,105
2021-06-23 01:00:00,0,35,49,37,121,103
2021-06-23 02:00:00,0,76,43,2,121,17
2021-06-23 03:00:00,0,26,95,0,121,81
2021-06-23 05:00:00,0,42,75,4,121,15
2021-06-23 06:00:00,0,18,103,0,121,115
2021-06-23 07:00:00,0,0,121,0,121,17
2021-06-23 08:00:00,0,7,114,0,121,0
2021-06-23 09:00:00,0,5,116,0,121,0
2021-06-23 10:00:00,121,0,0,0,0,0
2021-06-23 11:00:00,121,0,0,0,0,0
2021-06-23 22:00:00,121,0,0,0,0,0
2021-06-23 23:00:00,121,0,0,0,0,0
2021-06-24 00:00:00,0,0,0,121,121,0
2021-06-24 01:00:00,0,1,0,120,121,7
2021-06-24 02:00:00,0,58,33,30,121,90
2021-06-24 03:00:00,0,0,121,0,121,121
2021-06-24 04:00:00,0,2,119,0,121,121
2021-06-24 05:00:00,0,0,121,0,121,119
2021-06-24 06:00:00,0,16,99,6,121,114
2021-06-24 07:00:00,0,41,33,47,121,95
2021-06-24 08:00:00,0,72,47,2,121,21
2021-06-24 09:00:00,0,0,121,0,121,0
2021-06-24 10:00:00,121,0,0,0,0,0
2021-06-24 11:00:00,121,0,0,0,0,0
2021-06-24 22:00:00,121,0,0,0,0,0
2021-06-24 23:00:00,121,0,0,0,0,0
2021-06-25 00:00:00,0,0,121,0,121,103
2021-06-25 01:00:00,0,2,119,0,121,121
2021-06-25 02:00:00,0,32,0,89,121,121
2021-06-25 03:00:00,0,0,0,121,121,121
2021-06-25 04:00:00,0,0,0,121,121,102
2021-06-25 05:00:00,0,0,0,121,121,90
2021-06-25 06:00:00,0,0,0,121,121,107
2021-06-25 07:00:00,0,0,0,121,121,98
2021-06-25 08:00:00,0,0,0,121,121,55
2021-06-25 09:00:00,0,12,0,109,121,0
2021-06-25 10:00:00,121,0,0,0,0,0
2021-06-25 11:00:00,121,0,0,0,0,0
2021-06-25 22:00:00,121,0,0,0,0,0
2021-06-25 23:00:00,121,0,0,0,0,0
2021-06-26 00:00:00,0,0,0,121,121,0
2021-06-26 01:00:00,0,0,0,121,121,63
2021-06-26 02:00:00,0,0,0,121,121,46
2021-06-26 05:00:00,0,100,0,21,121,0
2021-06-26 06:00:00,0,63,0,58,121,1
2021-06-26 07:00:00,0,9,1,111,121,5
2021-06-26 08:00:00,0,66,5,50,121,0
2021-06-26 09:00:00,0,88,8,25,121,0
2021-06-26 10:00:00,121,0,0,0,0,0
2021-06-26 22:00:00,121,0,0,0,0,0
2021-06-26 23:00:00,121,0,0,0,0,0
2021-06-27 11:00:00,121,0,0,0,0,0
2021-06-27 22:00:00,121,0,0,0,0,0
2021-06-27 23:00:00,121,0,0,0,0,0
2021-06-28 00:00:00,0,30,1,90,121,0
2021-06-28 01:00:00,0,0,0,121,121,37
2021-06-28 02:00:00,0,16,0,105,121,43
2021-06-28 03:00:00,0,14,0,107,121,60
2021-06-28 04:00:00,0,31,0,90,121,43
2021-06-28 08:00:00,0,115,6,0,121,0
2021-06-28 09:00:00,0,41,80,0,121,0
2021-06-28 10:00:00,121,0,0,0,0,0
2021-06-28 11:00:00,121,0,0,0,0,0
2021-06-28 22:00:00,121,0,0,0,0,0
2021-06-28 23:00:00,121,0,0,0,0,0
2021-06-29 00:00:00,0,42,0,79,121,0
2021-06-29 01:00:00,0,96,0,25,121,41
2021-06-29 02:00:00,0,34,0,87,121,68
2021-06-29 03:00:00,0,63,28,30,121,115
2021-06-29 04:00:00,0,34,79,8,121,121
2021-06-29 05:00:00,0,6,4,111,121,120
2021-06-29 06:00:00,0,0,0,121,121,117
2021-06-29 07:00:00,0,0,0,121,121,113
2021-06-29 08:00:00,0,87,18,16,121,6
2021-06-29 09:00:00,0,121,0,0,121,2
2021-06-29 10:00:00,121,0,0,0,0,0
2021-06-29 11:00:00,121,0,0,0,0,0
2021-06-29 22:00:00,121,0,0,0,0,0
2021-06-29 23:00:00,121,0,0,0,0,0
2021-06-30 00:00:00,0,7,0,114,121,0
2021-06-30 01:00:00,0,16,0,105,121,0
2021-06-30 02:00:00,0,0,0,121,121,0
2021-06-30 06:00:00,0,100,10,11,121,45
2021-06-30 09:00:00,0,99,20,2,121,0
2021-06-30 11:00:00,121,0,0,0,0,0
2021-06-30 22:00:00,121,0,0,0,0,0
2021-06-30 23:00:00,121,0,0,0,0,0
2021-07-01 00:00:00,0,119,0,2,121,16
2021-07-01 01:00:00,0,43,78,0,121,83
2021-07-01 02:00:00,0,105,14,2,121,43
2021-07-01 03:00:00,0,33,88,0,121,79
2021-07-01 07:00:00,0,30,0,91,121,39
2021-07-01 08:00:00,0,85,36,0,121,106
2021-07-01 09:00:00,0,35,86,0,121,10
2021-07-01 10:00:00,121,0,0,0,0,0
2021-07-01 11:00:00,121,0,0,0,0,0
2021-07-01 22:00:00,121,0,0,0,0,0
2021-07-01 23:00:00,121,0,0,0,0,0
2021-07-02 01:00:00,0,115,6,0,121,0
2021-07-02 02:00:00,0,121,0,0,121,0
2021-07-02 06:00:00,0,89,0,32,121,0
2021-07-02 07:00:00,0,121,0,0,121,0
2021-07-02 08:00:00,0,121,0,0,121,0
2021-07-02 09:00:00,0,121,0,0,121,0
2021-07-02 10:00:00,121,0,0,0,0,0
2021-07-02 11:00:00,121,0,0,0,0,0
2021-07-02 22:00:00,121,0,0,0,0,0
2021-07-02 23:00:00,121,0,0,0,0,0
2021-07-03 06:00:00,0,116,0,5,121,0
2021-07-03 07:00:00,0,88,0,33,121,0
2021-07-03 08:00:00,0,109,2,10,121,0
2021-07-03 09:00:00,0,20,101,0,121,0
2021-07-03 10:00:00,121,0,0,0,0,0
2021-07-03 11:00:00,121,0,0,0,0,0
2021-07-03 22:00:00,121,0,0,0,0,0
2021-07-03 23:00:00,121,0,0,0,0,0
2021-07-04 11:00:00,121,0,0,0,0,0
2021-07-04 22:00:00,121,0,0,0,0,0
2021-07-04 23:00:00,121,0,0,0,0,0
2021-07-05 02:00:00,0,91,0,30,121,0
2021-07-05 04:00:00,0,21,0,100,121,74
2021-07-05 05:00:00,0,70,22,29,121,117
2021-07-05 06:00:00,0,53,38,30,121,110
2021-07-05 07:00:00,0,76,12,33,121,100
2021-07-05 08:00:00,0,84,5,32,121,46
2021-07-05 09:00:00,0,119,2,0,121,0
2021-07-05 10:00:00,121,0,0,0,0,0
2021-07-05 11:00:00,121,0,0,0,0,0
2021-07-05 22:00:00,121,0,0,0,0,0
2021-07-05 23:00:00,121,0,0,0,0,0
2021-07-06 00:00:00,0,99,0,22,121,0
2021-07-06 01:00:00,0,35,0,86,121,20
2021-07-06 03:00:00,0,10,0,111,121,43
2021-07-06 05:00:00,0,120,0,1,121,0
2021-07-06 07:00:00,0,121,0,0,121,0
2021-07-06 08:00:00,0,121,0,0,121,0
2021-07-06 10:00:00,121,0,0,0,0,0
2021-07-06 11:00:00,121,0,0,0,0,0
2021-07-06 23:00:00,121,0,0,0,0,0
2021-07-07 00:00:00,0,111,5,5,121,0
2021-07-07 03:00:00,0,121,0,0,121,0
2021-07-07 06:00:00,0,83,38,0,121,36
2021-07-07 07:00:00,0,53,68,0,121,82
2021-07-07 08:00:00,0,118,3,0,121,0
2021-07-07 09:00:00,0,121,0,0,121,0
2021-07-07 10:00:00,121,0,0,0,0,0
2021-07-07 11:00:00,121,0,0,0,0,0
2021-07-07 22:00:00,121,0,0,0,0,0
2021-07-07 23:00:00,121,0,0,0,0,0
2021-07-08 07:00:00,0,64,55,2,121,103
2021-07-08 08:00:00,0,87,29,5,121,83
2021-07-08 09:00:00,0,95,26,0,121,0
2021-07-08 11:00:00,121,0,0,0,0,0
2021-07-08 22:00:00,121,0,0,0,0,0
2021-07-08 23:00:00,121,0,0,0,0,0
2021-07-09 04:00:00,0,121,0,0,121,0
2021-07-09 08:00:00,0,88,31,2,121,21
2021-07-09 11:00:00,121,0,0,0,0,0
2021-07-09 22:00:00,121,0,0,0,0,0
2021-07-09 23:00:00,121,0,0,0,0,0
2021-07-10 00:00:00,0,45,0,76,121,0
2021-07-10 01:00:00,0,8,0,113,121,34
2021-07-10 02:00:00,0,0,0,121,121,78
2021-07-10 03:00:00,0,1,0,120,121,87
2021-07-10 04:00:00,0,65,0,56,121,47
2021-07-10 05:00:00,0,44,0,77,121,24
2021-07-10 06:00:00,0,7,0,114,121,117
2021-07-10 07:00:00,0,10,0,111,121,56
2021-07-10 08:00:00,0,83,3,35,121,0
2021-07-10 09:00:00,0,89,0,32,121,0
2021-07-10 10:00:00,121,0,0,0,0,0
2021-07-10 11:00:00,121,0,0,0,0,0
2021-07-10 22:00:00,121,0,0,0,0,0
2021-07-10 23:00:00,121,0,0,0,0,0
2021-07-11 00:00:00,0,69,40,12,121,0
2021-07-11 01:00:00,0,69,0,52,121,0
2021-07-11 02:00:00,0,22,0,99,121,27
2021-07-11 03:00:00,0,0,0,121,121,95
2021-07-11 04:00:00,0,0,0,121,121,121
2021-07-11 05:00:00,0,0,0,121,121,121
2021-07-11 07:00:00,0,19,0,102,121,57
2021-07-11 08:00:00,0,121,0,0,121,0
2021-07-11 09:00:00,0,121,0,0,121,0
2021-07-11 10:00:00,121,0,0,0,0,0
2021-07-11 11:00:00,121,0,0,0,0,0
2021-07-11 22:00:00,121,0,0,0,0,0
2021-07-11 23:00:00,121,0,0,0,0,0
2021-07-12 00:00:00,0,1,120,0,121,51
2021-07-12 01:00:00,0,0,121,0,121,121
2021-07-12 02:00:00,0,0,121,0,121,121
2021-07-12 03:00:00,0,7,114,0,121,121
2021-07-12 04:00:00,0,105,16,0,121,121
2021-07-12 05:00:00,0,101,0,20,121,121
2021-07-12 06:00:00,0,65,10,46,121,116
2021-07-12 07:00:00,0,43,9,69,121,121
2021-07-12 08:00:00,0,58,15,48,121,108
2021-07-12 09:00:00,0,85,28,8,121,2
2021-07-12 10:00:00,121,0,0,0,0,0
2021-07-12 11:00:00,121,0,0,0,0,0
2021-07-12 22:00:00,121,0,0,0,0,0
2021-07-12 23:00:00,121,0,0,0,0,0
2021-07-13 00:00:00,0,116,0,5,121,0
2021-07-13 01:00:00,0,51,0,70,121,26
2021-07-13 04:00:00,0,55,0,66,121,9
2021-07-13 06:00:00,0,88,0,33,121,18
2021-07-13 07:00:00,0,57,4,60,121,84
2021-07-13 08:00:00,0,46,42,33,121,29
2021-07-13 09:00:00,0,62,59,0,121,0
2021-07-13 10:00:00,121,0,0,0,0,0
2021-07-13 11:00:00,121,0,0,0,0,0
2021-07-13 22:00:00,121,0,0,0,0,0
2021-07-13 23:00:00,121,0,0,0,0,0
2021-07-14 00:00:00,0,111,0,10,121,0
2021-07-14 01:00:00,0,55,0,66,121,53
2021-07-14 02:00:00,0,14,0,107,121,74
2021-07-14 04:00:00,0,56,0,65,121,19
2021-07-14 05:00:00,0,102,0,19,121,8
2021-07-14 06:00:00,0,110,0,11,121,0
2021-07-14 07:00:00,0,121,0,0,121,0
2021-07-14 08:00:00,0,121,0,0,121,0
2021-07-14 09:00:00,0,116,5,0,121,0
2021-07-14 10:00:00,121,0,0,0,0,0
2021-07-14 11:00:00,121,0,0,0,0,0
2021-07-14 22:00:00,121,0,0,0,0,0
2021-07-14 23:00:00,121,0,0,0,0,0
2021-07-15 00:00:00,0,96,0,25,121,0
2021-07-15 01:00:00,0,31,0,90,121,13
2021-07-15 02:00:00,0,9,0,112,121,33
2021-07-15 03:00:00,0,0,0,121,121,110
2021-07-15 04:00:00,0,7,0,114,121,101
2021-07-15 05:00:00,0,73,0,48,121,19
2021-07-15 08:00:00,0,116,0,5,121,0
2021-07-15 09:00:00,0,85,36,0,121,0
2021-07-15 10:00:00,121,0,0,0,0,0
2021-07-15 11:00:00,121,0,0,0,0,0
2021-07-15 22:00:00,121,0,0,0,0,0
2021-07-15 23:00:00,121,0,0,0,0,0
2021-07-16 00:00:00,0,81,0,40,121,0
2021-07-16 01:00:00,0,34,0,87,121,60
2021-07-16 02:00:00,0,16,0,105,121,108
2021-07-16 03:00:00,0,16,0,105,121,121
2021-07-16 04:00:00,0,3,0,118,121,119
2021-07-16 05:00:00,0,15,0,106,121,28
2021-07-16 06:00:00,0,68,0,53,121,21
2021-07-16 07:00:00,0,68,0,53,121,9
2021-07-16 08:00:00,0,118,3,0,121,0
2021-07-16 09:00:00,0,105,16,0,121,0
2021-07-16 10:00:00,121,0,0,0,0,0
2021-07-16 11:00:00,121,0,0,0,0,0
2021-07-16 22:00:00,121,0,0,0,0,0
2021-07-16 23:00:00,121,0,0,0,0,0
2021-07-17 00:00:00,0,56,12,53,121,18
2021-07-17 01:00:00,0,75,11,35,121,91
2021-07-17 02:00:00,0,65,17,39,121,104
2021-07-17 03:00:00,0,15,0,106,121,121
2021-07-17 04:00:00,0,11,0,110,121,121
2021-07-17 05:00:00,0,45,31,45,121,118
2021-07-17 06:00:00,0,16,4,101,121,111
2021-07-17 07:00:00,0,14,7,100,121,66
2021-07-17 08:00:00,0,69,4,48,121,26
2021-07-17 09:00:00,0,111,2,8,121,0
2021-07-17 10:00:00,121,0,0,0,0,0
2021-07-17 11:00:00,121,0,0,0,0,0
2021-07-17 22:00:00,121,0,0,0,0,0
2021-07-17 23:00:00,121,0,0,0,0,0
2021-07-18 00:00:00,0,0,121,0,121,61
2021-07-18 01:00:00,0,0,121,0,121,121
2021-07-18 02:00:00,0,0,121,0,121,120
2021-07-18 03:00:00,0,0,121,0,121,121
2021-07-18 04:00:00,0,14,107,0,121,121
2021-07-18 05:00:00,0,18,100,3,121,113
2021-07-18 06:00:00,0,77,25,19,121,53
2021-07-18 07:00:00,0,90,28,3,121,16
2021-07-18 08:00:00,0,33,87,1,121,21
2021-07-18 09:00:00,0,63,56,2,121,5
2021-07-18 10:00:00,121,0,0,0,0,0
2021-07-18 11:00:00,121,0,0,0,0,0
2021-07-18 22:00:00,121,0,0,0,0,0
2021-07-18 23:00:00,121,0,0,0,0,0
2021-07-19 00:00:00,0,92,0,29,121,0
2021-07-19 01:00:00,0,59,0,62,121,61
2021-07-19 02:00:00,0,47,0,74,121,119
2021-07-19 03:00:00,0,15,0,106,121,119
2021-07-19 04:00:00,0,5,0,116,121,113
2021-07-19 05:00:00,0,35,0,86,121,55
2021-07-19 06:00:00,0,96,0,25,121,13
2021-07-19 08:00:00,0,121,0,0,121,0
2021-07-19 09:00:00,0,65,56,0,121,0
2021-07-19 10:00:00,121,0,0,0,0,0
2021-07-19 11:00:00,121,0,0,0,0,0
2021-07-19 22:00:00,121,0,0,0,0,0
2021-07-19 23:00:00,121,0,0,0,0,0
2021-07-20 00:00:00,0,97,0,24,121,0
2021-07-20 01:00:00,0,60,0,61,121,3
2021-07-20 02:00:00,0,83,0,38,121,42
2021-07-20 03:00:00,0,70,0,51,121,38
2021-07-20 04:00:00,0,76,0,45,121,61
2021-07-20 05:00:00,0,113,8,0,121,35
2021-07-20 06:00:00,0,25,96,0,121,103
2021-07-20 07:00:00,0,79,39,3,121,9
2021-07-20 09:00:00,0,69,52,0,121,0
2021-07-20 10:00:00,121,0,0,0,0,0
2021-07-20 11:00:00,121,0,0,0,0,0
2021-07-20 23:00:00,121,0,0,0,0,0
2021-07-21 00:00:00,0,113,1,7,121,0
2021-07-21 01:00:00,0,1,120,0,121,60
2021-07-21 02:00:00,0,28,93,0,121,41
2021-07-21 03:00:00,0,46,75,0,121,110
2021-07-21 04:00:00,0,0,121,0,121,121
2021-07-21 05:00:00,0,0,121,0,121,121
2021-07-21 06:00:00,0,0,121,0,121,121
2021-07-21 07:00:00,0,0,121,0,121,121
2021-07-21 08:00:00,0,0,121,0,121,26
2021-07-21 09:00:00,0,18,103,0,121,0
2021-07-21 10:00:00,121,0,0,0,0,0
2021-07-21 11:00:00,121,0,0,0,0,0
2021-07-21 22:00:00,121,0,0,0,0,0
2021-07-21 23:00:00,121,0,0,0,0,0
2021-07-22 00:00:00,0,92,21,8,121,0
2021-07-22 01:00:00,0,31,0,90,121,78
2021-07-22 02:00:00,0,0,0,121,121,121
2021-07-22 03:00:00,0,2,0,119,121,121
2021-07-22 04:00:00,0,12,0,109,121,121
2021-07-22 05:00:00,0,3,0,118,121,121
2021-07-22 06:00:00,0,0,0,121,121,121
2021-07-22 07:00:00,0,19,18,84,121,121
2021-07-22 08:00:00,0,45,25,51,121,115
2021-07-22 09:00:00,0,88,0,33,121,0
2021-07-22 10:00:00,121,0,0,0,0,0
2021-07-22 11:00:00,121,0,0,0,0,0
2021-07-22 22:00:00,121,0,0,0,0,0
2021-07-22 23:00:00,121,0,0,0,0,0
2021-07-23 00:00:00,0,42,79,0,121,0
2021-07-23 10:00:00,121,0,0,0,0,0
2021-07-23 11:00:00,121,0,0,0,0,0
2021-07-23 23:00:00,121,0,0,0,0,0
2021-07-24 00:00:00,0,26,95,0,121,0
2021-07-24 01:00:00,0,96,25,0,121,0
2021-07-24 03:00:00,0,120,0,1,121,0
2021-07-24 05:00:00,0,112,0,9,121,7
2021-07-24 07:00:00,0,121,0,0,121,0
2021-07-24 09:00:00,0,58,63,0,121,0
2021-07-24 10:00:00,121,0,0,0,0,0
2021-07-24 11:00:00,121,0,0,0,0,0
2021-07-24 23:00:00,121,0,0,0,0,0
2021-07-25 00:00:00,0,82,3,36,121,0
2021-07-25 01:00:00,0,4,0,117,121,8
2021-07-25 02:00:00,0,0,0,121,121,0
2021-07-25 03:00:00,0,22,0,99,121,16
2021-07-25 04:00:00,0,106,0,15,121,20
2021-07-25 05:00:00,0,119,0,2,121,19
2021-07-25 07:00:00,0,120,1,0,121,0
2021-07-25 08:00:00,0,101,0,20,121,0
2021-07-25 09:00:00,0,121,0,0,121,0
2021-07-25 10:00:00,121,0,0,0,0,0
2021-07-25 11:00:00,121,0,0,0,0,0
2021-07-25 22:00:00,121,0,0,0,0,0
2021-07-25 23:00:00,121,0,0,0,0,0
2021-07-26 00:00:00,0,32,0,89,121,0
2021-07-26 01:00:00,0,22,0,99,121,92
2021-07-26 02:00:00,0,8,0,113,121,117
2021-07-26 03:00:00,0,11,0,110,121,121
2021-07-26 04:00:00,0,2,0,119,121,121
2021-07-26 05:00:00,0,0,0,121,121,121
2021-07-26 06:00:00,0,0,0,121,121,121
2021-07-26 07:00:00,0,0,0,121,121,81
2021-07-26 08:00:00,0,99,1,21,121,0
2021-07-26 09:00:00,0,76,45,0,121,0
2021-07-26 10:00:00,121,0,0,0,0,0
2021-07-26 11:00:00,121,0,0,0,0,0
2021-07-26 22:00:00,121,0,0,0,0,0
2021-07-26 23:00:00,121,0,0,0,0,0
2021-07-27 00:00:00,0,32,17,72,121,0
2021-07-27 01:00:00,0,35,0,86,121,67
2021-07-27 04:00:00,0,7,0,114,121,121
2021-07-27 05:00:00,0,17,12,92,121,121
2021-07-27 06:00:00,0,53,0,68,121,116
2021-07-27 07:00:00,0,23,0,98,121,101
2021-07-27 08:00:00,0,41,10,70,121,58
2021-07-27 09:00:00,0,1,120,0,121,12
2021-07-27 10:00:00,121,0,0,0,0,0
2021-07-27 11:00:00,121,0,0,0,0,0
2021-07-27 22:00:00,121,0,0,0,0,0
2021-07-27 23:00:00,121,0,0,0,0,0
2021-07-28 00:00:00,0,105,16,0,121,0
2021-07-28 02:00:00,0,82,23,16,121,16
2021-07-28 03:00:00,0,28,93,0,121,88
2021-07-28 04:00:00,0,36,73,12,121,117
2021-07-28 05:00:00,0,61,54,6,121,121
2021-07-28 06:00:00,0,12,106,3,121,121
2021-07-28 07:00:00,0,9,112,0,121,67
2021-07-28 08:00:00,0,15,106,0,121,1
2021-07-28 09:00:00,0,79,42,0,121,0
2021-07-28 10:00:00,121,0,0,0,0,0
2021-07-28 22:00:00,121,0,0,0,0,0
2021-07-28 23:00:00,121,0,0,0,0,0
2021-07-29 00:00:00,0,46,75,0,121,0
2021-07-29 01:00:00,0,0,121,0,121,53
2021-07-29 02:00:00,0,0,121,0,121,121
2021-07-29 03:00:00,0,0,121,0,121,121
2021-07-29 04:00:00,0,0,121,0,121,121
2021-07-29 05:00:00,0,0,121,0,121,121
2021-07-29 06:00:00,0,19,102,0,121,121
2021-07-29 07:00:00,0,30,88,3,121,121
2021-07-29 08:00:00,0,48,73,0,121,95
2021-07-29 09:00:00,0,43,78,0,121,0
2021-07-29 10:00:00,121,0,0,0,0,0
2021-07-29 22:00:00,121,0,0,0,0,0
2021-07-29 23:00:00,121,0,0,0,0,0
2021-07-30 00:00:00,0,87,34,0,121,3
2021-07-30 01:00:00,0,98,2,21,121,6
2021-07-30 02:00:00,0,67,0,54,121,0
2021-07-30 03:00:00,0,10,0,111,121,13
2021-07-30 06:00:00,0,20,0,101,121,7
2021-07-30 07:00:00,0,24,0,97,121,2
2021-07-30 08:00:00,0,42,0,79,121,0
2021-07-30 09:00:00,0,117,4,0,121,0
2021-07-30 10:00:00,121,0,0,0,0,0
2021-07-30 22:00:00,121,0,0,0,0,0
2021-07-30 23:00:00,121,0,0,0,0,0
2021-07-31 00:00:00,0,61,60,0,121,0
2021-07-31 03:00:00,0,121,0,0,121,0
2021-07-31 08:00:00,0,111,1,9,121,0
2021-07-31 10:00:00,121,0,0,0,0,0
2021-07-31 22:00:00,121,0,0,0,0,0
2021-07-31 23:00:00,121,0,0,0,0,0
2021-08-01 00:00:00,0,95,26,0,121,0
2021-08-01 03:00:00,0,121,0,0,121,0
2021-08-01 04:00:00,0,80,0,41,121,0
2021-08-01 06:00:00,0,113,0,8,121,0
2021-08-01 10:00:00,121,0,0,0,0,0
2021-08-01 22:00:00,121,0,0,0,0,0
2021-08-01 23:00:00,121,0,0,0,0,0
2021-08-02 00:00:00,0,103,18,0,121,0
2021-08-02 10:00:00,121,0,0,0,0,0
2021-08-02 22:00:00,121,0,0,0,0,0
2021-08-02 23:00:00,121,0,0,0,0,0
2021-08-03 00:00:00,0,57,0,64,121,0
2021-08-03 02:00:00,0,89,28,4,121,9
2021-08-03 03:00:00,0,42,79,0,121,5
2021-08-03 04:00:00,0,115,6,0,121,0
2021-08-03 06:00:00,0,0,0,121,121,57
2021-08-03 07:00:00,0,54,0,67,121,27
2021-08-03 08:00:00,0,0,0,121,121,1
2021-08-03 09:00:00,0,87,0,34,121,0
2021-08-03 10:00:00,121,0,0,0,0,0
2021-08-03 22:00:00,121,0,0,0,0,0
2021-08-03 23:00:00,121,0,0,0,0,0
2021-08-04 00:00:00,0,121,0,0,121,0
2021-08-04 02:00:00,0,91,0,30,121,0
2021-08-04 03:00:00,0,95,0,26,121,0
2021-08-04 04:00:00,0,114,0,7,121,0
2021-08-04 06:00:00,0,81,0,40,121,0
2021-08-04 07:00:00,0,98,0,23,121,0
2021-08-04 08:00:00,0,117,0,4,121,0
2021-08-04 09:00:00,0,97,4,20,121,0
2021-08-04 10:00:00,121,0,0,0,0,0
2021-08-04 22:00:00,121,0,0,0,0,0
2021-08-04 23:00:00,121,0,0,0,0,0
2021-08-05 00:00:00,0,113,0,8,121,0
2021-08-05 01:00:00,0,106,1,14,121,0
2021-08-05 06:00:00,0,77,0,44,121,9
2021-08-05 07:00:00,0,42,79,0,121,40
2021-08-05 08:00:00,0,82,39,0,121,15
2021-08-05 10:00:00,121,0,0,0,0,0
2021-08-05 23:00:00,121,0,0,0,0,0
2021-08-06 08:00:00,0,115,6,0,121,0
2021-08-06 09:00:00,0,14,107,0,121,0
2021-08-06 10:00:00,121,0,0,0,0,0
2021-08-06 23:00:00,121,0,0,0,0,0
2021-08-07 00:00:00,0,63,58,0,121,0
2021-08-07 01:00:00,0,97,24,0,121,0
2021-08-07 02:00:00,0,117,4,0,121,0
2021-08-07 07:00:00,0,121,0,0,121,0
2021-08-07 08:00:00,0,109,12,0,121,0
2021-08-07 09:00:00,0,4,117,0,121,0
2021-08-07 10:00:00,121,0,0,0,0,0
2021-08-07 23:00:00,121,0,0,0,0,0
2021-08-08 00:00:00,0,114,7,0,121,0
2021-08-08 01:00:00,0,121,0,0,121,0
2021-08-08 02:00:00,0,121,0,0,121,9
2021-08-08 03:00:00,0,119,2,0,121,38
2021-08-08 04:00:00,0,42,79,0,121,45
2021-08-08 05:00:00,0,55,66,0,121,17
2021-08-08 06:00:00,0,16,105,0,121,49
2021-08-08 07:00:00,0,49,72,0,121,0
2021-08-08 08:00:00,0,106,15,0,121,0
2021-08-08 09:00:00,0,55,66,0,121,0
2021-08-08 10:00:00,121,0,0,0,0,0
2021-08-08 23:00:00,121,0,0,0,0,0
2021-08-09 00:00:00,0,33,88,0,121,0
2021-08-09 04:00:00,0,121,0,0,121,0
2021-08-09 05:00:00,0,121,0,0,121,0
2021-08-09 07:00:00,0,121,0,0,121,0
2021-08-09 08:00:00,0,102,5,14,121,2
2021-08-09 09:00:00,56,58,6,1,65,0
2021-08-09 10:00:00,121,0,0,0,0,0
2021-08-09 23:00:00,121,0,0,0,0,0
2021-08-10 00:00:00,0,19,102,0,121,0
2021-08-10 09:00:00,121,0,0,0,0,0
2021-08-10 10:00:00,121,0,0,0,0,0
2021-08-10 23:00:00,121,0,0,0,0,0
2021-08-11 00:00:00,0,0,121,0,121,0
2021-08-11 01:00:00,0,90,31,0,121,0
2021-08-11 03:00:00,0,121,0,0,121,20
2021-08-11 04:00:00,0,83,38,0,121,42
2021-08-11 06:00:00,0,3,118,0,121,0
2021-08-11 07:00:00,0,67,54,0,121,0
2021-08-11 08:00:00,0,77,44,0,121,0
2021-08-11 09:00:00,121,0,0,0,0,0
2021-08-11 10:00:00,121,0,0,0,0,0
2021-08-11 23:00:00,121,0,0,0,0,0
2021-08-12 00:00:00,0,84,30,7,121,0
2021-08-12 01:00:00,0,39,45,37,121,10
2021-08-12 02:00:00,0,97,0,24,121,9
2021-08-12 03:00:00,0,102,0,19,121,3
2021-08-12 04:00:00,0,113,0,8,121,7
2021-08-12 05:00:00,0,108,4,9,121,24
2021-08-12 06:00:00,0,110,0,11,121,3
2021-08-12 07:00:00,0,121,0,0,121,0
2021-08-12 08:00:00,0,103,18,0,121,0
2021-08-12 09:00:00,121,0,0,0,0,0
2021-08-12 10:00:00,121,0,0,0,0,0
2021-08-12 22:00:00,121,0,0,0,0,0
2021-08-12 23:00:00,121,0,0,0,0,0
2021-08-13 00:00:00,0,64,1,56,121,0
2021-08-13 01:00:00,0,42,0,79,121,0
2021-08-13 02:00:00,0,14,0,107,121,24
2021-08-13 03:00:00,0,36,0,85,121,8
2021-08-13 04:00:00,0,80,0,41,121,21
2021-08-13 05:00:00,0,42,0,79,121,26
2021-08-13 06:00:00,0,94,0,27,121,16
2021-08-13 07:00:00,0,119,0,2,121,0
2021-08-13 08:00:00,0,121,0,0,121,0
2021-08-13 09:00:00,121,0,0,0,0,0
2021-08-13 10:00:00,121,0,0,0,0,0
2021-08-13 22:00:00,121,0,0,0,0,0
2021-08-13 23:00:00,121,0,0,0,0,0
2021-08-14 00:00:00,0,79,26,16,121,0
2021-08-14 01:00:00,0,44,2,75,121,0
2021-08-14 02:00:00,0,19,3,99,121,76
2021-08-14 03:00:00,0,7,0,114,121,81
2021-08-14 04:00:00,0,19,0,102,121,59
2021-08-14 05:00:00,0,10,0,111,121,52
2021-08-14 06:00:00,0,70,3,48,121,8
2021-08-14 07:00:00,0,80,2,39,121,28
2021-08-14 08:00:00,0,82,39,0,121,18
2021-08-14 09:00:00,121,0,0,0,0,0
2021-08-14 10:00:00,121,0,0,0,0,0
2021-08-14 23:00:00,121,0,0,0,0,0
2021-08-15 00:00:00,0,66,8,47,121,0
2021-08-15 01:00:00,0,22,0,99,121,7
2021-08-15 02:00:00,0,11,0,110,121,66
2021-08-15 03:00:00,0,23,0,98,121,101
2021-08-15 04:00:00,0,73,38,10,121,78
2021-08-15 05:00:00,0,79,39,3,121,98
2021-08-15 06:00:00,0,69,52,0,121,112
2021-08-15 07:00:00,0,72,44,5,121,121
2021-08-15 08:00:00,0,66,48,7,121,53
2021-08-15 09:00:00,121,0,0,0,0,0
2021-08-15 10:00:00,121,0,0,0,0,0
2021-08-15 22:00:00,121,0,0,0,0,0
2021-08-15 23:00:00,121,0,0,0,0,0
2021-08-16 00:00:00,0,42,1,78,121,0
2021-08-16 01:00:00,0,19,0,102,121,31
2021-08-16 02:00:00,0,8,0,113,121,121
2021-08-16 03:00:00,0,0,0,121,121,116
2021-08-16 04:00:00,0,2,0,119,121,99
2021-08-16 05:00:00,0,1,0,120,121,67
2021-08-16 06:00:00,0,20,0,101,121,29
2021-08-16 07:00:00,0,26,0,95,121,12
2021-08-16 08:00:00,0,52,8,61,121,3
2021-08-16 09:00:00,121,0,0,0,0,0
2021-08-16 10:00:00,121,0,0,0,0,0
2021-08-16 23:00:00,121,0,0,0,0,0
2021-08-17 00:00:00,0,52,30,39,121,0
2021-08-17 01:00:00,0,69,0,52,121,0
2021-08-17 09:00:00,121,0,0,0,0,0
2021-08-17 10:00:00,121,0,0,0,0,0
2021-08-18 00:00:00,0,81,28,12,121,0
2021-08-18 01:00:00,0,81,0,40,121,0
2021-08-18 02:00:00,0,21,0,100,121,0
2021-08-18 03:00:00,0,36,9,76,121,67
2021-08-18 04:00:00,0,46,39,36,121,106
2021-08-18 05:00:00,0,0,0,121,121,121
2021-08-18 06:00:00,0,0,0,121,121,119
2021-08-18 07:00:00,0,5,0,116,121,78
2021-08-18 08:00:00,0,38,83,0,121,0
2021-08-18 09:00:00,121,0,0,0,0,0
2021-08-18 10:00:00,121,0,0,0,0,0
2021-08-18 23:00:00,121,0,0,0,0,0
2021-08-19 00:00:00,0,12,109,0,121,0
2021-08-19 01:00:00,0,0,121,0,121,121
2021-08-19 02:00:00,0,0,121,0,121,121
2021-08-19 03:00:00,0,0,121,0,121,121
2021-08-19 04:00:00,0,0,121,0,121,121
2021-08-19 05:00:00,0,6,115,0,121,121
2021-08-19 06:00:00,0,3,118,0,121,121
2021-08-19 07:00:00,0,0,121,0,121,121
2021-08-19 08:00:00,0,0,121,0,121,42
2021-08-19 09:00:00,121,0,0,0,0,0
2021-08-19 10:00:00,121,0,0,0,0,0
2021-08-19 23:00:00,121,0,0,0,0,0
2021-08-20 00:00:00,0,120,0,1,121,0
2021-08-20 01:00:00,0,25,0,96,121,0
2021-08-20 02:00:00,0,117,0,4,121,0
2021-08-20 03:00:00,0,86,0,35,121,0
2021-08-20 04:00:00,0,30,0,91,121,0
2021-08-20 07:00:00,0,41,41,39,121,19
2021-08-20 10:00:00,121,0,0,0,0,0
2021-08-21 00:00:00,0,50,71,0,121,0
2021-08-21 01:00:00,0,121,0,0,121,0
2021-08-21 08:00:00,0,116,2,3,121,0
2021-08-21 10:00:00,121,0,0,0,0,0
2021-08-21 23:00:00,121,0,0,0,0,0
2021-08-22 00:00:00,0,119,0,2,121,0
2021-08-22 01:00:00,0,111,0,10,121,0
2021-08-22 02:00:00,0,45,0,76,121,1
2021-08-22 03:00:00,0,31,0,90,121,42
2021-08-22 04:00:00,0,14,0,107,121,33
2021-08-22 05:00:00,0,19,0,102,121,14
2021-08-22 06:00:00,0,28,0,93,121,6
2021-08-22 07:00:00,0,90,0,31,121,1
2021-08-22 08:00:00,0,121,0,0,121,0
2021-08-22 09:00:00,121,0,0,0,0,0
2021-08-22 10:00:00,121,0,0,0,0,0
2021-08-22 23:00:00,121,0,0,0,0,0
2021-08-23 00:00:00,0,117,0,4,121,0
2021-08-23 01:00:00,0,98,0,23,121,0
2021-08-23 06:00:00,0,34,84,3,121,1
2021-08-23 07:00:00,0,47,74,0,121,4
2021-08-23 08:00:00,0,67,54,0,121,0
2021-08-23 09:00:00,121,0,0,0,0,0
2021-08-23 10:00:00,121,0,0,0,0,0
2021-08-23 23:00:00,121,0,0,0,0,0
2021-08-24 00:00:00,0,40,81,0,121,0
2021-08-24 01:00:00,0,116,0,5,121,0
2021-08-24 05:00:00,0,83,0,38,121,11
2021-08-24 10:00:00,121,0,0,0,0,0
2021-08-24 23:00:00,121,0,0,0,0,0
2021-08-25 00:00:00,0,121,0,0,121,0
2021-08-25 01:00:00,0,98,0,23,121,0
2021-08-25 02:00:00,0,29,0,92,121,11
2021-08-25 03:00:00,0,56,0,65,121,32
2021-08-25 04:00:00,0,0,0,121,121,56
2021-08-25 05:00:00,0,29,0,92,121,13
2021-08-25 06:00:00,0,5,0,116,121,62
2021-08-25 07:00:00,0,88,0,33,121,23
2021-08-25 09:00:00,121,0,0,0,0,0
2021-08-25 10:00:00,121,0,0,0,0,0
2021-08-25 23:00:00,121,0,0,0,0,0
2021-08-26 00:00:00,0,94,27,0,121,0
2021-08-26 01:00:00,0,121,0,0,121,0
2021-08-26 09:00:00,121,0,0,0,0,0
2021-08-26 10:00:00,121,0,0,0,0,0
2021-08-26 23:00:00,121,0,0,0,0,0
2021-08-27 00:00:00,0,39,82,0,121,0
2021-08-27 01:00:00,0,121,0,0,121,0
2021-08-27 09:00:00,121,0,0,0,0,0
2021-08-27 10:00:00,121,0,0,0,0,0
2021-08-27 23:00:00,121,0,0,0,0,0
2021-08-28 00:00:00,0,25,96,0,121,0
2021-08-28 01:00:00,0,0,121,0,121,85
2021-08-28 02:00:00,0,0,121,0,121,102
2021-08-28 03:00:00,0,0,121,0,121,95
2021-08-28 04:00:00,0,40,81,0,121,4
2021-08-28 05:00:00,0,1,120,0,121,2
2021-08-28 10:00:00,121,0,0,0,0,0
2021-08-28 23:00:00,121,0,0,0,0,0
2021-08-29 00:00:00,0,6,115,0,121,0
2021-08-29 01:00:00,0,93,28,0,121,0
2021-08-29 06:00:00,0,110,0,11,121,0
2021-08-29 08:00:00,0,46,75,0,121,0
2021-08-29 09:00:00,121,0,0,0,0,0
2021-08-29 10:00:00,121,0,0,0,0,0
2021-08-29 23:00:00,121,0,0,0,0,0
2021-08-30 00:00:00,0,20,101,0,121,0
2021-08-30 01:00:00,0,116,5,0,121,0
2021-08-30 02:00:00,0,121,0,0,121,0
2021-08-30 03:00:00,0,119,2,0,121,7
2021-08-30 04:00:00,0,121,0,0,121,0
2021-08-30 05:00:00,0,119,2,0,121,62
2021-08-30 06:00:00,0,1,120,0,121,115
2021-08-30 07:00:00,0,0,121,0,121,0
2021-08-30 08:00:00,0,86,35,0,121,0
2021-08-30 09:00:00,121,0,0,0,0,0
2021-08-30 10:00:00,121,0,0,0,0,0
2021-08-30 23:00:00,121,0,0,0,0,0
2021-08-31 00:00:00,0,73,0,48,121,0
2021-08-31 01:00:00,0,57,0,64,121,0
2021-08-31 02:00:00,0,15,0,106,121,0
2021-08-31 03:00:00,0,40,0,81,121,2
2021-08-31 05:00:00,0,70,12,39,121,8
2021-08-31 06:00:00,0,64,0,57,121,10
2021-08-31 07:00:00,0,110,0,11,121,0
2021-08-31 09:00:00,121,0,0,0,0,0
2021-08-31 10:00:00,121,0,0,0,0,0
2021-08-31 23:00:00,121,0,0,0,0,0
2021-09-01 00:00:00,0,0,121,0,121,0
2021-09-01 01:00:00,0,109,12,0,121,0
2021-09-01 09:00:00,121,0,0,0,0,0
2021-09-01 10:00:00,121,0,0,0,0,0
2021-09-01 23:00:00,121,0,0,0,0,0
2021-09-02 00:00:00,0,3,118,0,121,0
2021-09-02 01:00:00,0,115,6,0,121,0
2021-09-02 08:00:00,0,120,1,0,121,0
2021-09-02 09:00:00,121,0,0,0,0,0
2021-09-02 10:00:00,121,0,0,0,0,0
2021-09-02 23:00:00,121,0,0,0,0,0
2021-09-03 00:00:00,0,2,119,0,121,0
2021-09-03 01:00:00,0,115,6,0,121,0
2021-09-03 03:00:00,0,121,0,0,121,0
2021-09-03 04:00:00,0,121,0,0,121,0
2021-09-03 06:00:00,0,121,0,0,121,0
2021-09-03 08:00:00,0,111,10,0,121,0
2021-09-03 09:00:00,121,0,0,0,0,0
2021-09-03 10:00:00,121,0,0,0,0,0
2021-09-03 23:00:00,121,0,0,0,0,0
2021-09-04 00:00:00,2,48,71,0,119,0
2021-09-04 01:00:00,0,37,75,9,121,71
2021-09-04 02:00:00,0,38,29,54,121,110
2021-09-04 03:00:00,0,11,3,107,121,103
2021-09-04 04:00:00,0,0,0,121,121,121
2021-09-04 05:00:00,0,3,0,118,121,109
2021-09-04 06:00:00,0,1,0,120,121,109
2021-09-04 07:00:00,0,5,0,116,121,119
2021-09-04 08:00:00,0,102,17,2,121,0
2021-09-04 09:00:00,121,0,0,0,0,0
2021-09-04 10:00:00,121,0,0,0,0,0
2021-09-04 23:00:00,121,0,0,0,0,0
2021-09-05 00:00:00,60,61,0,0,61,0
2021-09-05 01:00:00,0,117,0,4,121,9
2021-09-05 02:00:00,0,71,0,50,121,102
2021-09-05 03:00:00,0,117,0,4,121,121
2021-09-05 04:00:00,0,62,58,1,121,121
2021-09-05 05:00:00,0,0,121,0,121,121
2021-09-05 06:00:00,0,1,120,0,121,121
2021-09-05 07:00:00,0,88,15,18,121,27
2021-09-05 08:00:00,0,79,0,42,121,0
2021-09-05 09:00:00,121,0,0,0,0,0
2021-09-05 10:00:00,121,0,0,0,0,0
2021-09-05 23:00:00,121,0,0,0,0,0
2021-09-06 00:00:00,119,0,2,0,2,0
2021-09-06 01:00:00,0,81,10,30,121,0
2021-09-06 02:00:00,0,41,37,43,121,80
2021-09-06 03:00:00,0,1,0,120,121,83
2021-09-06 08:00:00,0,119,2,0,121,0
2021-09-06 09:00:00,121,0,0,0,0,0
2021-09-06 10:00:00,121,0,0,0,0,0
2021-09-06 23:00:00,121,0,0,0,0,0
2021-09-07 00:00:00,121,0,0,0,0,0
2021-09-07 01:00:00,0,121,0,0,121,0
2021-09-07 05:00:00,0,121,0,0,121,0
2021-09-07 08:00:00,0,117,4,0,121,0
2021-09-07 09:00:00,121,0,0,0,0,0
2021-09-07 10:00:00,121,0,0,0,0,0
2021-09-07 23:00:00,121,0,0,0,0,0
2021-09-08 00:00:00,121,0,0,0,0,0
2021-09-08 01:00:00,0,121,0,0,121,0
2021-09-08 07:00:00,0,100,5,16,121,44
2021-09-08 09:00:00,121,0,0,0,0,0
2021-09-08 23:00:00,121,0,0,0,0,0
2021-09-09 00:00:00,121,0,0,0,0,0
2021-09-09 01:00:00,0,74,0,47,121,0
2021-09-09 02:00:00,0,89,0,32,121,0
2021-09-09 03:00:00,0,40,0,81,121,61
2021-09-09 04:00:00,0,0,0,121,121,71
2021-09-09 05:00:00,0,0,0,121,121,40
2021-09-09 06:00:00,0,71,0,50,121,7
2021-09-09 07:00:00,0,103,0,18,121,0
2021-09-09 08:00:00,0,100,0,21,121,0
2021-09-09 09:00:00,121,0,0,0,0,0
2021-09-09 10:00:00,121,0,0,0,0,0
2021-09-09 23:00:00,121,0,0,0,0,0
2021-09-10 00:00:00,121,0,0,0,0,0
2021-09-10 01:00:00,0,120,1,0,121,0
2021-09-10 08:00:00,0,118,3,0,121,0
2021-09-10 09:00:00,121,0,0,0,0,0
2021-09-10 10:00:00,121,0,0,0,0,0
2021-09-10 23:00:00,121,0,0,0,0,0
2021-09-11 00:00:00,121,0,0,0,0,0
2021-09-11 01:00:00,0,109,8,4,121,0
2021-09-11 03:00:00,0,121,0,0,121,0
2021-09-11 08:00:00,0,109,12,0,121,0
2021-09-11 09:00:00,121,0,0,0,0,0
2021-09-11 23:00:00,121,0,0,0,0,0
2021-09-12 00:00:00,121,0,0,0,0,0
2021-09-12 01:00:00,0,43,0,78,121,0
2021-09-12 02:00:00,0,1,0,120,121,96
2021-09-12 03:00:00,0,0,0,121,121,121
2021-09-12 04:00:00,0,0,0,121,121,121
2021-09-12 05:00:00,0,0,0,121,121,121
2021-09-12 06:00:00,0,0,0,121,121,121
2021-09-12 07:00:00,0,5,0,116,121,111
2021-09-12 08:00:00,0,115,0,6,121,0
2021-09-12 09:00:00,121,0,0,0,0,0
2021-09-12 23:00:00,121,0,0,0,0,0
2021-09-13 00:00:00,121,0,0,0,0,0
2021-09-13 01:00:00,0,64,32,25,121,0
2021-09-13 06:00:00,0,121,0,0,121,0
2021-09-13 07:00:00,0,68,0,53,121,0
2021-09-13 08:00:00,0,83,38,0,121,0
2021-09-13 09:00:00,121,0,0,0,0,0
2021-09-13 23:00:00,121,0,0,0,0,0
2021-09-14 00:00:00,121,0,0,0,0,0
2021-09-14 01:00:00,0,55,0,66,121,0
2021-09-14 02:00:00,0,2,0,119,121,58
2021-09-14 03:00:00,0,0,0,121,121,120
2021-09-14 04:00:00,0,0,0,121,121,81
2021-09-14 05:00:00,0,0,0,121,121,56
2021-09-14 06:00:00,0,0,0,121,121,17
2021-09-14 07:00:00,0,51,0,70,121,0
2021-09-14 08:00:00,0,117,4,0,121,0
2021-09-14 09:00:00,121,0,0,0,0,0
2021-09-14 23:00:00,121,0,0,0,0,0
2021-09-15 00:00:00,121,0,0,0,0,0
2021-09-15 01:00:00,0,30,0,91,121,4
2021-09-15 02:00:00,0,0,0,121,121,118
2021-09-15 03:00:00,0,0,0,121,121,117
2021-09-15 04:00:00,0,0,0,121,121,73
2021-09-15 05:00:00,0,2,0,119,121,116
2021-09-15 06:00:00,0,0,0,121,121,25
2021-09-15 07:00:00,0,37,0,84,121,0
2021-09-15 08:00:00,0,86,0,35,121,0
2021-09-15 09:00:00,121,0,0,0,0,0
2021-09-15 23:00:00,121,0,0,0,0,0
2021-09-16 00:00:00,121,0,0,0,0,0
2021-09-16 01:00:00,0,99,0,22,121,0
2021-09-16 02:00:00,0,0,0,121,121,116
2021-09-16 03:00:00,0,0,0,121,121,121
2021-09-16 04:00:00,0,46,0,75,121,121
2021-09-16 05:00:00,0,15,78,28,121,91
2021-09-16 06:00:00,0,54,44,23,121,15
2021-09-16 07:00:00,0,19,7,95,121,0
2021-09-16 08:00:00,0,61,30,30,121,0
2021-09-16 09:00:00,121,0,0,0,0,0
2021-09-16 23:00:00,121,0,0,0,0,0
2021-09-17 00:00:00,121,0,0,0,0,0
2021-09-17 01:00:00,0,121,0,0,121,0
2021-09-17 06:00:00,0,121,0,0,121,0
2021-09-17 07:00:00,0,121,0,0,121,0
2021-09-17 09:00:00,121,0,0,0,0,0
2021-09-17 23:00:00,121,0,0,0,0,0
2021-09-18 00:00:00,121,0,0,0,0,0
2021-09-18 01:00:00,0,119,2,0,121,0
2021-09-18 02:00:00,0,98,23,0,121,0
2021-09-18 03:00:00,0,3,118,0,121,0
2021-09-18 04:00:00,0,0,121,0,121,61
2021-09-18 05:00:00,0,0,121,0,121,119
2021-09-18 06:00:00,0,0,121,0,121,81
2021-09-18 07:00:00,0,0,121,0,121,0
2021-09-18 08:00:00,53,0,68,0,68,0
2021-09-18 09:00:00,121,0,0,0,0,0
2021-09-18 23:00:00,121,0,0,0,0,0
2021-09-19 00:00:00,121,0,0,0,0,0
2021-09-19 01:00:00,0,0,121,0,121,0
2021-09-19 02:00:00,0,0,121,0,121,82
2021-09-19 03:00:00,0,0,121,0,121,121
2021-09-19 04:00:00,0,0,121,0,121,121
2021-09-19 05:00:00,0,0,121,0,121,121
2021-09-19 06:00:00,0,0,121,0,121,121
2021-09-19 07:00:00,0,0,121,0,121,80
2021-09-19 08:00:00,121,0,0,0,0,0
2021-09-19 09:00:00,121,0,0,0,0,0
2021-09-19 23:00:00,121,0,0,0,0,0
2021-09-20 00:00:00,121,0,0,0,0,0
2021-09-20 01:00:00,0,9,112,0,121,63
2021-09-20 02:00:00,0,11,110,0,121,115
2021-09-20 03:00:00,0,7,114,0,121,121
2021-09-20 04:00:00,0,18,96,7,121,121
2021-09-20 05:00:00,0,20,35,66,121,95
2021-09-20 06:00:00,0,14,0,107,121,33
2021-09-20 07:00:00,0,105,0,16,121,0
2021-09-20 08:00:00,121,0,0,0,0,0
2021-09-20 09:00:00,121,0,0,0,0,0
2021-09-20 23:00:00,121,0,0,0,0,0
2021-09-21 00:00:00,121,0,0,0,0,0
2021-09-21 01:00:00,0,121,0,0,121,0
2021-09-21 04:00:00,0,70,0,51,121,0
2021-09-21 09:00:00,121,0,0,0,0,0
2021-09-21 23:00:00,121,0,0,0,0,0
2021-09-22 00:00:00,121,0,0,0,0,0
2021-09-22 01:00:00,0,121,0,0,121,0
2021-09-22 09:00:00,121,0,0,0,0,0
2021-09-22 23:00:00,121,0,0,0,0,0
2021-09-23 00:00:00,121,0,0,0,0,0
2021-09-23 01:00:00,0,121,0,0,121,0
2021-09-23 02:00:00,0,45,0,76,121,0
2021-09-23 03:00:00,0,21,0,100,121,0
2021-09-23 07:00:00,0,121,0,0,121,0
2021-09-23 08:00:00,121,0,0,0,0,0
2021-09-23 09:00:00,121,0,0,0,0,0
2021-09-23 23:00:00,121,0,0,0,0,0
2021-09-24 00:00:00,121,0,0,0,0,0
2021-09-24 01:00:00,0,79,3,39,121,0
2021-09-24 02:00:00,0,57,20,44,121,121
2021-09-24 03:00:00,0,86,35,0,121,121
2021-09-24 04:00:00,0,33,88,0,121,121
2021-09-24 05:00:00,0,2,119,0,121,121
2021-09-24 06:00:00,0,0,121,0,121,121
2021-09-24 07:00:00,0,0,121,0,121,3
2021-09-24 08:00:00,121,0,0,0,0,0
2021-09-24 09:00:00,121,0,0,0,0,0
2021-09-24 23:00:00,121,0,0,0,0,0
2021-09-25 00:00:00,121,0,0,0,0,0
2021-09-25 01:00:00,0,29,0,92,121,0
2021-09-25 02:00:00,0,25,0,96,121,0
2021-09-25 04:00:00,0,120,0,1,121,0
2021-09-25 05:00:00,0,48,27,46,121,36
2021-09-25 06:00:00,0,41,80,0,121,55
2021-09-25 07:00:00,0,95,26,0,121,0
2021-09-25 08:00:00,121,0,0,0,0,0
2021-09-25 09:00:00,121,0,0,0,0,0
2021-09-25 23:00:00,121,0,0,0,0,0
2021-09-26 00:00:00,121,0,0,0,0,0
2021-09-26 01:00:00,0,119,2,0,121,0
2021-09-26 02:00:00,0,112,6,3,121,86
2021-09-26 03:00:00,0,59,32,30,121,112
2021-09-26 04:00:00,0,78,7,36,121,121
2021-09-26 05:00:00,0,0,121,0,121,121
2021-09-26 06:00:00,0,0,121,0,121,113
2021-09-26 07:00:00,0,24,96,1,121,0
2021-09-26 08:00:00,121,0,0,0,0,0
2021-09-26 09:00:00,121,0,0,0,0,0
2021-09-26 23:00:00,121,0,0,0,0,0
2021-09-27 00:00:00,121,0,0,0,0,0
2021-09-27 01:00:00,0,121,0,0,121,0
2021-09-27 06:00:00,0,121,0,0,121,0
2021-09-27 08:00:00,121,0,0,0,0,0
2021-09-27 09:00:00,121,0,0,0,0,0
2021-09-27 23:00:00,121,0,0,0,0,0
2021-09-28 00:00:00,121,0,0,0,0,0
2021-09-28 01:00:00,0,118,3,0,121,0
2021-09-28 02:00:00,0,59,62,0,121,0
2021-09-28 03:00:00,0,75,46,0,121,0
2021-09-28 04:00:00,0,116,5,0,121,0
2021-09-28 05:00:00,0,76,45,0,121,0
2021-09-28 06:00:00,0,119,2,0,121,0
2021-09-28 07:00:00,0,114,0,7,121,0
2021-09-28 08:00:00,121,0,0,0,0,0
2021-09-28 09:00:00,121,0,0,0,0,0
2021-09-28 23:00:00,121,0,0,0,0,0
2021-09-29 00:00:00,121,0,0,0,0,0
2021-09-29 01:00:00,0,121,0,0,121,0
2021-09-29 08:00:00,121,0,0,0,0,0
2021-09-29 09:00:00,121,0,0,0,0,0
2021-09-29 23:00:00,121,0,0,0,0,0
2021-09-30 00:00:00,121,0,0,0,0,0
2021-09-30 01:00:00,0,11,0,110,121,0
2021-09-30 02:00:00,0,36,11,74,121,0
2021-09-30 03:00:00,0,53,15,53,121,48
2021-09-30 04:00:00,0,0,0,121,121,71
2021-09-30 05:00:00,0,48,0,73,121,15
2021-09-30 06:00:00,0,30,0,91,121,0
2021-09-30 07:00:00,0,121,0,0,121,0
2021-09-30 08:00:00,121,0,0,0,0,0
2021-09-30 09:00:00,121,0,0,0,0,0
2021-10-01 00:00:00,121,0,0,0,0,0
2021-10-01 01:00:00,0,79,0,42,121,0
2021-10-01 09:00:00,121,0,0,0,0,0
2021-10-01 23:00:00,121,0,0,0,0,0
2021-10-02 00:00:00,121,0,0,0,0,0
2021-10-02 01:00:00,0,8,0,113,121,0
2021-10-02 02:00:00,0,0,0,121,121,1
2021-10-02 03:00:00,0,0,0,121,121,111
2021-10-02 04:00:00,0,0,0,121,121,121
2021-10-02 05:00:00,0,0,0,121,121,121
2021-10-02 06:00:00,0,0,0,121,121,101
2021-10-02 07:00:00,0,74,0,47,121,0
2021-10-02 08:00:00,121,0,0,0,0,0
2021-10-02 09:00:00,121,0,0,0,0,0
2021-10-02 23:00:00,121,0,0,0,0,0
2021-10-03 00:00:00,121,0,0,0,0,0
2021-10-03 01:00:00,0,94,0,27,121,0
2021-10-03 02:00:00,0,121,0,0,121,7
2021-10-03 03:00:00,0,116,0,5,121,78
2021-10-03 04:00:00,0,98,0,23,121,121
2021-10-03 05:00:00,0,120,0,1,121,121
2021-10-03 06:00:00,0,119,2,0,121,73
2021-10-03 07:00:00,0,73,48,0,121,0
2021-10-03 08:00:00,121,0,0,0,0,0
2021-10-03 09:00:00,121,0,0,0,0,0
2021-10-03 23:00:00,121,0,0,0,0,0
2021-10-04 00:00:00,121,0,0,0,0,0
2021-10-04 01:00:00,0,37,84,0,121,0
2021-10-04 02:00:00,0,0,121,0,121,8
2021-10-04 03:00:00,0,0,121,0,121,121
2021-10-04 04:00:00,0,0,121,0,121,121
2021-10-04 05:00:00,0,0,121,0,121,121
2021-10-04 06:00:00,0,0,121,0,121,121
2021-10-04 07:00:00,0,0,121,0,121,0
2021-10-04 08:00:00,121,0,0,0,0,0
2021-10-04 09:00:00,121,0,0,0,0,0
2021-10-04 23:00:00,121,0,0,0,0,0
2021-10-05 00:00:00,121,0,0,0,0,0
2021-10-05 01:00:00,0,52,67,2,121,0
2021-10-05 02:00:00,0,23,8,90,121,0
2021-10-05 03:00:00,0,46,75,0,121,0
2021-10-05 04:00:00,0,15,106,0,121,117
2021-10-05 05:00:00,0,0,121,0,121,114
2021-10-05 06:00:00,0,0,121,0,121,66
2021-10-05 07:00:00,0,0,121,0,121,0
2021-10-05 08:00:00,121,0,0,0,0,0
2021-10-05 09:00:00,121,0,0,0,0,0
2021-10-05 23:00:00,121,0,0,0,0,0
2021-10-06 00:00:00,121,0,0,0,0,0
2021-10-06 01:00:00,0,106,0,15,121,0
2021-10-06 02:00:00,0,76,7,38,121,114
2021-10-06 03:00:00,0,0,121,0,121,121
2021-10-06 04:00:00,0,0,121,0,121,121
2021-10-06 05:00:00,0,0,121,0,121,121
2021-10-06 06:00:00,0,0,121,0,121,118
2021-10-06 07:00:00,0,0,121,0,121,0
2021-10-06 08:00:00,121,0,0,0,0,0
2021-10-06 09:00:00,121,0,0,0,0,0
2021-10-06 23:00:00,121,0,0,0,0,0
2021-10-07 00:00:00,121,0,0,0,0,0
2021-10-07 01:00:00,0,116,0,5,121,0
2021-10-07 03:00:00,0,121,0,0,121,0
2021-10-07 08:00:00,121,0,0,0,0,0
2021-10-07 09:00:00,121,0,0,0,0,0
2021-10-07 23:00:00,121,0,0,0,0,0
2021-10-08 00:00:00,121,0,0,0,0,0
2021-10-08 01:00:00,0,121,0,0,121,0
2021-10-08 02:00:00,0,121,0,0,121,0
2021-10-08 03:00:00,0,121,0,0,121,0
2021-10-08 06:00:00,0,121,0,0,121,0
2021-10-08 08:00:00,121,0,0,0,0,0
2021-10-08 09:00:00,121,0,0,0,0,0
2021-10-08 23:00:00,121,0,0,0,0,0
2021-10-09 00:00:00,121,0,0,0,0,0
2021-10-09 01:00:00,0,99,2,20,121,0
2021-10-09 02:00:00,0,64,0,57,121,88
2021-10-09 03:00:00,0,43,0,78,121,121
2021-10-09 04:00:00,0,36,85,0,121,121
2021-10-09 05:00:00,0,42,79,0,121,121
2021-10-09 06:00:00,0,82,13,26,121,110
2021-10-09 07:00:00,0,51,66,4,121,0
2021-10-09 08:00:00,121,0,0,0,0,0
2021-10-09 09:00:00,121,0,0,0,0,0
2021-10-10 00:00:00,121,0,0,0,0,0
2021-10-10 01:00:00,0,97,2,22,121,0
2021-10-10 02:00:00,0,48,0,73,121,0
2021-10-10 03:00:00,0,27,0,94,121,13
2021-10-10 06:00:00,0,121,0,0,121,0
2021-10-10 07:00:00,0,114,7,0,121,0
2021-10-10 08:00:00,121,0,0,0,0,0
2021-10-10 09:00:00,121,0,0,0,0,0
2021-10-10 23:00:00,121,0,0,0,0,0
2021-10-11 00:00:00,121,0,0,0,0,0
2021-10-11 01:00:00,0,121,0,0,121,0
2021-10-11 03:00:00,0,121,0,0,121,0
2021-10-11 09:00:00,121,0,0,0,0,0
2021-10-11 23:00:00,121,0,0,0,0,0
2021-10-12 00:00:00,121,0,0,0,0,0
2021-10-12 01:00:00,0,121,0,0,121,0
2021-10-12 03:00:00,0,121,0,0,121,0
2021-10-12 09:00:00,121,0,0,0,0,0
2021-10-12 23:00:00,121,0,0,0,0,0
2021-10-13 00:00:00,121,0,0,0,0,0
2021-10-13 01:00:00,0,82,1,38,121,0
2021-10-13 03:00:00,0,63,0,58,121,0
2021-10-13 04:00:00,0,18,0,103,121,0
2021-10-13 06:00:00,0,118,0,3,121,0
2021-10-13 07:00:00,0,107,14,0,121,0
2021-10-13 08:00:00,121,0,0,0,0,0
2021-10-13 09:00:00,121,0,0,0,0,0
2021-10-13 23:00:00,121,0,0,0,0,0
2021-10-14 00:00:00,121,0,0,0,0,0
2021-10-14 01:00:00,0,91,4,26,121,0
2021-10-14 02:00:00,0,63,52,6,121,20
2021-10-14 03:00:00,0,15,106,0,121,75
2021-10-14 04:00:00,0,29,20,72,121,108
2021-10-14 05:00:00,0,32,84,5,121,59
2021-10-14 06:00:00,0,103,15,3,121,0
2021-10-14 07:00:00,0,54,0,67,121,0
2021-10-14 08:00:00,121,0,0,0,0,0
2021-10-14 09:00:00,121,0,0,0,0,0
2021-10-14 23:00:00,121,0,0,0,0,0
2021-10-15 00:00:00,121,0,0,0,0,0
2021-10-15 01:00:00,0,120,1,0,121,0
2021-10-15 02:00:00,0,121,0,0,121,0
2021-10-15 03:00:00,0,117,4,0,121,0
2021-10-15 04:00:00,0,121,0,0,121,0
2021-10-15 05:00:00,0,84,0,37,121,0
2021-10-15 08:00:00,121,0,0,0,0,0
2021-10-15 09:00:00,121,0,0,0,0,0
2021-10-15 23:00:00,121,0,0,0,0,0
2021-10-16 00:00:00,121,0,0,0,0,0
2021-10-16 01:00:00,0,121,0,0,121,0
2021-10-16 03:00:00,0,121,0,0,121,0
2021-10-16 09:00:00,121,0,0,0,0,0
2021-10-16 23:00:00,121,0,0,0,0,0
2021-10-17 00:00:00,121,0,0,0,0,0
2021-10-17 01:00:00,0,121,0,0,121,0
2021-10-17 03:00:00,0,121,0,0,121,0
2021-10-17 09:00:00,121,0,0,0,0,0
2021-10-18 00:00:00,121,0,0,0,0,0
2021-10-18 01:00:00,0,121,0,0,121,0
2021-10-18 02:00:00,0,121,0,0,121,0
2021-10-18 03:00:00,0,121,0,0,121,0
2021-10-18 07:00:00,93,28,0,0,28,0
2021-10-18 08:00:00,121,0,0,0,0,0
2021-10-19 00:00:00,121,0,0,0,0,0
2021-10-19 01:00:00,0,121,0,0,121,0
2021-10-19 07:00:00,121,0,0,0,0,0
2021-10-20 00:00:00,121,0,0,0,0,0
2021-10-20 01:00:00,61,44,16,0,60,0
2021-10-20 02:00:00,0,121,0,0,121,0
2021-10-20 08:00:00,121,0,0,0,0,0
2021-10-21 00:00:00,121,0,0,0,0,0
2021-10-21 01:00:00,121,0,0,0,0,0
2021-10-21 02:00:00,0,121,0,0,121,0
2021-10-21 03:00:00,0,121,0,0,121,0
2021-10-22 00:00:00,121,0,0,0,0,0
2021-10-22 01:00:00,121,0,0,0,0,0
2021-10-22 02:00:00,0,121,0,0,121,0
2021-10-22 03:00:00,0,121,0,0,121,0
2021-10-22 08:00:00,121,0,0,0,0,0
2021-10-23 00:00:00,121,0,0,0,0,0
2021-10-23 01:00:00,121,0,0,0,0,0
2021-10-23 02:00:00,0,121,0,0,121,0
2021-10-23 03:00:00,0,121,0,0,121,0
2021-10-23 07:00:00,121,0,0,0,0,0
2021-10-23 08:00:00,121,0,0,0,0,0
2021-10-24 00:00:00,121,0,0,0,0,0
2021-10-24 01:00:00,121,0,0,0,0,0
2021-10-24 02:00:00,0,121,0,0,121,0
2021-10-24 03:00:00,0,121,0,0,121,0
2021-10-24 04:00:00,0,119,0,2,121,0
2021-10-24 05:00:00,0,78,0,43,121,0
2021-10-24 06:00:00,0,121,0,0,121,0
2021-10-24 07:00:00,121,0,0,0,0,0
2021-10-24 08:00:00,121,0,0,0,0,0
2021-10-25 00:00:00,121,0,0,0,0,0
2021-10-25 01:00:00,121,0,0,0,0,0
2021-10-25 02:00:00,0,121,0,0,121,0
2021-10-25 03:00:00,0,121,0,0,121,0
2021-10-25 04:00:00,0,121,0,0,121,0
2021-10-25 05:00:00,0,120,0,1,121,0
2021-10-25 06:00:00,0,121,0,0,121,0
2021-10-25 07:00:00,121,0,0,0,0,0
2021-10-25 08:00:00,121,0,0,0,0,0
2021-10-26 00:00:00,121,0,0,0,0,0
2021-10-26 01:00:00,121,0,0,0,0,0
2021-10-26 02:00:00,0,121,0,0,121,0
2021-10-26 06:00:00,0,121,0,0,121,0
2021-10-27 00:00:00,121,0,0,0,0,0
2021-10-27 01:00:00,121,0,0,0,0,0
2021-10-27 02:00:00,0,121,0,0,121,0
2021-10-27 06:00:00,0,121,0,0,121,0
2021-10-27 07:00:00,121,0,0,0,0,0
2021-10-29 00:00:00,121,0,0,0,0,0
2021-10-29 01:00:00,121,0,0,0,0,0
2021-10-29 02:00:00,0,116,0,5,121,0
2021-10-29 03:00:00,0,121,0,0,121,0
2021-10-29 04:00:00,0,117,0,4,121,0
2021-10-29 05:00:00,0,110,0,11,121,0
2021-10-29 06:00:00,0,121,0,0,121,0
2021-10-29 07:00:00,121,0,0,0,0,0
2021-10-29 08:00:00,121,0,0,0,0,0
2021-10-30 00:00:00,121,0,0,0,0,0
2021-10-30 01:00:00,121,0,0,0,0,0
2021-10-30 02:00:00,0,121,0,0,121,0
2021-10-30 03:00:00,0,121,0,0,121,0
2021-10-30 04:00:00,0,111,0,10,121,0
2021-10-30 06:00:00,0,121,0,0,121,0
2021-10-30 07:00:00,121,0,0,0,0,0
2021-10-30 08:00:00,121,0,0,0,0,0
2021-10-31 02:00:00,0,121,0,0,121,0
2021-10-31 06:00:00,0,121,0,0,121,0
2021-10-31 07:00:00,121,0,0,0,0,0
2021-10-31 08:00:00,121,0,0,0,0,0
